click_id,campaign_id,creative_id,platform,click_timestamp,cost_per_click,raw_utm_url,conversion_value
427928,1013,5604,meta,2025-12-04T02:57:57Z,8.1,https://valuetainment.com/?utm_campaign=pat_lib_&utm_medium=cpc&utm_source=meta,
964170,1011,5718,Meta,2025-12-04 14:17:08,9.06,https://valuetainment.com/?utm_campaign=consult dfy retgt&utm_medium=Paid_Social&utm_source=google,
566794,1002,5223,TikTok,12/27/2025 22:26,5.37,https://valuetainment.com/?utm_medium=ppc&utm_campaign=BRAND_GS_PROMO&utm_source=facebook,170.17
398752,1011,5203,GOOGLE,11/20/2025 09:30,5.36,https://valuetainment.com/?utm_campaign= consult_dfy_retgt &utm_medium=CPC&utm_source=TikTok,
616889,1008,5025,META,2026-03-09T12:59:05Z,6.31,https://valuetainment.com/?utm_source=facebook&utm_campaign= brand_fx_sponsor &utm_medium=Paid_Social,
298041,1013,5142,Meta,10/06/2025 12:53,0.72,https://valuetainment.com/?utm_medium=cpc&utm_source=meta&utm_campaign=Pat_lib_bundle,553.09
429719,1005,5225,META,11/23/2025 19:43,10.22,https://valuetainment.com/?utm_source=TikTok&utm_campaign=pbd--retarget--warm!!&utm_medium=Paid_Social,
889137,1015,5089,Meta,2025-10-19T10:01:30Z,5.4,https://valuetainment.com/?utm_campaign=pbdytremarketing&utm_source=facebook,
785010,1001,5828,GOOGLE,01/24/2026 21:40,2.2,https://valuetainment.com/?utm_source=facebook&utm_campaign=PBD_POD_PROSP_Q1&utm_medium=cpc,
174323,1008,5558,Meta,2025-11-03T15:23:29Z,7.6,https://valuetainment.com/?utm_campaign=Brand_fx_sponsor&utm_medium=ppc&utm_source=Google,3.68
459909,1011,5558,google,2026-01-07T06:44:43Z,10.82,https://valuetainment.com/?utm_source=facebook&utm_medium=CPC&utm_campaign=Consult_dfy_retgt,
367870,1008,5654,Google,02/23/2026 18:15,2.34,https://valuetainment.com/?utm_campaign=brand_fx_sponsor&utm_medium=CPC&utm_source=meta,657.59
652796,1012,5754,meta,2026-04-26T09:02:24Z,1.0,https://valuetainment.com/?utm_medium=paid&utm_source=Google&utm_campaign=VT_SUMMIT_VIP,
356428,1011,5030,meta,2026-02-05 06:12:16,9.65,https://valuetainment.com/?utm_campaign=consult-dfy-retgt&utm_medium=cpc&utm_source=Google,683.55
462486,1005,5250,Meta,11/20/2025 07:17,10.31,https://valuetainment.com/?utm_campaign= pbd_retarget_warm &utm_source=facebook,465.5
567595,1007,5603,google,2025-11-22T16:48:35Z,1.81,https://valuetainment.com/?utm_source=META&utm_medium=cpc&utm_campaign=vt_summit_l@stc@ll,738.41
250656,1013,5281,META,2025-10-02T00:47:53Z,4.82,https://valuetainment.com/?utm_campaign=pat--lib--bundle!!&utm_source=tiktok,
628486,1002,5223,Meta,03/26/2026 12:22,3.3,https://valuetainment.com/?utm_source=meta&utm_campaign=brand-gs-promo&utm_medium=cpc,430.38
257981,1009,5654,META,2026-03-23T12:15:54Z,2.75,https://valuetainment.com/?utm_source=tik_tok&utm_campaign=le@dership_101_ev&utm_medium=ppc,696.86
267545,1007,5828,Meta,2025-11-02T13:24:38Z,,https://valuetainment.com/?utm_source=google&utm_medium=Paid_Social&utm_campaign=vt_summit_lastcall,47.37
114895,1012,5006,meta,2026-02-06T01:01:51Z,0.67,https://valuetainment.com/?utm_source=facebook&utm_medium=ppc&utm_campaign=Vt_summit_vip,645.14
947752,1011,5027,META ,11/11/2025 13:23,7.18,https://valuetainment.com/?utm_source=tik_tok&utm_campaign=consult-dfy-retgt&utm_medium=ppc,
212418,1001,5665,meta,2026-05-28T00:09:47Z,8.78,https://valuetainment.com/?utm_campaign=pbd_pod_prosp_q1&utm_medium=ppc&utm_source=Google,
806917,1008,5089,Meta,2026-04-02T03:01:32Z,4.51,https://valuetainment.com/?utm_campaign=brand_fx_sponsor&utm_source=facebook,81.61
401958,1013,5777,meta,05/04/2026 08:10,3.45,https://valuetainment.com/?utm_source=facebook&utm_campaign=pat--lib--bundle!!&utm_medium=CPC,306.98
760685,1007,5032,google,02/17/2026 13:23,7.33,https://valuetainment.com/?utm_medium=ppc&utm_source=Google&utm_campaign=vt_summit_lastcall,626.74
621627,1011,5432,google,2025-12-09 21:02:14,12.39,https://valuetainment.com/?utm_campaign=c0nsult_dfy_retgt&utm_medium=Paid_Social,5.37
234037,1003,5692,meta,2026-04-29T09:52:09Z,4.78,https://valuetainment.com/?utm_medium=paid&utm_source=tiktok&utm_campaign=vt summit earlybird,
896723,1008,5228,tiktok,03/22/2026 06:35,12.35,https://valuetainment.com/?utm_source=TikTok&utm_campaign=Brand_fx_sponsor,236.04
477880,1015,5142,tiktok,2025-10-12 20:52:10,3.75,https://valuetainment.com/?utm_source=TikTok&utm_campaign= pbd_yt_remarketing &utm_medium=CPC,404.1
642193,1009,5225,meta,2026-01-08 09:46:06,6.1,https://valuetainment.com/?utm_campaign= leadership_101_ev &utm_source=tiktok&utm_medium=Paid_Social,431.33
413011,1008,5089,GOOGLE,10/08/2025 22:27,7.84,https://valuetainment.com/?utm_campaign= brand_fx_sponsor &utm_medium=CPC&utm_source=facebook,258.32
978051,1003,5616,Google,2025-12-23 09:06:07,1.81,https://valuetainment.com/?utm_medium=CPC&utm_source=meta&utm_campaign=Vt_summit_earlybird,10.1
329389,1007,5777,meta,2026-02-07 06:49:06,4.06,https://valuetainment.com/?utm_medium=cpc&utm_campaign=vt--summit--lastcall!!&utm_source=tiktok,20.12
443674,1005,5459,GOOGLE,2026-05-21 20:10:23,1.57,https://valuetainment.com/?utm_campaign=PBD_RETARGET_WARM&utm_source=meta&utm_medium=CPC,
191328,1015,5006,tiktok,2025-10-08 11:40:51,3.31,https://valuetainment.com/?utm_campaign= pbd_yt_remarketing &utm_medium=CPC&utm_source=tiktok,
411084,1013,5284,google,2026-06-02 15:50:56,10.77,https://valuetainment.com/?utm_campaign=patlibbundle&utm_source=TikTok&utm_medium=Paid_Social,741.46
904625,1011,5142,GOOGLE,2026-03-29T18:58:05Z,3.04,https://valuetainment.com/?utm_campaign=Consult_dfy_retgt&utm_source=Google&utm_medium=CPC,143.55
848020,1002,5616,meta,2025-10-07 21:49:45,6.71,https://valuetainment.com/?utm_campaign=br@nd_gs_pr0m0&utm_source=Google&utm_medium=ppc,214.39
241997,1001,5665,meta,2026-01-28T17:14:24Z,4.61,https://valuetainment.com/?utm_campaign=pbd_pod_prosp_q1&utm_medium=CPC&utm_source=tik_tok,31.83
220932,1009,5228,google,05/31/2026 06:40,,https://valuetainment.com/?utm_source=meta&utm_campaign=leadership_101_ev&utm_medium=CPC,45.91
681135,1011,5027,Meta,2026-04-15 09:09:32,4.06,https://valuetainment.com/?utm_medium=CPC&utm_campaign=consult-dfy-retgt&utm_source=meta,614.62
629462,1006,5733,meta,12/13/2025 18:06,,https://valuetainment.com/?utm_campaign=ceo-bootcamp-prosp&utm_source=Google,101.74
838505,1008,5574,meta,2026-05-07 10:56:37,10.17,https://valuetainment.com/?utm_campaign=brand_fx&utm_source=tik_tok&utm_medium=Paid_Social,709.3
451216,1001,5459,google,2026-05-01 20:17:50,4.02,https://valuetainment.com/?utm_campaign=PBD_POD_PROSP_Q1&utm_source=META,658.11
483328,1005,5616,GOOGLE,2025-12-04 03:07:37,11.45,https://valuetainment.com/?utm_source=facebook&utm_campaign=Pbd_retarget_warm&utm_medium=CPC,
523162,1010,5777,Meta,2026-01-08T03:16:46Z,0.71,https://valuetainment.com/?utm_campaign=pbd_cold&utm_source=meta,348.17
248468,1012,5604,tiktok,2026-06-09 23:07:39,0.68,https://valuetainment.com/?utm_source=META&utm_campaign=vt_summit_vip&utm_medium=cpc,494.7
544092,1008,5225,google,2026-03-30T11:29:51Z,5.73,https://valuetainment.com/?utm_medium=cpc&utm_campaign=brandfxsponsor&utm_source=META,50.85
669820,1001,5758,Meta,2026-05-07T12:19:16Z,3.62,https://valuetainment.com/?utm_medium=Paid_Social&utm_campaign=pbd pod prosp q1&utm_source=tik_tok,
659054,1013,5616,meta,2025-11-08T21:21:16Z,3.23,https://valuetainment.com/?utm_campaign=pat-lib-bundle&utm_medium=paid&utm_source=google,424.7
299244,1012,5095,meta,2025-12-20 16:12:10,11.51,https://valuetainment.com/?utm_medium=paid&utm_source=TikTok&utm_campaign=vt--summit--vip!!,106.04
248022,1002,5250,Meta,2026-05-18T22:37:10Z,,https://valuetainment.com/?utm_source=tiktok&utm_campaign=brand-gs-promo&utm_medium=ppc,642.07
773218,1004,5281,META ,2026-02-25T23:00:09Z,11.82,https://valuetainment.com/?utm_campaign=sales mastery lnch&utm_source=google&utm_medium=CPC,94.0
572840,1007,5114,meta,2026-06-06T02:40:06Z,2.95,https://valuetainment.com/?utm_campaign=vt summit lastcall&utm_source=TikTok,
710682,1010,5095,Meta,01/30/2026 09:57,10.69,https://valuetainment.com/?utm_campaign=pbd_cold&utm_source=Google,522.78
705125,1008,5284,google,2026-03-14T06:15:30Z,,https://valuetainment.com/?utm_source=google&utm_medium=paid&utm_campaign=br@nd_fx_sp0ns0r,
158631,1015,5558,Google,02/17/2026 09:20,4.63,https://valuetainment.com/?utm_medium=Paid_Social&utm_campaign=pbdytremarketing&utm_source=TikTok,567.05
134225,1005,5089,Meta,2026-05-31T17:57:46Z,8.97,https://valuetainment.com/?utm_source=google&utm_campaign=pbd retarget warm,363.23
918665,1003,5142,Google,11/14/2025 08:28,9.4,https://valuetainment.com/?utm_source=tiktok&utm_medium=ppc&utm_campaign=Vt_summit_earlybird,439.78
248918,1001,5223,Google,2026-03-03 23:12:42,4.82,https://valuetainment.com/?utm_medium=Paid_Social&utm_source=google&utm_campaign=pbd_p0d_pr0sp_q1,
899786,1014,5718,meta,2026-02-02T10:08:28Z,,https://valuetainment.com/?utm_source=meta&utm_medium=paid&utm_campaign=brand-protein-q2,
181998,1009,5032,TikTok,11/25/2025 11:46,10.6,https://valuetainment.com/?utm_campaign=leadership--101--ev!!&utm_medium=ppc&utm_source=TikTok,756.39
488514,1013,5114,tiktok,2026-04-22T19:44:08Z,3.58,https://valuetainment.com/?utm_campaign=patlibbundle&utm_medium=paid&utm_source=TikTok,
526807,1015,5665,meta,2026-02-11 19:38:50,6.01,https://valuetainment.com/?utm_medium=CPC&utm_campaign=pbd--yt--remarketing!!&utm_source=META,196.09
567953,1014,5238,TikTok,2025-11-26T23:45:36Z,,https://valuetainment.com/?utm_medium=Paid_Social&utm_campaign=br@nd_pr0tein_q2&utm_source=meta,409.15
640247,1013,5754,Google,2026-02-15 21:10:24,5.71,https://valuetainment.com/?utm_campaign=pat-lib-bundle&utm_source=tiktok&utm_medium=ppc,
640865,1010,5517,GOOGLE,10/12/2025 19:38,2.49,https://valuetainment.com/?utm_campaign=PBD_COLD_SCALE&utm_source=TikTok&utm_medium=Paid_Social,20.43
623376,1012,5603,google,04/22/2026 04:17,5.94,https://valuetainment.com/?utm_campaign=vt--summit--vip!!&utm_source=META&utm_medium=cpc,281.77
374433,1001,5238,Google,10/19/2025 16:04,2.21,https://valuetainment.com/?utm_source=google&utm_medium=Paid_Social&utm_campaign=pbd_p0d_pr0sp_q1,712.48
474234,1005,5114,google,2025-10-05T07:46:49Z,4.94,https://valuetainment.com/?utm_source=tiktok&utm_medium=CPC&utm_campaign=pbd--retarget--warm!!,252.24
653392,1014,5223,Meta,2025-12-15T17:45:05Z,7.77,https://valuetainment.com/?utm_source=google&utm_medium=CPC&utm_campaign=br@nd_pr0tein_q2,416.27
368958,1012,5030,Meta,05/10/2026 09:47,9.07,https://valuetainment.com/?utm_medium=cpc&utm_source=meta&utm_campaign=vt summit vip,227.85
976581,1013,5828,Google,2026-05-09 03:43:34,8.98,https://valuetainment.com/?utm_source=tik_tok&utm_campaign=pat_lib_,2.33
734122,1015,5777,META ,2026-02-27T00:37:44Z,8.91,https://valuetainment.com/?utm_source=Google&utm_campaign= pbd_yt_remarketing &utm_medium=paid,
226516,1004,5758,Meta,2025-12-24T00:51:03Z,4.25,https://valuetainment.com/?utm_campaign= sales_mastery_lnch &utm_medium=Paid_Social&utm_source=Google,760.7
214923,1008,5114,META ,2025-12-13T06:44:01Z,6.58,https://valuetainment.com/?utm_campaign=br@nd_fx_sp0ns0r&utm_medium=CPC&utm_source=tik_tok,
740476,1011,5718,meta,10/02/2025 22:35,4.75,https://valuetainment.com/?utm_medium=cpc&utm_source=META&utm_campaign=c0nsult_dfy_retgt,417.44
621429,1008,5759,meta,2026-04-12T10:57:13Z,11.81,https://valuetainment.com/?utm_campaign=brand fx sponsor&utm_medium=cpc&utm_source=META,
414901,1010,5459,Google,2026-01-14T11:43:04Z,5.01,https://valuetainment.com/?utm_campaign=PBD_COLD_SCALE&utm_medium=CPC,467.1
861241,1007,5095,TikTok,2026-04-04 16:36:38,12.02,https://valuetainment.com/?utm_campaign=vtsummitlastcall&utm_medium=Paid_Social&utm_source=facebook,321.45
698910,1005,5718,META,2025-11-12T13:41:04Z,5.81,https://valuetainment.com/?utm_campaign=pbd--retarget--warm!!&utm_source=meta,
882962,1014,5777,meta,2026-05-03T07:08:33Z,1.19,https://valuetainment.com/?utm_campaign= brand_protein_q2 &utm_medium=paid&utm_source=google,272.81
897359,1003,5027,meta,2026-04-04 00:28:18,5.33,https://valuetainment.com/?utm_campaign=VT_SUMMIT_EARLYBIRD&utm_source=facebook,
375570,1001,5692,google,03/15/2026 05:30,1.97,https://valuetainment.com/?utm_medium=CPC&utm_source=meta&utm_campaign=pbdpodprospq1,461.56
687713,1006,5142,Google,04/29/2026 22:54,10.03,https://valuetainment.com/?utm_source=tiktok&utm_campaign=ceo-bootcamp-prosp&utm_medium=Paid_Social,
879010,1012,5281,GOOGLE,2026-04-01 16:52:32,8.75,https://valuetainment.com/?utm_campaign=vt_summit_vip&utm_source=TikTok&utm_medium=CPC,203.14
200790,1015,5006,Google,06/08/2026 18:56,1.48,https://valuetainment.com/?utm_source=Google&utm_campaign=pbd_yt_rem@rketing,
180608,1012,5517,Meta,2026-06-04 23:13:47,7.57,https://valuetainment.com/?utm_source=tiktok&utm_medium=CPC&utm_campaign=vt_summit_vip,498.1
433142,1014,5890,tiktok,2026-02-16 05:11:39,8.88,https://valuetainment.com/?utm_campaign=brand_pr&utm_source=meta&utm_medium=cpc,3.5
197549,1001,5574,google,2025-12-21T02:35:59Z,9.09,https://valuetainment.com/?utm_campaign=Pbd_pod_prosp_q1&utm_source=META&utm_medium=ppc,
932881,1013,5114,meta,2026-01-08 05:38:34,0.98,https://valuetainment.com/?utm_medium=ppc&utm_campaign=pat lib bundle&utm_source=tik_tok,98.66
731429,1009,5603,google,2026-03-05 18:27:17,3.06,https://valuetainment.com/?utm_campaign=Leadership_101_ev&utm_source=google&utm_medium=cpc,
282544,1013,5284,google,12/11/2025 10:34,6.18,https://valuetainment.com/?utm_source=meta&utm_campaign=p@t_lib_bundle,
115533,1010,5603,Meta,2025-12-13 13:26:38,4.09,https://valuetainment.com/?utm_medium=cpc&utm_campaign=PBD_COLD_SCALE&utm_source=tiktok,443.66
648701,1012,5603,Meta,04/13/2026 19:54,1.33,https://valuetainment.com/?utm_campaign=vtsummitvip&utm_source=meta,457.5
158639,1013,5142,TIKTOK,2025-12-28T01:09:42Z,4.48,https://valuetainment.com/?utm_source=facebook&utm_campaign=pat lib bundle,347.44
616910,1010,5718,google,2026-03-14 23:43:48,3.77,https://valuetainment.com/?utm_source=Google&utm_medium=cpc&utm_campaign=pbd--cold--scale!!,639.88
775609,1015,5558,google,10/14/2025 03:22,8.54,https://valuetainment.com/?utm_source=tik_tok&utm_campaign=pbdytremarketing&utm_medium=paid,242.04
324411,1015,5758,google,2025-11-11 16:20:12,10.71,https://valuetainment.com/?utm_medium=CPC&utm_source=tik_tok&utm_campaign=pbd yt remarketing,558.51
396141,1002,5718,META,11/12/2025 23:47,12.18,https://valuetainment.com/?utm_source=Google&utm_campaign=Brand_gs_promo&utm_medium=paid,373.32
468889,1003,5030,google,01/06/2026 08:45,10.6,https://valuetainment.com/?utm_campaign=vt--summit--earlybird!!&utm_source=meta&utm_medium=paid,610.84
515036,1007,5459,GOOGLE,2025-11-04T01:42:11Z,10.44,https://valuetainment.com/?utm_source=tik_tok&utm_campaign=vt_summi,103.41
732275,1007,5429,google,2026-02-08T21:20:49Z,12.04,https://valuetainment.com/?utm_campaign=vt_summit_l@stc@ll&utm_medium=Paid_Social&utm_source=tiktok,
423912,1014,5225,TIKTOK,2026-04-05 18:52:03,3.55,https://valuetainment.com/?utm_campaign=br@nd_pr0tein_q2&utm_source=meta&utm_medium=CPC,
887663,1013,5758,Meta,04/30/2026 06:09,8.83,https://valuetainment.com/?utm_medium=Paid_Social&utm_source=tik_tok&utm_campaign=pat--lib--bundle!!,285.55
406646,1006,5759,GOOGLE,2025-11-19T10:27:07Z,2.66,https://valuetainment.com/?utm_medium=paid&utm_source=google&utm_campaign=CEO_BOOTCAMP_PROSP,382.61
814191,1003,5429,META ,01/24/2026 13:26,8.92,https://valuetainment.com/?utm_campaign=vt summit earlybird&utm_source=meta&utm_medium=CPC,65.82
327053,1006,5604,meta,2025-12-31T03:56:36Z,1.04,https://valuetainment.com/?utm_campaign=Ceo_bootcamp_prosp&utm_medium=ppc,684.72
752300,1001,5142,META,2026-01-22 04:19:59,,https://valuetainment.com/?utm_medium=CPC&utm_campaign= pbd_pod_prosp_q1 &utm_source=META,766.43
148903,1015,5095,Meta,2025-11-23T08:39:01Z,9.3,https://valuetainment.com/?utm_source=META&utm_campaign=pbd yt remarketing&utm_medium=CPC,
787712,1013,5558,meta,2025-11-13T22:45:54Z,2.23,https://valuetainment.com/?utm_source=Google&utm_medium=Paid_Social&utm_campaign=pat-lib-bundle,637.48
459482,1009,5616,meta,11/18/2025 14:25,2.24,https://valuetainment.com/?utm_campaign=leadership101ev,595.71
751254,1006,5758,Meta,2026-02-08 19:31:00,8.27,https://valuetainment.com/?utm_source=TikTok&utm_campaign=ceo bootcamp prosp&utm_medium=cpc,
725711,1015,5604,google,2025-11-16 02:44:36,12.17,https://valuetainment.com/?utm_source=google&utm_campaign=pbd--yt--remarketing!!,547.44
279105,1013,5238,META,2026-06-03 11:50:16,8.38,https://valuetainment.com/?utm_source=tiktok&utm_campaign=pat--lib--bundle!!,80.12
212418,1001,5665,meta,2026-05-28T00:09:47Z,8.78,https://valuetainment.com/?utm_campaign=pbd_pod_prosp_q1&utm_medium=ppc&utm_source=Google,
817909,1001,5654,Meta,12/12/2025 09:00,3.23,https://valuetainment.com/?utm_campaign=pbd_pod_&utm_source=tik_tok&utm_medium=Paid_Social,
287375,1015,5238,meta,2026-04-17 20:04:22,10.96,https://valuetainment.com/?utm_campaign=pbd yt remarketing&utm_medium=cpc,
873566,1014,5459,Meta,05/15/2026 04:56,5.91,https://valuetainment.com/?utm_source=tik_tok&utm_campaign=brand-protein-q2,690.32
907623,1010,5006,META ,12/04/2025 23:06,3.16,https://valuetainment.com/?utm_source=META&utm_campaign=pbd-cold-scale&utm_medium=paid,6.83
817953,1008,5665,tik_tok,04/16/2026 18:49,6.64,https://valuetainment.com/?utm_campaign=brand fx sponsor&utm_medium=ppc&utm_source=tik_tok,
124655,1008,5890,meta,2025-12-21 02:29:53,8.85,https://valuetainment.com/?utm_source=TikTok&utm_campaign=brand_fx_sponsor&utm_medium=ppc,32.1
620580,1007,5654,META ,10/01/2025 20:59,5.33,https://valuetainment.com/?utm_medium=ppc&utm_campaign=VT_SUMMIT_LASTCALL&utm_source=META,117.24
265612,1004,5095,tiktok,2026-04-17 11:06:48,7.89,https://valuetainment.com/?utm_campaign=sales-mastery-lnch&utm_source=TikTok,
792829,1007,5517,google,2025-11-02T22:58:32Z,8.84,https://valuetainment.com/?utm_medium=Paid_Social&utm_source=google&utm_campaign=vt-summit-lastcall,504.49
407805,1002,5603,google,2026-05-28T18:17:57Z,3.25,https://valuetainment.com/?utm_medium=ppc&utm_source=TikTok&utm_campaign=brand gs promo,783.03
683542,1011,5758,google,2026-04-23 12:21:20,12.42,https://valuetainment.com/?utm_medium=ppc&utm_campaign=CONSULT_DFY_RETGT&utm_source=google,605.94
280751,1015,5759,GOOGLE,2025-11-07T06:32:49Z,3.78,https://valuetainment.com/?utm_medium=paid&utm_source=META&utm_campaign=pbd--yt--remarketing!!,248.79
958914,1003,5025,google,2026-04-05T20:53:21Z,0.48,https://valuetainment.com/?utm_campaign=vt_summit_e@rlybird&utm_source=TikTok&utm_medium=CPC,54.05
342124,1001,5758,meta,2026-01-26T09:05:07Z,9.48,https://valuetainment.com/?utm_medium=ppc&utm_campaign= pbd_pod_prosp_q1 &utm_source=TikTok,439.19
802812,1001,5692,Meta,2026-01-06 07:23:52,,https://valuetainment.com/?utm_medium=cpc&utm_campaign=pbdpodprospq1&utm_source=Google,
168037,1005,5604,Meta,11/22/2025 03:50,6.43,https://valuetainment.com/?utm_campaign=Pbd_retarget_warm&utm_source=TikTok,113.89
382719,1013,5604,TIKTOK,2026-02-05T15:15:06Z,9.54,https://valuetainment.com/?utm_campaign=pat-lib-bundle&utm_source=TikTok,684.54
664991,1009,5025,meta,2026-02-05 12:58:01,,https://valuetainment.com/?utm_campaign=Leadership_101_ev&utm_medium=paid&utm_source=TikTok,
239563,1011,5089,Meta,2026-05-01T02:47:09Z,9.36,https://valuetainment.com/?utm_source=tiktok&utm_medium=cpc&utm_campaign=consult dfy retgt,631.63
200575,1003,5250,Meta,2026-05-30T12:32:21Z,12.17,https://valuetainment.com/?utm_campaign=VT_SUMMIT_EARLYBIRD&utm_source=tiktok&utm_medium=ppc,247.31
798024,1008,5733,META,10/12/2025 16:42,9.99,https://valuetainment.com/?utm_source=META&utm_medium=paid&utm_campaign=brand--fx--sponsor!!,534.97
192476,1004,5654,tiktok,2025-11-06T01:23:41Z,5.88,https://valuetainment.com/?utm_medium=ppc&utm_source=facebook&utm_campaign=SALES_MASTERY_LNCH,
442505,1009,5114,Meta,2025-10-30T02:34:31Z,5.12,https://valuetainment.com/?utm_source=facebook&utm_campaign=leadership-101-ev&utm_medium=paid,104.27
497753,1004,5095,meta,04/29/2026 07:36,5.64,https://valuetainment.com/?utm_medium=cpc&utm_campaign=sales_ma&utm_source=tiktok,
103026,1004,5006,Meta,03/20/2026 20:49,10.39,https://valuetainment.com/?utm_medium=Paid_Social&utm_campaign=sales mastery lnch&utm_source=tiktok,
458797,1013,5733,Meta,2026-05-15 19:05:06,11.88,https://valuetainment.com/?utm_campaign=patlibbundle&utm_source=tiktok,
901266,1005,5223,tiktok,2026-03-12T09:11:16Z,4.95,https://valuetainment.com/?utm_campaign=pbdretargetwarm&utm_medium=ppc&utm_source=tik_tok,530.2
567541,1013,5654,meta,03/01/2026 15:34,,https://valuetainment.com/?utm_medium=paid&utm_campaign=pat lib bundle&utm_source=tiktok,522.29
472365,1013,5759,tiktok,02/12/2026 12:21,7.19,https://valuetainment.com/?utm_source=tiktok&utm_campaign=p@t_lib_bundle,
355840,1010,5006,meta,2026-05-18T06:24:03Z,,https://valuetainment.com/?utm_campaign=pbd cold scale&utm_medium=CPC&utm_source=Google,
263450,1013,5027,google,11/02/2025 07:47,10.01,https://valuetainment.com/?utm_medium=ppc&utm_campaign=pat-lib-bundle,
341248,1010,5459,META ,2026-03-19T09:29:31Z,3.55,https://valuetainment.com/?utm_campaign=Pbd_cold_scale&utm_source=facebook&utm_medium=CPC,82.02
944658,1008,5203,google,2026-04-04 18:13:48,10.84,https://valuetainment.com/?utm_source=Google&utm_campaign=brand fx sponsor&utm_medium=CPC,
477559,1014,5223,meta,2026-01-31 12:28:10,6.14,https://valuetainment.com/?utm_medium=CPC&utm_source=TikTok&utm_campaign=brand_pr,162.7
375218,1014,5223,TIKTOK,2026-03-03 06:12:26,9.52,https://valuetainment.com/?utm_source=tiktok&utm_campaign=brand protein q2&utm_medium=paid,
666093,1015,5754,Meta,2026-02-05 08:07:56,1.51,https://valuetainment.com/?utm_source=TikTok&utm_campaign=pbd_yt_remarketing&utm_medium=Paid_Social,77.03
710990,1014,5250,meta,2025-12-27T05:14:48Z,,https://valuetainment.com/?utm_medium=ppc&utm_campaign=brand protein q2,304.87
610622,1015,5890,Meta,2026-03-11T15:28:20Z,0.54,https://valuetainment.com/?utm_source=META&utm_medium=Paid_Social&utm_campaign=pbdytremarketing,565.39
778929,1003,5828,google,04/27/2026 17:00,4.97,https://valuetainment.com/?utm_source=Google&utm_medium=paid&utm_campaign= vt_summit_earlybird ,573.63
707514,1007,5517,google,03/23/2026 18:59,11.64,https://valuetainment.com/?utm_campaign=vt_summit_lastcall&utm_medium=ppc&utm_source=meta,
747968,1015,5025,google,2026-01-31 06:07:51,4.83,https://valuetainment.com/?utm_source=TikTok&utm_campaign=pbd_yt_r&utm_medium=cpc,
956526,1006,5517,META,2025-11-08 21:43:14,4.8,https://valuetainment.com/?utm_medium=Paid_Social&utm_source=tik_tok&utm_campaign=ceo-bootcamp-prosp,488.65
592833,1014,5032,meta,2025-10-23 16:25:40,6.51,https://valuetainment.com/?utm_medium=Paid_Social&utm_campaign=Brand_protein_q2,488.82
571345,1012,5432,google,2026-03-19T21:56:02Z,12.37,https://valuetainment.com/?utm_medium=CPC&utm_campaign=vtsummitvip&utm_source=google,159.79
979917,1003,5828,google,2025-10-28 10:33:15,7.68,https://valuetainment.com/?utm_source=Google&utm_medium=ppc&utm_campaign= vt_summit_earlybird ,42.44
439173,1007,5913,google,11/05/2025 00:32,2.61,https://valuetainment.com/?utm_medium=CPC&utm_source=META&utm_campaign=VT_SUMMIT_LASTCALL,570.11
835738,1007,5754,GOOGLE,2025-10-30 03:51:19,4.11,https://valuetainment.com/?utm_campaign=vt--summit--lastcall!!&utm_source=tik_tok&utm_medium=CPC,
656405,1014,5777,tiktok,2026-04-03T13:10:46Z,8.88,https://valuetainment.com/?utm_campaign=brand_protein_q2&utm_medium=Paid_Social&utm_source=google,294.74
796265,1009,5733,google,2025-12-31 16:48:01,10.22,https://valuetainment.com/?utm_campaign=Leadership_101_ev&utm_source=tiktok,
564919,1004,5142,Google,2026-01-29T20:13:36Z,3.77,https://valuetainment.com/?utm_campaign=salesmasterylnch&utm_medium=cpc&utm_source=TikTok,
547898,1006,5603,google,2025-12-17T19:13:31Z,10.76,https://valuetainment.com/?utm_medium=CPC&utm_source=META&utm_campaign=ceobootcampprosp,614.22
732954,1010,5006,google,2025-10-12T20:05:59Z,4.99,https://valuetainment.com/?utm_source=google&utm_medium=paid&utm_campaign=pbd_cold,738.87
649855,1005,5225,tiktok,2025-12-25 17:58:43,,https://valuetainment.com/?utm_medium=cpc&utm_campaign=pbd--retarget--warm!!&utm_source=tik_tok,119.66
142875,1003,5030,google,2026-01-17T19:16:27Z,,https://valuetainment.com/?utm_campaign=vt-summit-earlybird&utm_source=tik_tok&utm_medium=cpc,257.31
435079,1015,5025,TIKTOK,2026-03-07 12:31:29,11.69,https://valuetainment.com/?utm_medium=cpc&utm_source=google&utm_campaign= pbd_yt_remarketing ,717.27
101089,1008,5114,Meta,2026-04-10T07:10:23Z,2.51,https://valuetainment.com/?utm_medium=cpc&utm_source=facebook&utm_campaign=BRAND_FX_SPONSOR,35.81
972786,1005,5665,meta,2026-04-06T06:08:11Z,7.06,https://valuetainment.com/?utm_medium=ppc&utm_source=google&utm_campaign=pbdretargetwarm,134.44
805282,1010,5025,META,06/09/2026 07:18,7.73,https://valuetainment.com/?utm_campaign=pbd_cold_scale&utm_medium=Paid_Social,574.63
751568,1001,5104,meta,2026-01-16T14:16:23Z,7.87,https://valuetainment.com/?utm_campaign= pbd_pod_prosp_q1 &utm_medium=Paid_Social&utm_source=facebook,
312599,1007,5604,META,05/31/2026 05:00,10.74,https://valuetainment.com/?utm_source=Google&utm_campaign=vt_summit_l@stc@ll&utm_medium=paid,462.47
963921,1010,5654,Google,02/03/2026 03:24,1.22,https://valuetainment.com/?utm_campaign=pbd--cold--scale!!&utm_medium=paid&utm_source=TikTok,6.46
557125,1004,5006,TIKTOK,2025-10-16T22:37:53Z,5.73,https://valuetainment.com/?utm_campaign=salesmasterylnch&utm_medium=ppc&utm_source=google,
540888,1015,5890,META ,02/07/2026 17:46,1.0,https://valuetainment.com/?utm_campaign=pbd-yt-remarketing&utm_medium=ppc,28.15
456506,1010,5250,meta,2026-02-26T17:18:45Z,11.91,https://valuetainment.com/?utm_medium=Paid_Social&utm_source=google&utm_campaign=pbdcoldscale,702.07
965250,1004,5429,Google,05/11/2026 16:48,8.52,https://valuetainment.com/?utm_source=meta&utm_medium=Paid_Social&utm_campaign=salesmasterylnch,
979183,1002,5777,Google,2026-01-10T15:08:20Z,0.67,https://valuetainment.com/?utm_medium=cpc&utm_campaign=brand--gs--promo!!,68.48
592957,1015,5238,META ,04/18/2026 01:37,0.88,https://valuetainment.com/?utm_campaign=pbd-yt-remarketing&utm_source=tiktok&utm_medium=Paid_Social,557.48
611237,1012,5558,meta,2026-04-22 21:28:57,12.35,https://valuetainment.com/?utm_source=tiktok&utm_campaign=vtsummitvip,470.28
756846,1011,5890,meta,2025-11-27 17:09:58,,https://valuetainment.com/?utm_campaign=c0nsult_dfy_retgt&utm_medium=paid,174.33
594538,1002,5238,google,11/18/2025 07:13,6.92,https://valuetainment.com/?utm_medium=cpc&utm_source=META&utm_campaign=br@nd_gs_pr0m0,
281685,1010,5603,META ,2025-11-06T05:20:39Z,7.32,https://valuetainment.com/?utm_medium=CPC&utm_campaign=PBD_COLD_SCALE&utm_source=meta,
976496,1003,5665,google,2025-11-07T11:43:09Z,10.66,https://valuetainment.com/?utm_medium=Paid_Social&utm_source=meta&utm_campaign=vt-summit-earlybird,297.63
217480,1002,5432,Google,04/25/2026 12:31,6.58,https://valuetainment.com/?utm_campaign=brand--gs--promo!!&utm_medium=CPC,320.39
172628,1005,5027,Meta,2026-03-24T10:12:17Z,3.65,https://valuetainment.com/?utm_source=tiktok&utm_campaign=Pbd_retarget_warm&utm_medium=cpc,
321101,1010,5025,meta,01/03/2026 00:32,10.47,https://valuetainment.com/?utm_source=facebook&utm_campaign=Pbd_cold_scale&utm_medium=ppc,
987204,1005,5025,meta,2026-02-07 12:58:20,,https://valuetainment.com/?utm_campaign=pbd-retarget-warm&utm_source=Google,663.48
597635,1014,5432,tik_tok,11/05/2025 02:30,4.66,https://valuetainment.com/?utm_medium=cpc&utm_source=tik_tok&utm_campaign=brand_protein_q2,
479602,1010,5692,meta,10/15/2025 08:06,10.07,https://valuetainment.com/?utm_source=google&utm_campaign=pbd_c0ld_sc@le&utm_medium=cpc,792.39
545493,1006,5027,google,2025-11-04T00:41:57Z,2.72,https://valuetainment.com/?utm_source=TikTok&utm_medium=Paid_Social&utm_campaign=ceo bootcamp prosp,
871619,1002,5223,google,2026-04-17T23:30:02Z,5.16,https://valuetainment.com/?utm_source=Google&utm_campaign=brand_gs&utm_medium=cpc,687.44
220146,1011,5225,google,2026-04-27T00:40:58Z,3.38,https://valuetainment.com/?utm_campaign=Consult_dfy_retgt&utm_medium=CPC&utm_source=meta,326.11
655951,1007,5429,tiktok,04/24/2026 01:18,6.2,https://valuetainment.com/?utm_campaign=Vt_summit_lastcall&utm_medium=cpc&utm_source=TikTok,204.65
397025,1006,5250,TikTok,2026-01-14 02:49:01,6.5,https://valuetainment.com/?utm_source=google&utm_campaign=ceo bootcamp prosp,448.6
368464,1006,5718,GOOGLE,2026-03-26 23:42:29,6.42,https://valuetainment.com/?utm_source=facebook&utm_medium=Paid_Social&utm_campaign=ce0_b00tc@mp_pr0sp,466.9
281754,1011,5574,Meta,01/30/2026 19:21,4.28,https://valuetainment.com/?utm_medium=cpc&utm_campaign=consult dfy retgt&utm_source=facebook,120.38
137756,1003,5142,meta,2026-06-09T04:04:26Z,2.01,https://valuetainment.com/?utm_source=Google&utm_medium=ppc&utm_campaign=vt-summit-earlybird,
983825,1003,5142,META,12/21/2025 15:33,1.67,https://valuetainment.com/?utm_source=google&utm_campaign=vt_summit_e@rlybird&utm_medium=Paid_Social,109.79
958092,1010,5032,META,2026-02-17T10:57:50Z,7.16,https://valuetainment.com/?utm_source=tiktok&utm_campaign=PBD_COLD_SCALE&utm_medium=ppc,541.7
321516,1002,5603,Meta,2026-05-05 03:54:58,10.29,https://valuetainment.com/?utm_campaign=br@nd_gs_pr0m0&utm_medium=Paid_Social&utm_source=tiktok,
143029,1005,5718,Meta,2025-10-10T15:48:00Z,6.51,https://valuetainment.com/?utm_medium=Paid_Social&utm_source=google&utm_campaign=Pbd_retarget_warm,
802969,1003,5574,Meta,2026-01-12 06:51:26,10.59,https://valuetainment.com/?utm_campaign= vt_summit_earlybird &utm_source=meta&utm_medium=CPC,314.68
908595,1007,5238,google,2026-02-09 19:54:32,0.9,https://valuetainment.com/?utm_campaign= vt_summit_lastcall &utm_source=TikTok,49.55
817460,1013,5604,google,2026-05-19T15:23:35Z,9.63,https://valuetainment.com/?utm_campaign=PAT_LIB_BUNDLE&utm_medium=CPC,347.28
567348,1010,5284,google,2026-02-18T08:10:24Z,0.6,https://valuetainment.com/?utm_campaign=pbd_cold,448.68
406164,1006,5574,Meta,2026-05-18T20:17:16Z,5.89,https://valuetainment.com/?utm_campaign=ceo-bootcamp-prosp&utm_source=tik_tok,
647427,1011,5225,TIKTOK,04/19/2026 16:01,3.91,https://valuetainment.com/?utm_campaign= consult_dfy_retgt &utm_source=TikTok&utm_medium=ppc,311.89
361111,1015,5281,google,2026-01-13 00:04:18,5.01,https://valuetainment.com/?utm_campaign=pbd-yt-remarketing&utm_medium=paid&utm_source=meta,422.66
236302,1011,5284,GOOGLE,2025-10-26T15:19:31Z,7.75,https://valuetainment.com/?utm_campaign=c0nsult_dfy_retgt&utm_source=Google&utm_medium=cpc,487.78
744910,1015,5665,GOOGLE,10/30/2025 18:40,8.24,https://valuetainment.com/?utm_campaign= pbd_yt_remarketing &utm_source=meta,
832168,1008,5692,META,2026-05-02 22:11:30,0.8,https://valuetainment.com/?utm_medium=ppc&utm_source=tik_tok&utm_campaign=BRAND_FX_SPONSOR,639.45
777693,1005,5095,google,2026-05-27 01:49:49,5.95,https://valuetainment.com/?utm_campaign=pbd-retarget-warm&utm_medium=Paid_Social&utm_source=google,569.32
746996,1007,5517,META,2025-11-06 15:37:25,,https://valuetainment.com/?utm_source=TikTok&utm_medium=paid&utm_campaign=vt summit lastcall,336.53
170403,1002,5228,Meta,2025-12-19 08:09:17,,https://valuetainment.com/?utm_campaign=Brand_gs_promo&utm_source=facebook&utm_medium=Paid_Social,96.83
822780,1002,5616,tik_tok,2026-05-03T13:31:55Z,4.52,https://valuetainment.com/?utm_campaign= brand_gs_promo &utm_source=tiktok,
513907,1007,5616,meta,2026-02-13T12:03:01Z,10.81,https://valuetainment.com/?utm_campaign=vt_summit_l@stc@ll&utm_medium=cpc,44.24
776838,1003,5228,google,2026-01-09 14:01:12,2.18,https://valuetainment.com/?utm_campaign=VT_SUMMIT_EARLYBIRD&utm_medium=cpc&utm_source=meta,174.71
458345,1009,5429,Google,2026-06-02T11:55:14Z,8.6,https://valuetainment.com/?utm_campaign=leadersh&utm_source=meta&utm_medium=ppc,570.91
214119,1009,5754,Google,12/16/2025 06:52,7.76,https://valuetainment.com/?utm_source=meta&utm_campaign=LEADERSHIP_101_EV,686.97
172956,1010,5692,tiktok,2025-12-14T16:45:43Z,8.38,https://valuetainment.com/?utm_medium=cpc&utm_source=Google&utm_campaign= pbd_cold_scale ,49.38
912510,1015,5459,google,12/29/2025 02:58,5.65,https://valuetainment.com/?utm_medium=Paid_Social&utm_campaign= pbd_yt_remarketing &utm_source=tiktok,699.86
154067,1015,5758,GOOGLE,2026-05-06T00:18:16Z,4.86,https://valuetainment.com/?utm_medium=cpc&utm_campaign=pbdytremarketing,292.46
147784,1006,5665,Meta,02/18/2026 02:04,9.08,https://valuetainment.com/?utm_source=META&utm_medium=CPC&utm_campaign=ce0_b00tc@mp_pr0sp,468.73
771293,1015,5604,Google,2026-06-08T02:01:04Z,4.9,https://valuetainment.com/?utm_campaign=pbd yt remarketing&utm_source=tik_tok&utm_medium=cpc,501.41
599818,1002,5104,GOOGLE,05/03/2026 21:49,6.01,https://valuetainment.com/?utm_source=Google&utm_medium=CPC&utm_campaign=brand--gs--promo!!,
111410,1003,5913,Meta,10/11/2025 18:04,1.53,https://valuetainment.com/?utm_medium=paid&utm_source=tik_tok&utm_campaign=Vt_summit_earlybird,
482463,1004,5225,meta,2026-01-18 15:07:15,12.35,https://valuetainment.com/?utm_source=tik_tok&utm_medium=Paid_Social&utm_campaign=sales-mastery-lnch,474.61
906389,1013,5030,Google,2025-12-06 12:16:32,,https://valuetainment.com/?utm_source=tiktok&utm_campaign=pat lib bundle&utm_medium=CPC,378.93
258003,1002,5203,META,04/12/2026 13:23,,https://valuetainment.com/?utm_medium=Paid_Social&utm_source=facebook&utm_campaign=br@nd_gs_pr0m0,
685836,1010,5281,Google,2025-10-31 08:21:11,10.11,https://valuetainment.com/?utm_source=Google&utm_medium=ppc&utm_campaign=PBD_COLD_SCALE,500.38
362507,1009,5692,google,11/10/2025 17:05,3.81,https://valuetainment.com/?utm_campaign=le@dership_101_ev&utm_source=tiktok,
383801,1006,5203,GOOGLE,10/27/2025 01:54,9.28,https://valuetainment.com/?utm_medium=paid&utm_campaign=ceo_bootcamp_prosp&utm_source=Google,
455591,1008,5603,google,2026-02-14 20:45:48,12.06,https://valuetainment.com/?utm_campaign= brand_fx_sponsor &utm_source=google,380.12
170363,1006,5733,Meta,06/06/2026 05:17,2.04,https://valuetainment.com/?utm_source=Google&utm_campaign=ceobootcampprosp&utm_medium=ppc,598.89
912452,1014,5025,TIKTOK,2026-01-31 17:55:11,1.23,https://valuetainment.com/?utm_campaign=brandproteinq2&utm_source=google&utm_medium=cpc,435.5
438162,1002,5913,google,11/08/2025 03:51,9.39,https://valuetainment.com/?utm_medium=ppc&utm_campaign=brand_gs_promo&utm_source=tiktok,64.85
238104,1013,5025,tik_tok,2026-02-27T12:44:23Z,4.97,https://valuetainment.com/?utm_medium=cpc&utm_source=google&utm_campaign=pat-lib-bundle,
469249,1010,5142,meta,2025-10-07T18:05:39Z,7.48,https://valuetainment.com/?utm_source=Google&utm_campaign=pbdcoldscale,198.01
135228,1003,5223,Google,2025-11-04 12:04:21,8.96,https://valuetainment.com/?utm_source=Google&utm_medium=cpc&utm_campaign=vt_summi,577.32
505866,1014,5114,Meta,2026-05-01T22:36:13Z,6.89,https://valuetainment.com/?utm_medium=CPC&utm_campaign=brand--protein--q2!!&utm_source=google,277.12
195763,1001,5114,TIKTOK,2026-01-13T16:01:29Z,8.58,https://valuetainment.com/?utm_campaign=pbd--pod--prosp--q1!!&utm_medium=cpc&utm_source=META,469.7
279723,1008,5238,tiktok,2026-04-02T12:55:49Z,11.01,https://valuetainment.com/?utm_campaign=brand-fx-sponsor&utm_source=facebook,
496453,1003,5558,google,02/20/2026 13:08,11.67,https://valuetainment.com/?utm_campaign=Vt_summit_earlybird&utm_source=TikTok,20.51
769055,1006,5558,Meta,2026-02-21 01:29:10,8.81,https://valuetainment.com/?utm_campaign=ceo--bootcamp--prosp!!&utm_medium=cpc&utm_source=tik_tok,698.0
903143,1002,5718,meta,2026-01-14 06:44:21,8.17,https://valuetainment.com/?utm_campaign=brand--gs--promo!!&utm_source=tik_tok&utm_medium=cpc,
494472,1002,5574,google,03/26/2026 19:19,7.8,https://valuetainment.com/?utm_campaign= brand_gs_promo &utm_medium=CPC&utm_source=facebook,
665042,1014,5890,Google,2026-04-18 19:25:02,10.14,https://valuetainment.com/?utm_campaign=brand_pr&utm_source=facebook,340.47
517763,1005,5517,meta,2026-03-19T16:29:20Z,0.69,https://valuetainment.com/?utm_campaign=pbdretargetwarm&utm_source=meta,545.79
970924,1010,5281,Google,2026-06-07 21:50:34,6.34,https://valuetainment.com/?utm_medium=CPC&utm_campaign=pbd_cold&utm_source=TikTok,610.91
313017,1010,5754,Meta,03/03/2026 14:32,4.57,https://valuetainment.com/?utm_campaign=PBD_COLD_SCALE&utm_source=google&utm_medium=cpc,78.23
700352,1003,5574,tik_tok,12/14/2025 21:36,10.15,https://valuetainment.com/?utm_source=META&utm_medium=cpc&utm_campaign=vt_summit_e@rlybird,
468609,1011,5032,Google,02/13/2026 02:04,,https://valuetainment.com/?utm_medium=paid&utm_campaign= consult_dfy_retgt ,
557008,1007,5459,google,2026-01-25T06:58:20Z,7.85,https://valuetainment.com/?utm_campaign=vt_summit_l@stc@ll&utm_source=tiktok,421.72
139704,1001,5558,tiktok,2025-11-01 02:14:32,8.94,https://valuetainment.com/?utm_campaign=pbd_pod_,
718831,1012,5603,Meta,12/07/2025 08:17,4.28,https://valuetainment.com/?utm_campaign=Vt_summit_vip&utm_source=google&utm_medium=paid,305.25
282575,1007,5692,META ,2026-03-25 14:36:29,7.24,https://valuetainment.com/?utm_medium=paid&utm_campaign=vtsummitlastcall&utm_source=google,129.72
280908,1010,5777,Google,2025-11-02T21:56:44Z,8.96,https://valuetainment.com/?utm_source=tiktok&utm_medium=paid&utm_campaign=PBD_COLD_SCALE,
563246,1008,5692,GOOGLE,11/02/2025 22:21,3.03,https://valuetainment.com/?utm_source=tiktok&utm_medium=ppc&utm_campaign=BRAND_FX_SPONSOR,720.94
700815,1010,5890,Meta,02/27/2026 02:45,6.23,https://valuetainment.com/?utm_source=tik_tok&utm_campaign=pbd_cold,75.64
734274,1011,5759,TikTok,2025-12-01T11:53:22Z,1.5,https://valuetainment.com/?utm_source=facebook&utm_medium=cpc&utm_campaign= consult_dfy_retgt ,442.66
728397,1005,5558,Meta,2026-02-20T04:29:58Z,5.85,https://valuetainment.com/?utm_campaign=pbd-retarget-warm&utm_source=tiktok&utm_medium=paid,
600365,1001,5238,google,2025-10-09T01:17:12Z,3.67,https://valuetainment.com/?utm_campaign=pbd_pod_prosp_q1&utm_source=TikTok&utm_medium=Paid_Social,
844228,1010,5238,google,2026-03-21 06:11:41,,https://valuetainment.com/?utm_campaign=pbd-cold-scale&utm_source=tiktok,605.67
938334,1014,5718,META,05/28/2026 21:16,6.77,https://valuetainment.com/?utm_source=META&utm_medium=cpc&utm_campaign=brand_pr,
975798,1013,5025,meta,10/22/2025 07:49,3.41,https://valuetainment.com/?utm_campaign=pat_lib_&utm_source=META,340.51
238197,1010,5095,tiktok,2026-06-08T06:25:00Z,10.12,https://valuetainment.com/?utm_medium=Paid_Social&utm_source=TikTok&utm_campaign=pbdcoldscale,77.81
538803,1014,5692,meta,2026-04-29T02:40:31Z,5.72,https://valuetainment.com/?utm_campaign=br@nd_pr0tein_q2&utm_source=facebook&utm_medium=paid,724.9
907173,1001,5828,META ,05/22/2026 10:29,,https://valuetainment.com/?utm_campaign=pbd_pod_prosp_q1&utm_source=google&utm_medium=cpc,351.42
424022,1009,5089,Google,2026-03-03T21:11:16Z,0.87,https://valuetainment.com/?utm_campaign=Leadership_101_ev&utm_medium=ppc&utm_source=TikTok,151.68
339237,1001,5142,GOOGLE,03/22/2026 13:46,4.87,https://valuetainment.com/?utm_medium=Paid_Social&utm_campaign= pbd_pod_prosp_q1 &utm_source=tiktok,553.57
625021,1001,5574,tik_tok,02/22/2026 21:57,4.96,https://valuetainment.com/?utm_source=Google&utm_medium=Paid_Social&utm_campaign= pbd_pod_prosp_q1 ,332.66
566810,1012,5114,google,05/30/2026 03:58,1.1,https://valuetainment.com/?utm_medium=paid&utm_campaign=vt_summi&utm_source=tiktok,134.55
806423,1007,5223,META ,2025-12-24T21:11:02Z,4.57,https://valuetainment.com/?utm_source=META&utm_campaign=vtsummitlastcall&utm_medium=CPC,142.79
719922,1010,5758,Google,2026-01-23 10:23:36,,https://valuetainment.com/?utm_source=Google&utm_campaign=PBD_COLD_SCALE&utm_medium=paid,692.47
492585,1002,5758,google,12/22/2025 05:56,2.81,https://valuetainment.com/?utm_campaign=Brand_gs_promo&utm_medium=paid,787.96
644107,1002,5558,GOOGLE,2025-11-15 13:33:29,6.94,https://valuetainment.com/?utm_campaign=brand_gs_promo&utm_medium=ppc&utm_source=META,521.36
543281,1011,5095,meta,2026-03-16T13:37:53Z,6.75,https://valuetainment.com/?utm_source=tik_tok&utm_medium=Paid_Social&utm_campaign=CONSULT_DFY_RETGT,666.08
829460,1009,5025,Google,11/24/2025 15:37,,https://valuetainment.com/?utm_source=facebook&utm_campaign= leadership_101_ev &utm_medium=paid,395.96
728649,1010,5754,Meta,2026-05-06 21:19:47,,https://valuetainment.com/?utm_campaign=pbd-cold-scale&utm_source=META&utm_medium=Paid_Social,220.43
560568,1012,5558,Google,2026-01-12T17:08:28Z,0.98,https://valuetainment.com/?utm_source=META&utm_campaign=vtsummitvip,193.31
610906,1005,5228,google,2025-10-15T21:44:28Z,2.44,https://valuetainment.com/?utm_campaign=pbdretargetwarm&utm_source=google,616.97
173739,1007,5759,Google,2026-02-15 13:04:35,9.16,https://valuetainment.com/?utm_source=tik_tok&utm_medium=cpc&utm_campaign=vtsummitlastcall,17.41
193024,1012,5517,google,05/09/2026 02:24,8.5,https://valuetainment.com/?utm_medium=ppc&utm_campaign=vt summit vip,
106098,1013,5203,meta,2026-04-26T06:16:36Z,1.2,https://valuetainment.com/?utm_campaign=pat_lib_bundle&utm_source=TikTok,250.54
642138,1013,5284,META ,10/08/2025 22:27,0.94,https://valuetainment.com/?utm_source=tiktok&utm_campaign=pat lib bundle&utm_medium=paid,673.01
702764,1014,5913,meta,04/04/2026 11:19,2.22,https://valuetainment.com/?utm_medium=CPC&utm_campaign= brand_protein_q2 &utm_source=tiktok,
748301,1009,5250,Meta,2026-02-19T20:07:45Z,2.08,https://valuetainment.com/?utm_campaign=leadersh&utm_source=meta,150.87
918996,1007,5089,META,04/06/2026 03:11,10.82,https://valuetainment.com/?utm_source=TikTok&utm_campaign=Vt_summit_lastcall&utm_medium=Paid_Social,
304501,1007,5777,meta,2025-11-24 13:52:08,7.1,https://valuetainment.com/?utm_medium=paid&utm_source=facebook&utm_campaign=vt_summi,167.08
979950,1003,5104,TIKTOK,03/16/2026 22:43,10.32,https://valuetainment.com/?utm_campaign=vt_summit_earlybird&utm_medium=ppc,
829810,1001,5142,meta,12/01/2025 17:16,2.0,https://valuetainment.com/?utm_source=META&utm_campaign=Pbd_pod_prosp_q1&utm_medium=cpc,56.42
175236,1002,5754,Meta,2026-02-22 06:09:58,7.52,https://valuetainment.com/?utm_campaign=br@nd_gs_pr0m0&utm_source=META&utm_medium=ppc,150.3
472922,1006,5758,meta,2026-03-14T15:37:06Z,4.5,https://valuetainment.com/?utm_campaign=ceobootcampprosp&utm_source=google,738.91
126103,1001,5032,Meta,01/05/2026 03:03,11.76,https://valuetainment.com/?utm_medium=cpc&utm_campaign=pbd_pod_&utm_source=facebook,
267378,1015,5913,tik_tok,2026-02-12 13:50:55,,https://valuetainment.com/?utm_medium=Paid_Social&utm_source=Google&utm_campaign=pbd_yt_rem@rketing,423.38
322667,1002,5281,Google,2025-12-13T08:24:22Z,11.97,https://valuetainment.com/?utm_source=meta&utm_campaign=brand_gs&utm_medium=CPC,316.96
303639,1007,5025,meta,2025-12-29T22:39:43Z,6.2,https://valuetainment.com/?utm_medium=cpc&utm_campaign=VT_SUMMIT_LASTCALL&utm_source=facebook,
510771,1003,5027,Meta,2026-03-19T20:12:18Z,7.78,https://valuetainment.com/?utm_medium=ppc&utm_campaign=vtsummitearlybird&utm_source=google,
623138,1005,5030,tiktok,02/04/2026 11:33,11.3,https://valuetainment.com/?utm_campaign= pbd_retarget_warm &utm_source=google&utm_medium=ppc,
994487,1006,5718,tiktok,01/08/2026 14:08,9.62,https://valuetainment.com/?utm_medium=cpc&utm_source=tiktok&utm_campaign=ceobootcampprosp,
748161,1006,5114,TikTok,12/09/2025 23:29,4.47,https://valuetainment.com/?utm_source=tik_tok&utm_medium=ppc&utm_campaign=CEO_BOOTCAMP_PROSP,
159644,1009,5733,Google,2026-05-19T03:37:53Z,7.19,https://valuetainment.com/?utm_medium=paid&utm_source=Google&utm_campaign=le@dership_101_ev,300.87
797839,1006,5890,tik_tok,2026-03-23T11:52:50Z,4.86,https://valuetainment.com/?utm_source=meta&utm_medium=CPC&utm_campaign= ceo_bootcamp_prosp ,609.09
355421,1014,5574,META,2025-10-16 14:01:44,4.95,https://valuetainment.com/?utm_campaign=brand protein q2&utm_source=meta&utm_medium=ppc,
286260,1001,5089,meta,2025-11-30 09:14:40,7.86,https://valuetainment.com/?utm_campaign=pbd_pod_&utm_source=meta&utm_medium=CPC,500.22
100339,1012,5558,Meta,2026-04-20 10:14:43,0.76,https://valuetainment.com/?utm_source=facebook&utm_medium=cpc&utm_campaign=VT_SUMMIT_VIP,628.32
945565,1011,5692,meta,2025-12-03 10:34:16,8.65,https://valuetainment.com/?utm_campaign=consult_&utm_source=Google,
974536,1007,5558,google,2025-11-23T09:05:03Z,4.01,https://valuetainment.com/?utm_campaign=vt_summit_l@stc@ll&utm_medium=CPC,
780237,1010,5654,meta,2025-11-23T19:10:41Z,3.73,https://valuetainment.com/?utm_source=google&utm_campaign=pbd_c0ld_sc@le,86.45
828941,1005,5654,Google,2025-12-07 11:00:18,11.51,https://valuetainment.com/?utm_campaign=pbd_reta&utm_medium=ppc,501.36
965597,1004,5025,Google,2026-04-03T06:02:52Z,11.52,https://valuetainment.com/?utm_source=META&utm_medium=ppc&utm_campaign=Sales_mastery_lnch,341.7
555792,1015,5758,Meta,2025-11-16 10:01:03,0.73,https://valuetainment.com/?utm_campaign=pbd_yt_rem@rketing&utm_medium=ppc&utm_source=Google,214.3
166974,1009,5225,META ,10/22/2025 12:43,12.2,https://valuetainment.com/?utm_source=META&utm_medium=ppc&utm_campaign=le@dership_101_ev,396.92
172447,1015,5025,tiktok,2026-03-06T20:13:29Z,5.59,https://valuetainment.com/?utm_medium=paid&utm_campaign=pbd-yt-remarketing,473.7
199371,1012,5114,meta,2025-10-17 19:55:36,5.02,https://valuetainment.com/?utm_campaign=vt summit vip&utm_medium=Paid_Social,114.0
455429,1001,5228,google,2026-01-03 12:36:21,7.74,https://valuetainment.com/?utm_source=facebook&utm_campaign=pbd_pod_prosp_q1&utm_medium=CPC,
243606,1010,5654,META,2025-11-11T14:35:18Z,10.76,https://valuetainment.com/?utm_source=meta&utm_campaign=pbd_cold_scale&utm_medium=Paid_Social,176.31
130608,1002,5665,META,03/13/2026 05:28,7.36,https://valuetainment.com/?utm_medium=paid&utm_source=facebook&utm_campaign=Brand_gs_promo,
785673,1014,5027,Google,06/09/2026 18:25,1.79,https://valuetainment.com/?utm_campaign=brand_protein_q2&utm_medium=paid&utm_source=Google,
417644,1004,5558,TIKTOK,2026-02-16 00:03:11,12.39,https://valuetainment.com/?utm_source=TikTok&utm_campaign=SALES_MASTERY_LNCH&utm_medium=paid,
188947,1002,5228,google,2025-12-29T00:49:52Z,3.0,https://valuetainment.com/?utm_campaign=Brand_gs_promo&utm_medium=paid&utm_source=Google,
177741,1012,5223,Meta,12/18/2025 17:17,10.98,https://valuetainment.com/?utm_campaign=Vt_summit_vip&utm_medium=Paid_Social&utm_source=tik_tok,209.2
764686,1010,5754,meta,05/24/2026 21:50,9.04,https://valuetainment.com/?utm_medium=Paid_Social&utm_source=Google&utm_campaign=pbdcoldscale,123.55
662947,1001,5616,tiktok,2026-01-01T03:42:20Z,5.92,https://valuetainment.com/?utm_campaign=Pbd_pod_prosp_q1&utm_source=tik_tok,221.16
821441,1012,5432,google,2026-03-12T07:43:53Z,8.06,https://valuetainment.com/?utm_medium=paid&utm_source=google&utm_campaign=vt--summit--vip!!,370.15
204978,1003,5281,meta,04/03/2026 17:44,,https://valuetainment.com/?utm_medium=Paid_Social&utm_campaign=vt--summit--earlybird!!,73.7
738407,1010,5758,meta,2025-10-05T22:02:45Z,,https://valuetainment.com/?utm_campaign=pbd-cold-scale&utm_source=facebook&utm_medium=paid,526.44
611904,1001,5250,meta,2025-10-19 07:55:18,8.12,https://valuetainment.com/?utm_medium=paid&utm_campaign=pbd_pod_prosp_q1,165.06
828382,1015,5616,Google,10/09/2025 00:55,,https://valuetainment.com/?utm_campaign=pbd_yt_remarketing&utm_source=google&utm_medium=CPC,
324579,1012,5603,META ,2025-11-15 22:17:19,11.19,https://valuetainment.com/?utm_source=tik_tok&utm_medium=CPC&utm_campaign=vt_summit_vip,
323553,1014,5616,Google,05/04/2026 19:13,8.6,https://valuetainment.com/?utm_source=META&utm_campaign=brand--protein--q2!!&utm_medium=Paid_Social,376.95
143683,1007,5754,google,02/13/2026 11:12,,https://valuetainment.com/?utm_source=tiktok&utm_campaign=vt_summi&utm_medium=CPC,344.31
341747,1007,5517,tiktok,2026-03-05 10:34:15,3.56,https://valuetainment.com/?utm_medium=ppc&utm_source=google&utm_campaign=vt--summit--lastcall!!,
907547,1009,5828,TIKTOK,03/20/2026 09:32,3.59,https://valuetainment.com/?utm_medium=ppc&utm_campaign= leadership_101_ev &utm_source=tik_tok,
386089,1001,5284,meta,2025-11-20T17:44:41Z,9.61,https://valuetainment.com/?utm_source=facebook&utm_campaign=pbd_pod_&utm_medium=cpc,64.2
358087,1013,5558,Meta,2025-11-27 14:48:08,9.12,https://valuetainment.com/?utm_medium=paid&utm_campaign=patlibbundle&utm_source=TikTok,281.8
864177,1015,5890,Meta,2026-02-07T18:56:59Z,,https://valuetainment.com/?utm_source=META&utm_campaign= pbd_yt_remarketing &utm_medium=Paid_Social,
934985,1009,5777,Google,05/09/2026 12:02,,https://valuetainment.com/?utm_medium=Paid_Social&utm_campaign=leadership--101--ev!!&utm_source=google,275.76
785072,1004,5203,META ,2026-01-16 23:57:20,3.74,https://valuetainment.com/?utm_source=Google&utm_medium=Paid_Social&utm_campaign= sales_mastery_lnch ,332.71
100062,1011,5027,Google,2025-11-27T04:34:26Z,6.01,https://valuetainment.com/?utm_medium=ppc&utm_campaign=c0nsult_dfy_retgt&utm_source=facebook,319.92
690509,1008,5250,meta,2026-05-06 19:49:51,4.19,https://valuetainment.com/?utm_medium=paid&utm_source=TikTok&utm_campaign= brand_fx_sponsor ,
977594,1010,5223,META ,03/07/2026 07:49,5.0,https://valuetainment.com/?utm_campaign=pbdcoldscale&utm_source=Google&utm_medium=paid,165.7
155988,1008,5616,Meta,2025-11-21 05:18:25,11.07,https://valuetainment.com/?utm_campaign=brand_fx&utm_source=tiktok&utm_medium=ppc,211.47
955293,1007,5228,META,2025-11-14 00:16:21,10.84,https://valuetainment.com/?utm_campaign=vt-summit-lastcall&utm_medium=cpc&utm_source=Google,
380304,1013,5517,google,2026-02-08 04:40:25,,https://valuetainment.com/?utm_campaign= pat_lib_bundle &utm_source=tik_tok&utm_medium=ppc,175.22
547389,1011,5032,google,2025-11-27 17:20:42,3.04,https://valuetainment.com/?utm_campaign=consult_&utm_source=google&utm_medium=ppc,
244300,1007,5025,meta,12/23/2025 17:35,6.13,https://valuetainment.com/?utm_campaign=vt_summit_l@stc@ll&utm_medium=Paid_Social,
895432,1004,5754,Meta,01/12/2026 16:25,12.37,https://valuetainment.com/?utm_campaign=s@les_m@stery_lnch&utm_source=META&utm_medium=cpc,
217966,1012,5228,meta,2026-01-31T04:58:38Z,4.85,https://valuetainment.com/?utm_source=TikTok&utm_medium=Paid_Social&utm_campaign=vtsummitvip,
548723,1001,5733,Meta,2025-12-12 16:49:36,4.62,https://valuetainment.com/?utm_source=google&utm_campaign=pbd--pod--prosp--q1!!&utm_medium=CPC,82.83
382406,1005,5432,META,2026-04-21T16:39:11Z,10.13,https://valuetainment.com/?utm_medium=Paid_Social&utm_source=facebook&utm_campaign=PBD_RETARGET_WARM,520.77
424348,1005,5142,google,2026-03-26T17:09:55Z,7.43,https://valuetainment.com/?utm_source=Google&utm_medium=CPC&utm_campaign=PBD_RETARGET_WARM,667.34
835485,1011,5225,Google,2026-01-27T22:31:04Z,3.41,https://valuetainment.com/?utm_medium=Paid_Social&utm_source=tik_tok&utm_campaign=consult--dfy--retgt!!,10.1
278837,1010,5718,META,03/06/2026 14:29,,https://valuetainment.com/?utm_source=TikTok&utm_medium=Paid_Social&utm_campaign=pbd-cold-scale,371.96
368958,1012,5030,Meta,05/10/2026 09:47,9.07,https://valuetainment.com/?utm_medium=cpc&utm_source=meta&utm_campaign=vt summit vip,227.85
814956,1006,5616,Google,2026-02-10 01:36:53,1.12,https://valuetainment.com/?utm_medium=Paid_Social&utm_source=Google&utm_campaign=ceobootcampprosp,517.66
606585,1009,5250,tik_tok,10/03/2025 19:36,3.18,https://valuetainment.com/?utm_medium=paid&utm_campaign=leadership101ev,
927142,1006,5692,google,2025-10-14 04:25:00,10.2,https://valuetainment.com/?utm_medium=paid&utm_source=META&utm_campaign=ceo_boot,742.69
120333,1002,5665,TikTok,02/12/2026 07:40,6.7,https://valuetainment.com/?utm_source=google&utm_medium=paid&utm_campaign=brand--gs--promo!!,
215172,1011,5828,google,2025-11-04T08:14:18Z,5.43,https://valuetainment.com/?utm_source=TikTok&utm_campaign=consult_dfy_retgt&utm_medium=Paid_Social,574.88
859181,1012,5025,Google,03/25/2026 07:09,7.92,https://valuetainment.com/?utm_source=Google&utm_campaign=vt-summit-vip&utm_medium=paid,509.02
367681,1005,5604,meta,02/13/2026 08:55,1.19,https://valuetainment.com/?utm_medium=Paid_Social&utm_campaign=pbd_ret@rget_w@rm,
411536,1004,5692,tik_tok,2025-12-08 05:44:48,12.24,https://valuetainment.com/?utm_source=meta&utm_campaign=sales--mastery--lnch!!&utm_medium=ppc,153.15
124881,1005,5828,tik_tok,2026-01-10 07:17:23,5.17,https://valuetainment.com/?utm_source=tik_tok&utm_medium=cpc&utm_campaign=PBD_RETARGET_WARM,454.76
647816,1008,5228,GOOGLE,2025-12-26T09:21:31Z,11.59,https://valuetainment.com/?utm_source=Google&utm_campaign=brand fx sponsor&utm_medium=paid,298.51
591276,1013,5603,Meta,2026-02-12T15:44:52Z,9.86,https://valuetainment.com/?utm_campaign=p@t_lib_bundle&utm_medium=ppc&utm_source=Google,352.51
221746,1012,5027,Google,10/01/2025 15:38,1.99,https://valuetainment.com/?utm_campaign=vtsummitvip&utm_medium=cpc,
198920,1003,5114,GOOGLE,03/08/2026 02:13,6.36,https://valuetainment.com/?utm_medium=Paid_Social&utm_campaign=vt-summit-earlybird&utm_source=Google,
103801,1002,5558,TikTok,2026-03-05 10:38:15,3.85,https://valuetainment.com/?utm_source=tik_tok&utm_medium=paid&utm_campaign=Brand_gs_promo,731.27
546955,1013,5777,Meta,2025-11-28T03:10:45Z,4.27,https://valuetainment.com/?utm_source=meta&utm_campaign=pat_lib_,
750060,1012,5733,Google,2025-12-08 15:12:27,5.08,https://valuetainment.com/?utm_medium=paid&utm_campaign=vtsummitvip&utm_source=tiktok,
546698,1009,5250,Meta,2026-02-16T18:01:36Z,3.93,https://valuetainment.com/?utm_medium=Paid_Social&utm_campaign=LEADERSHIP_101_EV&utm_source=tiktok,
418389,1009,5095,google,2025-11-23T13:19:07Z,4.28,https://valuetainment.com/?utm_source=tiktok&utm_medium=cpc&utm_campaign=le@dership_101_ev,
673131,1010,5459,google,2025-12-13 20:12:15,4.56,https://valuetainment.com/?utm_campaign=Pbd_cold_scale&utm_source=TikTok&utm_medium=ppc,766.19
497158,1001,5142,Google,2026-03-07T04:00:08Z,10.38,https://valuetainment.com/?utm_source=Google&utm_campaign=pbdpodprospq1,496.4
856086,1011,5281,Google,04/27/2026 12:06,,https://valuetainment.com/?utm_campaign=consult--dfy--retgt!!&utm_medium=paid&utm_source=TikTok,14.58
721785,1011,5604,google,2025-10-16 03:17:02,9.68,https://valuetainment.com/?utm_source=facebook&utm_campaign= consult_dfy_retgt ,
869911,1013,5225,GOOGLE,05/01/2026 03:30,11.86,https://valuetainment.com/?utm_campaign=Pat_lib_bundle&utm_medium=Paid_Social&utm_source=tiktok,37.66
767122,1002,5032,tik_tok,04/20/2026 17:35,12.47,https://valuetainment.com/?utm_source=TikTok&utm_campaign=brand gs promo&utm_medium=Paid_Social,
410365,1007,5089,META ,2026-01-04 01:57:16,4.33,https://valuetainment.com/?utm_source=META&utm_campaign=VT_SUMMIT_LASTCALL,
872758,1014,5089,Meta,2026-03-17T20:21:32Z,2.15,https://valuetainment.com/?utm_campaign=brand_pr&utm_source=META,384.26
418202,1010,5754,tiktok,2025-12-30T02:35:47Z,9.14,https://valuetainment.com/?utm_medium=CPC&utm_source=tik_tok&utm_campaign=pbd--cold--scale!!,798.81
924745,1004,5828,GOOGLE,2025-10-21 11:31:44,6.43,https://valuetainment.com/?utm_campaign=Sales_mastery_lnch&utm_source=google&utm_medium=cpc,467.84
837670,1001,5238,GOOGLE,2025-10-26T17:39:24Z,9.58,https://valuetainment.com/?utm_medium=paid&utm_campaign=Pbd_pod_prosp_q1&utm_source=tik_tok,520.13
218330,1003,5890,Google,10/24/2025 02:39,1.28,https://valuetainment.com/?utm_medium=cpc&utm_campaign=vt--summit--earlybird!!&utm_source=META,557.46
210754,1009,5104,META ,2025-11-21T13:24:04Z,2.78,https://valuetainment.com/?utm_campaign=leadership_101_ev&utm_source=Google,168.56
245345,1004,5432,TIKTOK,02/14/2026 08:32,0.53,https://valuetainment.com/?utm_campaign=SALES_MASTERY_LNCH&utm_source=TikTok&utm_medium=Paid_Social,758.46
888931,1014,5095,Meta,02/12/2026 14:50,6.99,https://valuetainment.com/?utm_medium=Paid_Social&utm_campaign=brand--protein--q2!!&utm_source=facebook,
851023,1009,5025,Google,10/02/2025 17:33,4.24,https://valuetainment.com/?utm_source=google&utm_campaign=leadership101ev&utm_medium=CPC,
777433,1011,5284,google,03/27/2026 20:56,6.31,https://valuetainment.com/?utm_source=META&utm_medium=ppc&utm_campaign=consult_,424.13
180552,1014,5758,TIKTOK,2026-02-24 07:16:52,6.31,https://valuetainment.com/?utm_campaign=brandproteinq2&utm_source=META&utm_medium=CPC,
559633,1015,5089,GOOGLE,2025-12-23T08:48:52Z,8.51,https://valuetainment.com/?utm_medium=ppc&utm_source=meta&utm_campaign=PBD_YT_REMARKETING,
902464,1015,5828,META ,2026-01-31T06:36:45Z,6.17,https://valuetainment.com/?utm_campaign=pbd_yt_remarketing&utm_source=google&utm_medium=cpc,704.2
881857,1012,5733,meta,2026-02-14 06:08:08,2.87,https://valuetainment.com/?utm_campaign=vt_summi&utm_medium=paid&utm_source=facebook,454.24
144780,1001,5759,google,01/25/2026 17:55,2.18,https://valuetainment.com/?utm_source=meta&utm_campaign=pbd_pod_&utm_medium=Paid_Social,459.72
528971,1010,5603,google,2026-02-18T00:54:10Z,5.41,https://valuetainment.com/?utm_campaign=pbdcoldscale&utm_medium=paid,
299379,1008,5432,TIKTOK,2026-01-13 10:28:41,0.95,https://valuetainment.com/?utm_source=TikTok&utm_campaign=brandfxsponsor,
122300,1007,5574,Meta,2026-03-05 10:26:40,2.18,https://valuetainment.com/?utm_campaign=vt_summit_lastcall&utm_source=tik_tok,29.82
940816,1012,5665,meta,2025-11-08T18:51:27Z,12.36,https://valuetainment.com/?utm_medium=ppc&utm_campaign=Vt_summit_vip&utm_source=tiktok,300.72
306369,1014,5913,meta,03/23/2026 18:31,1.37,https://valuetainment.com/?utm_medium=ppc&utm_campaign= brand_protein_q2 &utm_source=TikTok,
764261,1005,5558,Google,04/24/2026 23:41,3.82,https://valuetainment.com/?utm_medium=ppc&utm_campaign=Pbd_retarget_warm,
517416,1007,5718,meta,2026-02-06T19:18:04Z,7.73,https://valuetainment.com/?utm_source=Google&utm_medium=cpc&utm_campaign=VT_SUMMIT_LASTCALL,
232179,1006,5030,meta,2025-10-28T23:10:09Z,11.03,https://valuetainment.com/?utm_campaign=ceobootcampprosp&utm_medium=CPC&utm_source=meta,405.19
595589,1013,5030,meta,10/07/2025 09:00,1.01,https://valuetainment.com/?utm_campaign=pat_lib_bundle&utm_source=tiktok&utm_medium=cpc,
916639,1006,5104,Google,2025-12-25 20:55:37,4.55,https://valuetainment.com/?utm_medium=ppc&utm_campaign=Ceo_bootcamp_prosp,81.93
282971,1011,5142,GOOGLE,2025-10-15 22:51:45,7.9,https://valuetainment.com/?utm_campaign=consult--dfy--retgt!!,
314910,1003,5692,meta,2026-01-30T23:05:43Z,7.39,https://valuetainment.com/?utm_medium=cpc&utm_campaign=vt--summit--earlybird!!&utm_source=facebook,640.8
820208,1011,5603,Google,2026-03-02 07:19:14,9.63,https://valuetainment.com/?utm_campaign=consult--dfy--retgt!!&utm_source=TikTok&utm_medium=Paid_Social,
655193,1002,5733,google,2025-11-20T23:07:26Z,11.55,https://valuetainment.com/?utm_medium=cpc&utm_campaign=brand-gs-promo&utm_source=META,36.59
791287,1014,5517,META ,2026-03-31T20:51:27Z,6.92,https://valuetainment.com/?utm_medium=CPC&utm_source=tik_tok&utm_campaign=brand_pr,
670981,1008,5759,google,2026-03-11 15:13:54,7.17,https://valuetainment.com/?utm_campaign=br@nd_fx_sp0ns0r&utm_medium=CPC&utm_source=Google,606.64
750475,1015,5281,meta,11/26/2025 15:04,10.01,https://valuetainment.com/?utm_medium=paid&utm_campaign=Pbd_yt_remarketing,
991042,1004,5223,Meta,2026-01-24 02:04:07,6.03,https://valuetainment.com/?utm_medium=ppc&utm_campaign=sales--mastery--lnch!!&utm_source=facebook,632.42
124258,1001,5759,google,10/04/2025 10:20,1.42,https://valuetainment.com/?utm_campaign=pbdpodprospq1&utm_source=tik_tok&utm_medium=cpc,79.78
411180,1013,5574,google,2025-11-24 11:38:39,10.78,https://valuetainment.com/?utm_campaign=pat lib bundle&utm_medium=paid&utm_source=Google,
499050,1008,5250,meta,06/05/2026 10:41,5.62,https://valuetainment.com/?utm_source=meta&utm_medium=CPC&utm_campaign=brand fx sponsor,191.07
780699,1003,5604,Google,05/27/2026 20:24,4.96,https://valuetainment.com/?utm_source=google&utm_campaign= vt_summit_earlybird ,336.8
314655,1013,5284,meta,2026-05-24 09:40:39,12.27,https://valuetainment.com/?utm_source=tik_tok&utm_medium=Paid_Social&utm_campaign=patlibbundle,113.24
578179,1011,5432,tik_tok,2026-02-19T01:09:06Z,2.63,https://valuetainment.com/?utm_source=Google&utm_campaign=consult--dfy--retgt!!,371.41
820650,1008,5517,tiktok,10/21/2025 06:48,4.53,https://valuetainment.com/?utm_medium=Paid_Social&utm_campaign=Brand_fx_sponsor,
272769,1002,5459,GOOGLE,10/09/2025 19:29,8.85,https://valuetainment.com/?utm_campaign=brand-gs-promo&utm_medium=Paid_Social,699.99
880080,1008,5665,google,2025-12-17 03:26:16,2.96,https://valuetainment.com/?utm_medium=Paid_Social&utm_source=meta&utm_campaign=BRAND_FX_SPONSOR,
585517,1013,5754,META ,01/03/2026 07:36,7.23,https://valuetainment.com/?utm_campaign=PAT_LIB_BUNDLE&utm_source=tiktok&utm_medium=paid,445.83
520274,1010,5025,META ,2026-04-27T12:19:35Z,11.58,https://valuetainment.com/?utm_source=meta&utm_campaign=PBD_COLD_SCALE,334.64
499674,1001,5203,Meta,2026-05-16 07:27:29,6.04,https://valuetainment.com/?utm_campaign= pbd_pod_prosp_q1 &utm_source=tiktok&utm_medium=paid,776.12
709141,1014,5890,google,2025-10-08 15:55:52,10.12,https://valuetainment.com/?utm_campaign=brand--protein--q2!!,32.82
952262,1004,5517,meta,2025-11-22 08:08:21,9.64,https://valuetainment.com/?utm_medium=ppc&utm_campaign=sales_mastery_lnch&utm_source=Google,
389893,1010,5558,GOOGLE,04/30/2026 21:58,8.55,https://valuetainment.com/?utm_source=google&utm_medium=CPC&utm_campaign=pbd-cold-scale,779.25
390137,1012,5558,meta,2026-01-15 17:39:40,0.8,https://valuetainment.com/?utm_medium=CPC&utm_source=facebook&utm_campaign=vt summit vip,
948525,1006,5104,TIKTOK,2026-05-16 21:48:22,2.38,https://valuetainment.com/?utm_campaign=Ceo_bootcamp_prosp&utm_medium=paid&utm_source=TikTok,442.58
448034,1011,5603,google,04/12/2026 11:10,3.22,https://valuetainment.com/?utm_medium=CPC&utm_source=meta&utm_campaign= consult_dfy_retgt ,
425826,1003,5777,tik_tok,2026-03-19 00:32:13,5.37,https://valuetainment.com/?utm_campaign=vt_summit_e@rlybird&utm_source=tiktok,415.45
135965,1011,5429,META,2026-01-31 11:57:32,8.54,https://valuetainment.com/?utm_campaign=consult_dfy_retgt,
303410,1015,5828,meta,2026-06-04 03:03:50,9.9,https://valuetainment.com/?utm_source=facebook&utm_medium=Paid_Social&utm_campaign=pbd_yt_r,609.09
845525,1011,5238,META,2025-10-01 05:27:59,5.79,https://valuetainment.com/?utm_campaign=c0nsult_dfy_retgt&utm_source=google&utm_medium=CPC,357.17
421688,1007,5114,google,2025-11-10T15:19:47Z,11.72,https://valuetainment.com/?utm_source=tik_tok&utm_campaign=vt summit lastcall,642.95
436655,1001,5558,meta,2025-10-09 21:41:17,0.81,https://valuetainment.com/?utm_campaign= pbd_pod_prosp_q1 &utm_source=Google&utm_medium=CPC,
834277,1006,5228,GOOGLE,2026-04-19T13:59:49Z,11.25,https://valuetainment.com/?utm_campaign=ceo bootcamp prosp&utm_source=tiktok&utm_medium=cpc,193.88
954689,1001,5616,meta,2026-05-05T22:26:03Z,10.75,https://valuetainment.com/?utm_campaign= pbd_pod_prosp_q1 &utm_medium=CPC&utm_source=Google,396.49
244793,1001,5281,TIKTOK,2026-01-28 19:15:22,11.37,https://valuetainment.com/?utm_medium=CPC&utm_source=google&utm_campaign=pbd-pod-prosp-q1,
968167,1003,5142,GOOGLE,2025-12-28 00:54:22,6.52,https://valuetainment.com/?utm_campaign=vt--summit--earlybird!!&utm_source=google&utm_medium=ppc,270.19
650744,1002,5238,Meta,2026-05-08 07:23:05,10.6,https://valuetainment.com/?utm_medium=CPC&utm_source=TikTok&utm_campaign=Brand_gs_promo,586.34
410158,1006,5095,meta,2026-03-28T08:49:34Z,12.49,https://valuetainment.com/?utm_campaign=ceo--bootcamp--prosp!!&utm_source=facebook,
991817,1003,5281,META ,2026-01-23T23:35:45Z,11.89,https://valuetainment.com/?utm_source=meta&utm_campaign=vt_summit_e@rlybird,
235193,1005,5281,meta,01/24/2026 19:26,6.52,https://valuetainment.com/?utm_campaign= pbd_retarget_warm &utm_medium=Paid_Social,
324191,1001,5429,Meta,2025-12-10T03:17:56Z,,https://valuetainment.com/?utm_source=tiktok&utm_medium=Paid_Social&utm_campaign=pbd-pod-prosp-q1,
872454,1008,5006,meta,2025-12-29T23:26:58Z,9.04,https://valuetainment.com/?utm_medium=CPC&utm_source=google&utm_campaign=brand_fx_sponsor,
215806,1009,5225,META ,2025-11-18 02:01:15,10.59,https://valuetainment.com/?utm_campaign=leadership--101--ev!!&utm_source=meta,
329403,1014,5432,meta,2026-04-02T23:26:23Z,6.45,https://valuetainment.com/?utm_source=meta&utm_campaign=Brand_protein_q2&utm_medium=ppc,
126925,1010,5913,meta,2026-05-18T22:45:07Z,7.39,https://valuetainment.com/?utm_campaign=PBD_COLD_SCALE&utm_source=google,300.25
554928,1012,5225,Google,2026-01-13 10:47:48,10.22,https://valuetainment.com/?utm_source=google&utm_medium=ppc&utm_campaign=vt_summi,165.96
794070,1003,5203,Meta,05/01/2026 05:25,3.98,https://valuetainment.com/?utm_campaign=vt--summit--earlybird!!&utm_source=meta,46.79
543607,1009,5665,GOOGLE,11/29/2025 21:50,,https://valuetainment.com/?utm_source=facebook&utm_medium=Paid_Social&utm_campaign=leadership-101-ev,
695090,1002,5429,meta,2026-05-05 04:25:37,9.92,https://valuetainment.com/?utm_campaign=Brand_gs_promo&utm_source=TikTok&utm_medium=Paid_Social,
530255,1013,5558,GOOGLE,2026-06-02T17:59:08Z,6.64,https://valuetainment.com/?utm_medium=ppc&utm_source=tik_tok&utm_campaign=patlibbundle,
846617,1007,5604,Google,04/26/2026 06:31,2.98,https://valuetainment.com/?utm_source=tiktok&utm_medium=cpc&utm_campaign=vt--summit--lastcall!!,
328621,1006,5027,google,2025-12-19T17:01:59Z,4.42,https://valuetainment.com/?utm_medium=Paid_Social&utm_campaign=ceo_boot&utm_source=google,661.16
873040,1001,5025,META ,2026-01-03 20:54:14,7.33,https://valuetainment.com/?utm_campaign=Pbd_pod_prosp_q1,713.88
259000,1001,5089,google,01/03/2026 21:38,4.26,https://valuetainment.com/?utm_source=META&utm_campaign=pbd pod prosp q1,465.25
925814,1006,5250,TikTok,2026-01-03T00:52:22Z,,https://valuetainment.com/?utm_medium=CPC&utm_campaign=ceo_boot&utm_source=TikTok,
443272,1002,5006,meta,2025-11-30 02:26:53,6.81,https://valuetainment.com/?utm_medium=Paid_Social&utm_source=facebook&utm_campaign=brand_gs_promo,
930502,1012,5032,Meta,2026-05-17T14:59:30Z,5.91,https://valuetainment.com/?utm_source=META&utm_medium=Paid_Social&utm_campaign=vt_summit_vip,
740561,1002,5517,Meta,2025-12-06 12:46:14,3.55,https://valuetainment.com/?utm_medium=CPC&utm_source=tiktok&utm_campaign=br@nd_gs_pr0m0,
503953,1003,5030,GOOGLE,2026-05-10 09:46:49,11.97,https://valuetainment.com/?utm_medium=CPC&utm_source=google&utm_campaign=vt--summit--earlybird!!,709.96
725847,1007,5006,meta,2026-02-13 05:00:11,2.13,https://valuetainment.com/?utm_campaign=VT_SUMMIT_LASTCALL&utm_medium=ppc&utm_source=Google,
485060,1013,5203,Meta,2026-02-18T09:48:10Z,6.36,https://valuetainment.com/?utm_campaign=p@t_lib_bundle&utm_source=META&utm_medium=CPC,148.61
694691,1004,5025,Google,2026-01-07T06:43:27Z,11.27,https://valuetainment.com/?utm_campaign= sales_mastery_lnch &utm_medium=Paid_Social&utm_source=Google,359.52
867787,1010,5238,TIKTOK,06/06/2026 00:24,9.1,https://valuetainment.com/?utm_source=Google&utm_campaign=PBD_COLD_SCALE,
266924,1006,5250,tik_tok,2025-10-04 07:07:52,7.6,https://valuetainment.com/?utm_medium=ppc&utm_source=tik_tok&utm_campaign=ceo--bootcamp--prosp!!,80.53
494326,1008,5517,Google,2025-10-21 19:11:37,1.38,https://valuetainment.com/?utm_campaign=brandfxsponsor&utm_source=tiktok&utm_medium=Paid_Social,237.52
257187,1013,5203,google,2025-12-20T00:51:08Z,0.6,https://valuetainment.com/?utm_campaign=pat--lib--bundle!!&utm_source=tiktok,
183091,1004,5777,Google,05/04/2026 17:31,10.57,https://valuetainment.com/?utm_medium=cpc&utm_campaign=salesmasterylnch&utm_source=META,
558128,1007,5692,google,01/19/2026 22:39,7.96,https://valuetainment.com/?utm_source=meta&utm_medium=paid&utm_campaign=vtsummitlastcall,
612608,1003,5828,Meta,2026-02-18T03:38:44Z,5.6,https://valuetainment.com/?utm_source=meta&utm_campaign=vtsummitearlybird&utm_medium=Paid_Social,390.49
703240,1007,5890,GOOGLE,10/31/2025 18:02,0.62,https://valuetainment.com/?utm_source=tiktok&utm_medium=Paid_Social&utm_campaign=vtsummitlastcall,552.21
484655,1014,5429,google,03/16/2026 11:29,9.83,https://valuetainment.com/?utm_source=facebook&utm_campaign=Brand_protein_q2,
975355,1014,5432,GOOGLE,2026-01-11T10:24:07Z,4.8,https://valuetainment.com/?utm_campaign=brand-protein-q2&utm_source=tik_tok&utm_medium=CPC,722.23
519657,1001,5574,Meta,2026-05-21T18:59:01Z,4.84,https://valuetainment.com/?utm_campaign=pbd-pod-prosp-q1&utm_source=TikTok&utm_medium=CPC,211.53
537649,1009,5558,meta,02/21/2026 21:50,1.06,https://valuetainment.com/?utm_campaign=Leadership_101_ev&utm_source=TikTok,
446700,1004,5250,tik_tok,02/21/2026 16:46,10.82,https://valuetainment.com/?utm_medium=cpc&utm_campaign=Sales_mastery_lnch,374.76
935456,1004,5238,meta,01/04/2026 02:17,6.01,https://valuetainment.com/?utm_source=meta&utm_campaign=sales_mastery_lnch,642.95
794464,1005,5228,TikTok,12/30/2025 14:50,1.19,https://valuetainment.com/?utm_campaign= pbd_retarget_warm &utm_source=META&utm_medium=paid,390.65
183487,1005,5089,META,2026-05-30 18:33:48,5.44,https://valuetainment.com/?utm_campaign=pbd_reta&utm_medium=Paid_Social&utm_source=tik_tok,83.67
450884,1003,5654,Meta,2026-05-14T13:55:15Z,2.67,https://valuetainment.com/?utm_campaign=vt_summi&utm_source=Google,179.37
693151,1001,5432,google,2026-06-06 06:01:27,11.71,https://valuetainment.com/?utm_source=tiktok&utm_medium=CPC&utm_campaign=pbd_p0d_pr0sp_q1,
953763,1011,5104,Google,2025-10-14 20:18:58,,https://valuetainment.com/?utm_source=TikTok&utm_campaign=CONSULT_DFY_RETGT&utm_medium=paid,4.58
138056,1014,5692,meta,2026-05-28T00:24:33Z,4.84,https://valuetainment.com/?utm_source=facebook&utm_medium=ppc&utm_campaign=brand_pr,71.98
434064,1001,5828,META,2025-12-30T08:26:36Z,9.09,https://valuetainment.com/?utm_medium=cpc&utm_campaign=pbd_pod_&utm_source=tik_tok,
318897,1002,5429,META ,2026-05-28T16:41:33Z,12.16,https://valuetainment.com/?utm_source=meta&utm_campaign=brand--gs--promo!!&utm_medium=cpc,712.88
218055,1001,5284,Meta,2026-01-13 21:12:19,3.28,https://valuetainment.com/?utm_source=TikTok&utm_campaign=PBD_POD_PROSP_Q1,463.82
664941,1014,5654,meta,2026-05-28T16:40:32Z,,https://valuetainment.com/?utm_campaign=BRAND_PROTEIN_Q2&utm_source=META,269.25
533749,1008,5517,google,03/10/2026 18:06,1.53,https://valuetainment.com/?utm_medium=paid&utm_campaign=brand-fx-sponsor,67.92
480424,1014,5754,meta,2025-10-28T21:25:36Z,9.18,https://valuetainment.com/?utm_source=META&utm_medium=ppc&utm_campaign=brand-protein-q2,
981581,1008,5890,META ,2026-03-24T08:33:28Z,,https://valuetainment.com/?utm_source=google&utm_campaign=br@nd_fx_sp0ns0r&utm_medium=cpc,619.23
321017,1008,5114,Google,2025-12-26 04:40:42,3.86,https://valuetainment.com/?utm_campaign=Brand_fx_sponsor&utm_medium=Paid_Social&utm_source=TikTok,178.62
136862,1001,5558,google,04/28/2026 22:36,10.82,https://valuetainment.com/?utm_medium=ppc&utm_campaign=pbd-pod-prosp-q1&utm_source=TikTok,
339352,1012,5692,Meta,2026-04-30T09:49:52Z,9.03,https://valuetainment.com/?utm_campaign=Vt_summit_vip&utm_source=tiktok&utm_medium=CPC,56.44
906998,1010,5759,Meta,2025-11-04T14:13:10Z,12.35,https://valuetainment.com/?utm_medium=Paid_Social&utm_source=META&utm_campaign= pbd_cold_scale ,788.76
147465,1002,5281,Google,2025-11-10 06:02:15,1.4,https://valuetainment.com/?utm_source=meta&utm_medium=ppc&utm_campaign=brand_gs,
874864,1001,5733,Meta,12/06/2025 05:24,5.3,https://valuetainment.com/?utm_source=google&utm_medium=CPC&utm_campaign=pbd-pod-prosp-q1,198.68
428605,1013,5228,meta,03/28/2026 03:15,3.84,https://valuetainment.com/?utm_source=META&utm_campaign=pat--lib--bundle!!&utm_medium=cpc,568.02
688942,1005,5006,META ,2026-01-03T17:53:19Z,9.18,https://valuetainment.com/?utm_campaign=pbd_retarget_warm&utm_medium=paid,176.32
418862,1012,5250,Google,10/16/2025 11:31,11.81,https://valuetainment.com/?utm_campaign= vt_summit_vip &utm_source=tiktok,395.04
896450,1005,5603,google,2026-06-01T00:01:54Z,7.85,https://valuetainment.com/?utm_campaign=PBD_RETARGET_WARM&utm_source=TikTok&utm_medium=ppc,185.81
709080,1004,5006,TIKTOK,02/05/2026 14:51,4.85,https://valuetainment.com/?utm_campaign=sales-mastery-lnch&utm_medium=Paid_Social&utm_source=tiktok,109.39
927749,1012,5095,Meta,06/02/2026 12:53,2.52,https://valuetainment.com/?utm_source=TikTok&utm_campaign=Vt_summit_vip&utm_medium=CPC,237.65
224062,1011,5114,meta,2026-06-03 01:33:51,2.4,https://valuetainment.com/?utm_medium=Paid_Social&utm_source=tiktok&utm_campaign=CONSULT_DFY_RETGT,642.92
592941,1010,5281,meta,02/24/2026 09:51,10.13,https://valuetainment.com/?utm_medium=Paid_Social&utm_campaign=pbd cold scale&utm_source=meta,434.76
118519,1007,5203,Google,2026-01-28T00:16:59Z,1.55,https://valuetainment.com/?utm_campaign=vtsummitlastcall&utm_source=google,
505218,1003,5654,Meta,2025-10-23 05:43:08,8.79,https://valuetainment.com/?utm_source=google&utm_campaign=VT_SUMMIT_EARLYBIRD,
871574,1006,5758,meta,12/19/2025 10:07,10.03,https://valuetainment.com/?utm_medium=ppc&utm_campaign=ceo_boot&utm_source=TikTok,
110114,1008,5459,TIKTOK,2026-01-09 04:59:31,4.84,https://valuetainment.com/?utm_medium=CPC&utm_campaign=BRAND_FX_SPONSOR&utm_source=google,763.99
170316,1013,5777,META,2026-04-29T10:02:32Z,10.79,https://valuetainment.com/?utm_medium=cpc&utm_campaign=p@t_lib_bundle,121.41
881718,1004,5203,Meta,2026-04-08T03:18:04Z,10.25,https://valuetainment.com/?utm_source=tiktok&utm_campaign=SALES_MASTERY_LNCH&utm_medium=CPC,
950158,1002,5604,Meta,05/14/2026 11:50,10.71,https://valuetainment.com/?utm_source=tik_tok&utm_campaign= brand_gs_promo &utm_medium=paid,
142070,1002,5574,meta,10/19/2025 15:51,1.83,https://valuetainment.com/?utm_campaign=brand_gs&utm_medium=paid&utm_source=facebook,612.78
874954,1011,5203,Meta,2025-11-11T06:43:44Z,11.33,https://valuetainment.com/?utm_medium=paid&utm_source=google&utm_campaign=consult dfy retgt,665.66
885407,1001,5281,TikTok,2026-05-07T14:48:07Z,7.51,https://valuetainment.com/?utm_source=Google&utm_campaign= pbd_pod_prosp_q1 ,753.18
151812,1014,5104,Meta,2025-12-01T06:00:43Z,2.31,https://valuetainment.com/?utm_medium=Paid_Social&utm_source=meta&utm_campaign=brand_pr,106.86
575491,1005,5223,meta,2026-03-18 07:22:20,6.63,https://valuetainment.com/?utm_campaign=pbd_ret@rget_w@rm,565.45
630229,1013,5025,meta,10/06/2025 11:58,10.45,https://valuetainment.com/?utm_source=META&utm_medium=cpc&utm_campaign=pat lib bundle,
546377,1005,5203,Google,2026-04-19T14:53:59Z,3.46,https://valuetainment.com/?utm_source=google&utm_medium=paid&utm_campaign=pbd-retarget-warm,
843437,1013,5104,Google,2026-01-26T02:29:40Z,4.62,https://valuetainment.com/?utm_campaign=pat lib bundle&utm_source=tiktok&utm_medium=Paid_Social,794.15
414272,1014,5718,google,2026-02-19T17:17:16Z,3.35,https://valuetainment.com/?utm_campaign=Brand_protein_q2&utm_medium=Paid_Social&utm_source=facebook,
927842,1001,5432,google,2025-12-18 15:15:41,2.08,https://valuetainment.com/?utm_campaign=pbd-pod-prosp-q1&utm_medium=ppc,612.03
259814,1005,5284,GOOGLE,02/09/2026 02:19,3.22,https://valuetainment.com/?utm_source=TikTok&utm_medium=Paid_Social&utm_campaign=pbd--retarget--warm!!,196.58
746000,1008,5432,meta,2026-01-04T11:06:39Z,3.73,https://valuetainment.com/?utm_campaign=BRAND_FX_SPONSOR&utm_source=tiktok,
927683,1006,5754,Google,2026-05-24 07:26:23,1.18,https://valuetainment.com/?utm_source=google&utm_campaign=ceo bootcamp prosp&utm_medium=CPC,262.78
815819,1003,5142,META ,10/16/2025 18:44,,https://valuetainment.com/?utm_medium=CPC&utm_campaign=vt_summi,588.06
264091,1011,5142,GOOGLE,05/29/2026 07:48,4.34,https://valuetainment.com/?utm_source=Google&utm_medium=Paid_Social&utm_campaign=c0nsult_dfy_retgt,
208834,1003,5759,META ,2026-05-09 04:24:05,0.52,https://valuetainment.com/?utm_medium=paid&utm_campaign= vt_summit_earlybird &utm_source=facebook,
807025,1002,5223,google,2026-03-27 03:02:07,3.48,https://valuetainment.com/?utm_medium=paid&utm_campaign=brand--gs--promo!!&utm_source=facebook,182.32
484150,1001,5558,GOOGLE,2026-04-09 20:13:52,9.1,https://valuetainment.com/?utm_campaign=pbd_p0d_pr0sp_q1&utm_medium=Paid_Social&utm_source=facebook,
336735,1010,5027,GOOGLE,01/08/2026 07:11,,https://valuetainment.com/?utm_medium=paid&utm_source=tiktok&utm_campaign=pbd--cold--scale!!,
314498,1013,5777,google,02/04/2026 04:14,,https://valuetainment.com/?utm_source=tik_tok&utm_medium=paid&utm_campaign=pat lib bundle,788.5
495896,1010,5828,meta,02/21/2026 19:02,2.98,https://valuetainment.com/?utm_medium=cpc&utm_campaign=pbd_cold&utm_source=Google,
365970,1003,5250,google,2026-01-07T09:34:47Z,8.87,https://valuetainment.com/?utm_campaign= vt_summit_earlybird &utm_medium=paid,
207083,1014,5281,meta,2026-04-21T09:07:30Z,5.14,https://valuetainment.com/?utm_campaign=br@nd_pr0tein_q2&utm_source=google&utm_medium=cpc,403.52
646449,1007,5284,META ,05/01/2026 18:15,8.94,https://valuetainment.com/?utm_source=tiktok&utm_campaign=vt-summit-lastcall,
751050,1003,5574,meta,2026-03-06T11:41:34Z,7.27,https://valuetainment.com/?utm_source=TikTok&utm_campaign=Vt_summit_earlybird&utm_medium=cpc,
703410,1011,5616,Meta,03/17/2026 12:08,12.25,https://valuetainment.com/?utm_campaign=c0nsult_dfy_retgt&utm_medium=CPC&utm_source=google,565.4
212838,1012,5250,google,2026-03-05T12:33:30Z,8.11,https://valuetainment.com/?utm_source=meta&utm_medium=cpc&utm_campaign=vtsummitvip,262.9
880195,1009,5006,meta,11/07/2025 15:55,3.28,https://valuetainment.com/?utm_campaign=LEADERSHIP_101_EV&utm_medium=paid&utm_source=google,105.36
838505,1008,5574,meta,2026-05-07 10:56:37,10.17,https://valuetainment.com/?utm_campaign=brand_fx&utm_source=tik_tok&utm_medium=Paid_Social,709.3
187920,1006,5828,Meta,2026-03-08 05:21:27,3.05,https://valuetainment.com/?utm_source=tik_tok&utm_medium=CPC&utm_campaign=Ceo_bootcamp_prosp,219.29
779089,1003,5281,meta,2026-05-19T13:58:35Z,8.58,https://valuetainment.com/?utm_medium=paid&utm_source=tiktok&utm_campaign=vt_summit_e@rlybird,314.62
116567,1006,5718,GOOGLE,11/19/2025 03:07,8.68,https://valuetainment.com/?utm_medium=CPC&utm_source=meta&utm_campaign=ceo--bootcamp--prosp!!,
560959,1003,5104,META,2026-02-02T00:14:40Z,6.05,https://valuetainment.com/?utm_source=tik_tok&utm_campaign=vt-summit-earlybird&utm_medium=CPC,
305435,1012,5574,Google,2026-05-14T13:56:33Z,10.32,https://valuetainment.com/?utm_source=tiktok&utm_medium=paid&utm_campaign=Vt_summit_vip,168.2
666709,1008,5032,GOOGLE,11/11/2025 09:50,8.11,https://valuetainment.com/?utm_campaign=BRAND_FX_SPONSOR&utm_medium=ppc,363.28
695805,1010,5616,meta,02/16/2026 08:24,1.85,https://valuetainment.com/?utm_source=meta&utm_medium=cpc&utm_campaign= pbd_cold_scale ,500.38
239723,1003,5432,meta,02/17/2026 20:13,7.58,https://valuetainment.com/?utm_campaign=vt-summit-earlybird&utm_source=TikTok&utm_medium=Paid_Social,103.74
806784,1012,5890,TikTok,01/07/2026 22:02,5.25,https://valuetainment.com/?utm_campaign=vt-summit-vip&utm_medium=ppc&utm_source=facebook,455.69
670789,1009,5104,meta,03/17/2026 05:14,12.34,https://valuetainment.com/?utm_medium=cpc&utm_source=META&utm_campaign=leadersh,176.68
113129,1007,5754,meta,2026-05-02 10:52:10,,https://valuetainment.com/?utm_medium=cpc&utm_source=META&utm_campaign=Vt_summit_lastcall,302.1
936625,1006,5238,meta,03/03/2026 20:07,1.42,https://valuetainment.com/?utm_medium=Paid_Social&utm_campaign=ceo bootcamp prosp,23.88
736968,1013,5665,Meta,2025-12-27T22:20:25Z,8.95,https://valuetainment.com/?utm_medium=CPC&utm_source=tik_tok&utm_campaign=pat_lib_,220.63
469438,1015,5203,TIKTOK,06/03/2026 22:13,7.08,https://valuetainment.com/?utm_source=tiktok&utm_campaign= pbd_yt_remarketing ,675.88
794519,1009,5429,meta,2025-11-13 20:34:43,3.6,https://valuetainment.com/?utm_campaign=leadership--101--ev!!&utm_source=tik_tok&utm_medium=paid,167.54
780026,1015,5574,meta,2026-06-05T20:13:49Z,7.41,https://valuetainment.com/?utm_campaign=pbd_yt_rem@rketing&utm_medium=CPC&utm_source=meta,51.19
157152,1001,5758,META,2025-10-01 13:25:13,4.0,https://valuetainment.com/?utm_source=meta&utm_campaign=pbd pod prosp q1&utm_medium=ppc,
250268,1011,5604,Meta,11/07/2025 14:35,0.52,https://valuetainment.com/?utm_campaign= consult_dfy_retgt &utm_source=facebook&utm_medium=cpc,
824967,1011,5223,meta,12/05/2025 07:44,11.41,https://valuetainment.com/?utm_campaign=CONSULT_DFY_RETGT&utm_source=meta,
953932,1008,5913,TIKTOK,12/23/2025 22:01,12.36,https://valuetainment.com/?utm_source=META&utm_medium=Paid_Social&utm_campaign=BRAND_FX_SPONSOR,
478355,1005,5223,meta,2025-10-28 07:24:12,7.53,https://valuetainment.com/?utm_campaign=pbdretargetwarm&utm_medium=paid&utm_source=facebook,
604407,1003,5281,meta,03/16/2026 04:50,4.86,https://valuetainment.com/?utm_campaign=vt_summit_earlybird&utm_medium=CPC&utm_source=tik_tok,25.16
961520,1005,5223,META ,2026-06-05T11:17:21Z,2.93,https://valuetainment.com/?utm_medium=ppc&utm_source=tiktok&utm_campaign=pbd_reta,67.04
578933,1009,5828,META,2026-05-30 20:08:52,,https://valuetainment.com/?utm_source=tiktok&utm_campaign= leadership_101_ev &utm_medium=Paid_Social,
711018,1009,5517,google,2026-02-14 06:48:03,1.29,https://valuetainment.com/?utm_medium=ppc&utm_campaign=leadership--101--ev!!,472.19
561552,1006,5665,tik_tok,03/05/2026 03:35,6.37,https://valuetainment.com/?utm_campaign=ceo bootcamp prosp&utm_source=tik_tok&utm_medium=Paid_Social,533.89
849788,1010,5114,Meta,03/25/2026 14:45,7.01,https://valuetainment.com/?utm_source=meta&utm_medium=paid&utm_campaign=pbd-cold-scale,
767567,1011,5114,google,2026-02-05 10:47:47,,https://valuetainment.com/?utm_campaign=consult-dfy-retgt&utm_source=facebook&utm_medium=CPC,40.58
135771,1011,5558,google,2026-02-11 13:23:48,3.32,https://valuetainment.com/?utm_source=tik_tok&utm_campaign=consult--dfy--retgt!!,9.37
130075,1013,5281,GOOGLE,2026-02-11 03:48:13,11.63,https://valuetainment.com/?utm_source=TikTok&utm_campaign=pat lib bundle&utm_medium=cpc,326.42
985521,1012,5032,Google,02/16/2026 23:04,1.35,https://valuetainment.com/?utm_source=meta&utm_campaign=vt-summit-vip,1.88
821690,1011,5030,Meta,2025-12-19 11:22:54,3.94,https://valuetainment.com/?utm_campaign=consultdfyretgt&utm_medium=paid&utm_source=tiktok,794.5
918895,1014,5250,Google,05/16/2026 15:01,2.03,https://valuetainment.com/?utm_source=facebook&utm_medium=cpc&utm_campaign=BRAND_PROTEIN_Q2,297.79
327982,1003,5228,tik_tok,2025-10-11 14:00:56,7.44,https://valuetainment.com/?utm_campaign=vt_summit_earlybird&utm_source=META,
724356,1001,5759,meta,2026-02-06 23:16:55,9.1,https://valuetainment.com/?utm_medium=Paid_Social&utm_campaign=PBD_POD_PROSP_Q1&utm_source=google,
190996,1004,5558,Google,2026-05-13 13:06:30,4.88,https://valuetainment.com/?utm_source=tiktok&utm_campaign= sales_mastery_lnch &utm_medium=paid,466.33
233308,1015,5890,GOOGLE,2026-01-01 01:10:00,9.87,https://valuetainment.com/?utm_source=TikTok&utm_campaign=pbd_yt_remarketing&utm_medium=Paid_Social,729.1
174200,1006,5284,google,11/20/2025 06:41,7.66,https://valuetainment.com/?utm_source=facebook&utm_campaign=CEO_BOOTCAMP_PROSP,64.47
632496,1001,5604,google,2025-11-16T13:25:27Z,2.69,https://valuetainment.com/?utm_source=facebook&utm_medium=paid&utm_campaign= pbd_pod_prosp_q1 ,540.17
228028,1009,5250,META ,12/08/2025 12:09,7.85,https://valuetainment.com/?utm_medium=paid&utm_campaign=leadersh,285.01
106097,1004,5030,Meta,2025-11-20 02:58:19,,https://valuetainment.com/?utm_campaign=sales mastery lnch&utm_source=meta&utm_medium=Paid_Social,
281038,1002,5777,Google,2026-01-23 16:55:29,,https://valuetainment.com/?utm_campaign=brand--gs--promo!!&utm_medium=CPC&utm_source=facebook,63.96
795335,1001,5432,meta,05/31/2026 06:32,5.18,https://valuetainment.com/?utm_medium=paid&utm_source=meta&utm_campaign=pbd-pod-prosp-q1,
374810,1008,5517,GOOGLE,12/14/2025 19:39,11.35,https://valuetainment.com/?utm_campaign=brandfxsponsor&utm_source=META&utm_medium=CPC,631.73
868650,1009,5104,google,01/05/2026 16:10,8.42,https://valuetainment.com/?utm_source=google&utm_medium=paid&utm_campaign=leadersh,631.23
658053,1012,5281,TikTok,2026-01-21 23:27:59,,https://valuetainment.com/?utm_campaign=vt summit vip&utm_source=meta&utm_medium=Paid_Social,
232413,1012,5654,Google,01/19/2026 10:14,9.52,https://valuetainment.com/?utm_medium=Paid_Social&utm_source=TikTok&utm_campaign=vt_summit_vip,
839196,1003,5095,google,2026-03-05 18:39:14,3.02,https://valuetainment.com/?utm_campaign=vt--summit--earlybird!!&utm_source=tik_tok&utm_medium=CPC,
424404,1007,5754,Google,2025-10-07T09:04:33Z,9.65,https://valuetainment.com/?utm_medium=CPC&utm_source=Google&utm_campaign=vt_summit_lastcall,217.17
913608,1001,5114,GOOGLE,2026-02-19T09:25:36Z,5.02,https://valuetainment.com/?utm_campaign=PBD_POD_PROSP_Q1&utm_medium=paid&utm_source=tiktok,
284028,1003,5089,Google,2026-03-26 11:20:51,6.38,https://valuetainment.com/?utm_source=facebook&utm_campaign=vt_summit_e@rlybird&utm_medium=paid,203.62
399537,1001,5654,google,2025-11-09T17:21:39Z,,https://valuetainment.com/?utm_source=META&utm_campaign= pbd_pod_prosp_q1 &utm_medium=cpc,
492136,1003,5027,Google,2026-03-05 20:14:42,7.14,https://valuetainment.com/?utm_medium=CPC&utm_source=facebook&utm_campaign=vt summit earlybird,172.87
199217,1013,5030,meta,10/24/2025 20:35,3.17,https://valuetainment.com/?utm_campaign=Pat_lib_bundle&utm_source=Google&utm_medium=Paid_Social,
719323,1009,5777,GOOGLE,04/29/2026 10:28,8.67,https://valuetainment.com/?utm_medium=ppc&utm_source=facebook&utm_campaign=leadership-101-ev,
278026,1006,5718,GOOGLE,2026-03-14T01:44:02Z,,https://valuetainment.com/?utm_source=tik_tok&utm_medium=ppc&utm_campaign=ceo_boot,
454466,1001,5558,Google,2026-02-06T00:10:48Z,2.87,https://valuetainment.com/?utm_medium=cpc&utm_source=google&utm_campaign=pbd--pod--prosp--q1!!,47.51
430348,1011,5030,tiktok,2026-06-08 13:38:17,4.46,https://valuetainment.com/?utm_medium=paid&utm_campaign=consult-dfy-retgt,388.71
354976,1008,5225,META ,2026-05-14T20:31:31Z,9.45,https://valuetainment.com/?utm_campaign=BRAND_FX_SPONSOR&utm_medium=Paid_Social&utm_source=TikTok,608.36
510757,1006,5142,tik_tok,04/16/2026 18:42,4.03,https://valuetainment.com/?utm_campaign=ceo_bootcamp_prosp&utm_source=facebook&utm_medium=CPC,
568189,1015,5758,tiktok,2026-03-10 13:52:46,10.89,https://valuetainment.com/?utm_campaign=pbd yt remarketing&utm_source=google&utm_medium=Paid_Social,708.91
661869,1007,5459,Google,01/31/2026 11:57,10.41,https://valuetainment.com/?utm_source=tik_tok&utm_campaign= vt_summit_lastcall &utm_medium=cpc,3.81
940480,1002,5095,Meta,04/22/2026 03:34,2.24,https://valuetainment.com/?utm_medium=CPC&utm_source=facebook&utm_campaign=Brand_gs_promo,
296953,1001,5890,google,2026-06-04T11:51:41Z,5.3,https://valuetainment.com/?utm_campaign=pbd--pod--prosp--q1!!&utm_source=tiktok&utm_medium=Paid_Social,248.93
115649,1009,5225,meta,2025-10-06 17:17:52,9.08,https://valuetainment.com/?utm_source=Google&utm_campaign=leadersh,281.52
120837,1004,5225,meta,05/19/2026 07:14,12.06,https://valuetainment.com/?utm_medium=cpc&utm_campaign=sales mastery lnch,426.92
964318,1014,5203,meta,2025-10-27T01:29:09Z,9.12,https://valuetainment.com/?utm_medium=CPC&utm_campaign=BRAND_PROTEIN_Q2&utm_source=google,
737319,1008,5030,tiktok,12/10/2025 17:37,8.96,https://valuetainment.com/?utm_campaign= brand_fx_sponsor &utm_source=TikTok&utm_medium=paid,
753770,1011,5027,Meta,2026-04-16 23:40:29,10.32,https://valuetainment.com/?utm_campaign=CONSULT_DFY_RETGT&utm_source=TikTok&utm_medium=cpc,144.29
745878,1007,5603,META,2026-03-03T16:58:17Z,8.69,https://valuetainment.com/?utm_source=Google&utm_medium=CPC&utm_campaign=vt_summi,797.45
929090,1002,5616,tiktok,2026-01-10T19:31:17Z,3.64,https://valuetainment.com/?utm_medium=Paid_Social&utm_campaign=BRAND_GS_PROMO&utm_source=tiktok,
200492,1006,5517,META,04/26/2026 12:14,6.32,https://valuetainment.com/?utm_source=Google&utm_campaign=ceo_bootcamp_prosp&utm_medium=cpc,
212235,1002,5558,TikTok,2026-02-11 03:52:33,2.32,https://valuetainment.com/?utm_campaign=Brand_gs_promo&utm_source=Google,
961529,1002,5890,meta,2026-06-06 13:57:24,1.77,https://valuetainment.com/?utm_source=tik_tok&utm_campaign=brand_gs_promo&utm_medium=cpc,
833911,1003,5104,meta,2025-11-19T12:26:45Z,5.65,https://valuetainment.com/?utm_medium=CPC&utm_campaign=vt_summit_earlybird&utm_source=TikTok,
417672,1010,5459,google,2026-04-04T05:43:22Z,0.6,https://valuetainment.com/?utm_campaign=pbd-cold-scale&utm_medium=paid&utm_source=tiktok,406.87
246518,1015,5754,META,2025-10-08T13:24:12Z,9.64,https://valuetainment.com/?utm_source=TikTok&utm_campaign=pbd--yt--remarketing!!&utm_medium=cpc,104.02
611177,1001,5429,Meta,2025-10-24T13:48:31Z,6.64,https://valuetainment.com/?utm_source=tik_tok&utm_campaign= pbd_pod_prosp_q1 &utm_medium=cpc,748.22
339636,1007,5225,meta,2026-01-04 15:20:25,9.13,https://valuetainment.com/?utm_campaign= vt_summit_lastcall &utm_medium=Paid_Social&utm_source=tiktok,384.13
722286,1002,5828,google,2026-01-30T03:01:33Z,11.88,https://valuetainment.com/?utm_campaign= brand_gs_promo &utm_source=tik_tok,343.73
258010,1006,5913,META,01/05/2026 15:52,3.9,https://valuetainment.com/?utm_source=meta&utm_medium=paid&utm_campaign=ce0_b00tc@mp_pr0sp,
943285,1014,5759,Meta,2026-02-06 09:20:15,5.91,https://valuetainment.com/?utm_campaign=br@nd_pr0tein_q2&utm_medium=CPC,613.68
697935,1009,5459,Meta,12/14/2025 09:21,,https://valuetainment.com/?utm_medium=paid&utm_campaign=leadership_101_ev,610.6
350838,1006,5223,google,2025-11-05T17:42:15Z,10.0,https://valuetainment.com/?utm_campaign=ceo bootcamp prosp&utm_medium=CPC&utm_source=Google,795.31
977500,1010,5281,google,05/24/2026 09:53,10.47,https://valuetainment.com/?utm_campaign=PBD_COLD_SCALE&utm_medium=paid,
784302,1014,5203,google,2025-10-19T00:33:19Z,9.92,https://valuetainment.com/?utm_campaign=brand--protein--q2!!&utm_source=Google&utm_medium=CPC,586.95
796405,1011,5733,Meta,04/11/2026 03:04,10.69,https://valuetainment.com/?utm_medium=CPC&utm_campaign=c0nsult_dfy_retgt&utm_source=Google,318.17
798063,1014,5603,Google,2026-01-01T00:38:18Z,4.43,https://valuetainment.com/?utm_medium=ppc&utm_campaign=brand_pr&utm_source=TikTok,
975064,1014,5432,Meta,02/02/2026 19:57,,https://valuetainment.com/?utm_campaign=brand_pr&utm_source=tiktok,
847496,1009,5025,meta,2026-03-29 05:18:02,11.76,https://valuetainment.com/?utm_medium=paid&utm_source=tik_tok&utm_campaign=LEADERSHIP_101_EV,613.27
271166,1015,5558,Google,2026-04-24 04:19:03,7.98,https://valuetainment.com/?utm_campaign=pbd yt remarketing&utm_medium=Paid_Social&utm_source=TikTok,721.73
567383,1003,5459,META,05/10/2026 01:35,,https://valuetainment.com/?utm_medium=Paid_Social&utm_source=TikTok&utm_campaign= vt_summit_earlybird ,646.05
654617,1014,5718,meta,2026-02-16T09:57:18Z,10.73,https://valuetainment.com/?utm_campaign=brandproteinq2&utm_source=TikTok&utm_medium=CPC,
743830,1008,5142,Meta,2026-05-24 09:21:42,0.51,https://valuetainment.com/?utm_medium=ppc&utm_campaign=Brand_fx_sponsor&utm_source=facebook,203.6
837815,1006,5203,meta,2025-10-17T05:22:17Z,4.8,https://valuetainment.com/?utm_campaign=ceo--bootcamp--prosp!!&utm_medium=paid&utm_source=google,261.77
835050,1004,5030,tiktok,04/13/2026 00:42,4.2,https://valuetainment.com/?utm_source=meta&utm_campaign=SALES_MASTERY_LNCH&utm_medium=ppc,
980957,1013,5517,google,01/29/2026 05:45,4.74,https://valuetainment.com/?utm_source=meta&utm_campaign=PAT_LIB_BUNDLE,253.17
286340,1003,5828,meta,2025-12-10T17:07:29Z,11.88,https://valuetainment.com/?utm_source=google&utm_medium=CPC&utm_campaign= vt_summit_earlybird ,313.28
518233,1002,5114,Meta,12/03/2025 06:43,3.34,https://valuetainment.com/?utm_source=Google&utm_medium=Paid_Social&utm_campaign=brand-gs-promo,319.13
571778,1011,5459,META ,03/04/2026 13:56,4.93,https://valuetainment.com/?utm_source=Google&utm_campaign=consultdfyretgt,459.14
415475,1008,5459,META,2026-05-27 13:45:49,1.16,https://valuetainment.com/?utm_source=META&utm_campaign=brandfxsponsor,
114601,1006,5223,meta,2026-02-02 04:32:50,3.05,https://valuetainment.com/?utm_campaign=ceo-bootcamp-prosp&utm_source=google,93.93
819839,1001,5114,META ,05/11/2026 00:13,3.39,https://valuetainment.com/?utm_campaign=pbd_pod_prosp_q1&utm_source=tik_tok&utm_medium=CPC,361.8
286522,1010,5089,Google,05/02/2026 22:50,10.62,https://valuetainment.com/?utm_source=META&utm_campaign=pbdcoldscale,762.8
880569,1003,5758,Meta,2026-02-22 22:25:23,3.53,https://valuetainment.com/?utm_source=Google&utm_medium=Paid_Social&utm_campaign=vt-summit-earlybird,325.5
429318,1007,5692,meta,2025-11-19T15:01:38Z,2.89,https://valuetainment.com/?utm_medium=ppc&utm_campaign=vt summit lastcall&utm_source=meta,119.39
131957,1003,5250,tik_tok,2025-10-02 12:11:05,8.06,https://valuetainment.com/?utm_campaign=vt-summit-earlybird&utm_medium=CPC&utm_source=google,639.7
289030,1002,5913,google,2026-02-05 15:53:54,11.51,https://valuetainment.com/?utm_source=tiktok&utm_campaign= brand_gs_promo &utm_medium=CPC,614.57
284651,1008,5692,meta,2026-06-05T21:33:35Z,0.59,https://valuetainment.com/?utm_medium=cpc&utm_source=Google&utm_campaign=brand--fx--sponsor!!,571.63
631173,1005,5284,META,04/23/2026 07:09,9.16,https://valuetainment.com/?utm_source=google&utm_medium=CPC&utm_campaign= pbd_retarget_warm ,156.86
375868,1009,5203,Meta,2026-03-18T00:24:50Z,4.42,https://valuetainment.com/?utm_campaign=le@dership_101_ev,43.38
659552,1008,5429,GOOGLE,06/04/2026 15:28,,https://valuetainment.com/?utm_source=meta&utm_campaign=brand_fx,39.93
710152,1002,5665,google,05/18/2026 15:07,4.06,https://valuetainment.com/?utm_campaign=brand_gs&utm_source=META,39.5
922175,1013,5203,meta,04/01/2026 03:39,5.65,https://valuetainment.com/?utm_campaign=pat--lib--bundle!!,432.0
612782,1004,5828,tiktok,10/16/2025 15:31,2.75,https://valuetainment.com/?utm_medium=Paid_Social&utm_campaign=s@les_m@stery_lnch&utm_source=tik_tok,492.64
142942,1008,5429,META,10/02/2025 23:26,10.4,https://valuetainment.com/?utm_source=facebook&utm_campaign=brand_fx_sponsor&utm_medium=CPC,
873449,1004,5558,google,2026-03-01T02:53:19Z,2.85,https://valuetainment.com/?utm_medium=CPC&utm_campaign=sales-mastery-lnch&utm_source=tiktok,75.17
988217,1003,5692,META ,2026-03-10T08:26:31Z,10.39,https://valuetainment.com/?utm_source=META&utm_campaign=vtsummitearlybird&utm_medium=CPC,89.43
771736,1001,5225,Google,2026-02-03 19:11:20,3.84,https://valuetainment.com/?utm_source=tiktok&utm_campaign=pbd_p0d_pr0sp_q1&utm_medium=cpc,246.22
650818,1008,5250,meta,2026-03-09T00:26:59Z,1.25,https://valuetainment.com/?utm_campaign=brand-fx-sponsor&utm_medium=CPC&utm_source=tik_tok,604.89
959926,1005,5284,Meta,11/06/2025 18:54,0.82,https://valuetainment.com/?utm_medium=cpc&utm_source=META&utm_campaign=PBD_RETARGET_WARM,361.76
640483,1006,5733,TIKTOK,2026-01-23 11:36:52,4.72,https://valuetainment.com/?utm_medium=CPC&utm_campaign=ceobootcampprosp&utm_source=google,793.68
457223,1006,5828,tik_tok,11/07/2025 15:47,4.52,https://valuetainment.com/?utm_campaign=ceo_boot&utm_medium=CPC&utm_source=facebook,470.16
378459,1015,5913,meta,03/24/2026 02:44,,https://valuetainment.com/?utm_campaign=pbd-yt-remarketing&utm_medium=ppc&utm_source=google,
179484,1005,5025,meta,04/20/2026 02:12,0.74,https://valuetainment.com/?utm_campaign=pbd retarget warm&utm_medium=Paid_Social&utm_source=meta,
292864,1001,5733,meta,2025-12-14T10:14:53Z,3.55,https://valuetainment.com/?utm_medium=CPC&utm_campaign= pbd_pod_prosp_q1 &utm_source=Google,706.34
832712,1005,5654,TIKTOK,2026-05-30T23:35:30Z,5.32,https://valuetainment.com/?utm_medium=ppc&utm_campaign=pbd--retarget--warm!!&utm_source=Google,
373698,1010,5828,TIKTOK,2026-04-30 17:37:23,7.93,https://valuetainment.com/?utm_source=tiktok&utm_campaign=pbd cold scale,
381850,1010,5089,Meta,03/24/2026 15:49,5.93,https://valuetainment.com/?utm_medium=CPC&utm_campaign=pbd--cold--scale!!,
527826,1015,5027,Google,2026-04-10 10:35:50,11.4,https://valuetainment.com/?utm_source=Google&utm_campaign=pbd_yt_r&utm_medium=CPC,
904538,1002,5758,Google,2025-11-06T02:50:22Z,6.89,https://valuetainment.com/?utm_source=Google&utm_medium=paid&utm_campaign=BRAND_GS_PROMO,
243885,1002,5006,google,2026-05-31 01:05:48,5.46,https://valuetainment.com/?utm_campaign=brand gs promo&utm_medium=Paid_Social,631.14
186558,1002,5032,meta,2025-12-06 06:00:20,3.37,https://valuetainment.com/?utm_source=meta&utm_campaign=brand-gs-promo&utm_medium=ppc,112.2
828338,1014,5089,Google,2025-11-11T05:57:17Z,6.83,https://valuetainment.com/?utm_campaign=br@nd_pr0tein_q2&utm_source=tik_tok,296.04
844262,1009,5203,GOOGLE,2025-12-06T09:03:12Z,,https://valuetainment.com/?utm_campaign=leadership_101_ev&utm_source=facebook&utm_medium=ppc,551.29
970455,1011,5459,google,2026-06-06 02:48:29,6.44,https://valuetainment.com/?utm_campaign=consultdfyretgt&utm_source=meta,626.66
286207,1013,5459,Meta,05/06/2026 15:52,,https://valuetainment.com/?utm_campaign=patlibbundle&utm_medium=ppc&utm_source=facebook,301.83
773121,1001,5604,META ,2025-10-22 06:18:23,7.65,https://valuetainment.com/?utm_campaign=PBD_POD_PROSP_Q1&utm_medium=Paid_Social&utm_source=google,716.9
511404,1008,5758,TikTok,2026-05-11 07:23:47,1.71,https://valuetainment.com/?utm_medium=cpc&utm_campaign=brand_fx&utm_source=META,523.14
373257,1007,5006,google,03/19/2026 20:21,6.22,https://valuetainment.com/?utm_source=meta&utm_medium=ppc&utm_campaign=VT_SUMMIT_LASTCALL,567.87
575062,1015,5665,google,2025-12-06T20:24:52Z,12.47,https://valuetainment.com/?utm_source=Google&utm_campaign=pbd_yt_rem@rketing&utm_medium=Paid_Social,453.83
593623,1003,5758,Google,2026-06-01T06:04:10Z,4.68,https://valuetainment.com/?utm_medium=CPC&utm_campaign=vt--summit--earlybird!!&utm_source=tik_tok,
168476,1010,5006,Google,01/08/2026 18:58,3.16,https://valuetainment.com/?utm_campaign=pbd_cold&utm_source=tik_tok,109.24
422364,1014,5114,META ,2026-02-08T10:02:28Z,3.85,https://valuetainment.com/?utm_campaign=brand-protein-q2&utm_source=META&utm_medium=ppc,382.5
992247,1005,5223,google,2026-01-14 14:48:44,10.1,https://valuetainment.com/?utm_medium=cpc&utm_campaign=pbd-retarget-warm&utm_source=google,588.28
568368,1005,5030,TikTok,11/04/2025 16:53,10.24,https://valuetainment.com/?utm_campaign=pbd-retarget-warm&utm_medium=paid,347.33
442531,1008,5604,TikTok,05/06/2026 07:05,8.42,https://valuetainment.com/?utm_medium=cpc&utm_campaign=brandfxsponsor,292.28
732950,1002,5142,meta,02/21/2026 17:19,10.18,https://valuetainment.com/?utm_medium=ppc&utm_source=TikTok&utm_campaign=brand-gs-promo,718.01
534160,1006,5281,meta,04/16/2026 14:07,7.45,https://valuetainment.com/?utm_medium=cpc&utm_source=facebook&utm_campaign=ceo_bootcamp_prosp,137.73
755344,1004,5030,META ,2026-01-11T22:49:17Z,2.39,https://valuetainment.com/?utm_campaign=sales_ma&utm_source=tiktok,206.56
826035,1015,5281,Google,01/27/2026 02:32,0.63,https://valuetainment.com/?utm_campaign=pbd_yt_rem@rketing&utm_source=tiktok,375.33
270751,1003,5654,Google,2026-01-30T05:54:11Z,4.69,https://valuetainment.com/?utm_campaign=vt_summit_earlybird&utm_source=meta&utm_medium=Paid_Social,83.27
860609,1010,5095,META,10/30/2025 03:50,7.66,https://valuetainment.com/?utm_campaign=pbdcoldscale&utm_source=tiktok&utm_medium=Paid_Social,587.17
770916,1014,5104,google,11/04/2025 10:29,2.45,https://valuetainment.com/?utm_medium=cpc&utm_campaign=brand protein q2,
483886,1013,5759,Meta,2025-11-11 14:45:25,10.88,https://valuetainment.com/?utm_medium=ppc&utm_source=meta&utm_campaign=Pat_lib_bundle,
204415,1004,5828,google,06/01/2026 15:01,1.97,https://valuetainment.com/?utm_medium=ppc&utm_source=META&utm_campaign=s@les_m@stery_lnch,
888533,1003,5225,meta,05/28/2026 15:25,8.63,https://valuetainment.com/?utm_campaign=VT_SUMMIT_EARLYBIRD&utm_medium=ppc,
671493,1010,5025,Google,2025-11-15 22:18:55,0.58,https://valuetainment.com/?utm_source=google&utm_medium=cpc&utm_campaign=pbd_cold_scale,
385951,1006,5604,META ,2026-04-01 09:10:35,5.9,https://valuetainment.com/?utm_source=TikTok&utm_campaign=ceo_boot&utm_medium=paid,
340812,1003,5032,google,12/23/2025 00:25,4.45,https://valuetainment.com/?utm_source=tik_tok&utm_campaign=vt-summit-earlybird&utm_medium=Paid_Social,69.91
464708,1014,5238,GOOGLE,2025-12-06T13:30:56Z,8.81,https://valuetainment.com/?utm_source=facebook&utm_medium=ppc&utm_campaign=br@nd_pr0tein_q2,589.45
303103,1007,5142,meta,2025-11-24T02:48:07Z,6.17,https://valuetainment.com/?utm_campaign=vt_summit_lastcall,
455652,1015,5459,google,11/25/2025 01:37,2.04,https://valuetainment.com/?utm_source=tiktok&utm_medium=cpc&utm_campaign=pbd_yt_remarketing,
772723,1002,5089,tik_tok,02/11/2026 17:36,7.14,https://valuetainment.com/?utm_source=facebook&utm_campaign=brandgspromo&utm_medium=ppc,18.06
877947,1005,5025,Meta,2026-03-20T23:40:58Z,1.93,https://valuetainment.com/?utm_source=meta&utm_campaign=pbd_retarget_warm&utm_medium=Paid_Social,630.35
328026,1009,5281,Google,06/08/2026 23:40,3.8,https://valuetainment.com/?utm_campaign=le@dership_101_ev&utm_source=tik_tok,706.69
998285,1005,5574,Meta,04/12/2026 06:12,8.49,https://valuetainment.com/?utm_campaign=pbd_ret@rget_w@rm&utm_medium=Paid_Social&utm_source=tik_tok,
830609,1015,5104,TikTok,04/25/2026 02:37,4.05,https://valuetainment.com/?utm_campaign=pbd-yt-remarketing&utm_medium=Paid_Social&utm_source=TikTok,85.67
738461,1005,5828,meta,2026-02-23 00:16:06,11.8,https://valuetainment.com/?utm_campaign= pbd_retarget_warm &utm_medium=ppc&utm_source=Google,219.44
947038,1004,5223,tik_tok,2026-02-27T20:52:31Z,6.34,https://valuetainment.com/?utm_campaign=sales_ma&utm_medium=Paid_Social&utm_source=tik_tok,538.11
906814,1008,5913,GOOGLE,11/23/2025 17:58,5.05,https://valuetainment.com/?utm_medium=cpc&utm_campaign=br@nd_fx_sp0ns0r&utm_source=TikTok,773.01
964264,1007,5429,META ,06/05/2026 18:55,1.97,https://valuetainment.com/?utm_campaign= vt_summit_lastcall &utm_medium=paid&utm_source=tik_tok,506.26
608581,1001,5758,TIKTOK,02/03/2026 04:14,3.66,https://valuetainment.com/?utm_campaign=Pbd_pod_prosp_q1&utm_medium=paid&utm_source=google,
412893,1011,5432,google,10/14/2025 01:25,2.49,https://valuetainment.com/?utm_campaign=consult--dfy--retgt!!&utm_source=Google&utm_medium=CPC,684.83
914290,1006,5604,TIKTOK,2025-12-09 09:02:11,5.23,https://valuetainment.com/?utm_campaign= ceo_bootcamp_prosp &utm_source=facebook,642.79
807203,1015,5517,META ,2026-02-03 01:16:17,5.82,https://valuetainment.com/?utm_medium=paid&utm_source=TikTok&utm_campaign=Pbd_yt_remarketing,43.85
977371,1013,5692,TikTok,05/25/2026 09:22,7.29,https://valuetainment.com/?utm_source=Google&utm_campaign= pat_lib_bundle ,
198450,1013,5616,meta,12/09/2025 14:39,1.1,https://valuetainment.com/?utm_source=meta&utm_medium=CPC&utm_campaign=patlibbundle,457.67
576371,1001,5733,Google,2025-12-06 01:01:49,,https://valuetainment.com/?utm_campaign=pbd pod prosp q1&utm_medium=paid&utm_source=TikTok,433.91
197328,1004,5692,meta,2025-10-11T19:57:54Z,4.21,https://valuetainment.com/?utm_campaign=salesmasterylnch&utm_source=Google&utm_medium=ppc,
403170,1002,5459,google,01/10/2026 00:19,2.78,https://valuetainment.com/?utm_medium=cpc&utm_source=META&utm_campaign=brand gs promo,750.14
751493,1008,5225,META,2026-02-08 23:26:26,5.75,https://valuetainment.com/?utm_campaign=brand--fx--sponsor!!&utm_medium=CPC&utm_source=tiktok,524.37
272537,1014,5238,meta,2026-03-31 21:09:53,10.39,https://valuetainment.com/?utm_campaign=brand protein q2&utm_medium=paid&utm_source=google,645.19
521900,1014,5284,tik_tok,2026-01-23 17:28:32,1.62,https://valuetainment.com/?utm_campaign=brand--protein--q2!!&utm_source=google&utm_medium=paid,311.25
383894,1010,5095,Meta,2026-04-25 16:22:14,2.58,https://valuetainment.com/?utm_campaign=Pbd_cold_scale&utm_medium=CPC&utm_source=Google,411.36
701631,1009,5032,Google,2026-04-04 01:46:55,5.95,https://valuetainment.com/?utm_source=Google&utm_medium=cpc&utm_campaign=le@dership_101_ev,128.59
642670,1010,5027,Google,04/19/2026 08:58,7.53,https://valuetainment.com/?utm_campaign= pbd_cold_scale &utm_source=META&utm_medium=paid,419.5
909046,1012,5558,TIKTOK,2026-04-06 08:10:41,8.6,https://valuetainment.com/?utm_campaign=vt-summit-vip&utm_source=tik_tok&utm_medium=ppc,195.86
414549,1012,5030,META ,2025-11-27T23:02:12Z,,https://valuetainment.com/?utm_source=google&utm_campaign=vt_summit_vip&utm_medium=CPC,573.9
860666,1015,5025,Meta,2026-04-26 09:05:35,11.4,https://valuetainment.com/?utm_campaign=pbd yt remarketing&utm_source=Google&utm_medium=paid,440.78
384882,1009,5250,Google,2026-05-02 11:41:12,8.24,https://valuetainment.com/?utm_source=TikTok&utm_campaign= leadership_101_ev &utm_medium=cpc,799.74
851583,1014,5759,TIKTOK,12/09/2025 12:35,9.28,https://valuetainment.com/?utm_source=tik_tok&utm_campaign=brand_pr,560.33
393247,1005,5665,meta,05/07/2026 17:25,3.15,https://valuetainment.com/?utm_medium=Paid_Social&utm_campaign=pbdretargetwarm&utm_source=tik_tok,
971733,1005,5459,meta,03/24/2026 12:33,10.82,https://valuetainment.com/?utm_campaign=pbd_ret@rget_w@rm&utm_medium=CPC,
744907,1001,5429,google,04/26/2026 18:54,11.0,https://valuetainment.com/?utm_medium=ppc&utm_campaign=pbd_pod_&utm_source=meta,64.3
838739,1002,5429,meta,2025-10-15T02:35:22Z,5.31,https://valuetainment.com/?utm_source=Google&utm_campaign=br@nd_gs_pr0m0,396.26
745471,1013,5913,tiktok,2026-05-20T08:31:49Z,10.51,https://valuetainment.com/?utm_campaign=pat_lib_&utm_source=tik_tok,
702010,1006,5025,google,2026-04-23 23:30:01,7.63,https://valuetainment.com/?utm_source=meta&utm_medium=cpc&utm_campaign=ceo--bootcamp--prosp!!,652.7
934747,1015,5733,Meta,01/31/2026 06:20,6.79,https://valuetainment.com/?utm_campaign=PBD_YT_REMARKETING&utm_source=meta&utm_medium=ppc,
468149,1001,5095,Meta,2025-11-04T17:18:48Z,10.04,https://valuetainment.com/?utm_medium=cpc&utm_campaign=pbdpodprospq1&utm_source=TikTok,165.78
372953,1007,5225,GOOGLE,2025-12-07T03:24:22Z,1.07,https://valuetainment.com/?utm_medium=ppc&utm_campaign=vt_summi&utm_source=meta,754.76
823369,1013,5284,google,2025-10-18T16:54:11Z,1.64,https://valuetainment.com/?utm_source=tik_tok&utm_campaign=pat-lib-bundle&utm_medium=cpc,609.54
307927,1013,5574,Google,2025-11-11 03:52:33,5.41,https://valuetainment.com/?utm_campaign=pat_lib_bundle&utm_source=TikTok,656.77
325993,1010,5828,meta,2026-04-15T11:49:36Z,7.46,https://valuetainment.com/?utm_source=google&utm_medium=ppc&utm_campaign=Pbd_cold_scale,381.4
291195,1003,5432,GOOGLE,2025-11-24 05:50:06,5.21,https://valuetainment.com/?utm_source=META&utm_medium=cpc&utm_campaign=vt-summit-earlybird,
903036,1004,5203,Google,2025-12-07 20:31:15,6.12,https://valuetainment.com/?utm_campaign= sales_mastery_lnch &utm_source=facebook,269.03
954678,1011,5558,google,2026-01-26T02:30:10Z,7.97,https://valuetainment.com/?utm_medium=Paid_Social&utm_campaign=Consult_dfy_retgt&utm_source=meta,
270814,1005,5759,META,05/03/2026 14:22,4.34,https://valuetainment.com/?utm_campaign=pbd_ret@rget_w@rm&utm_medium=CPC&utm_source=META,
575062,1015,5665,google,2025-12-06T20:24:52Z,12.47,https://valuetainment.com/?utm_source=Google&utm_campaign=pbd_yt_rem@rketing&utm_medium=Paid_Social,453.83
572355,1012,5095,Meta,2026-04-14 03:10:33,2.81,https://valuetainment.com/?utm_medium=cpc&utm_source=Google&utm_campaign=vt summit vip,145.84
572209,1015,5095,TIKTOK,06/01/2026 17:18,6.93,https://valuetainment.com/?utm_campaign=Pbd_yt_remarketing&utm_source=tik_tok&utm_medium=CPC,113.7
518829,1007,5203,tik_tok,2025-11-20T23:52:52Z,8.77,https://valuetainment.com/?utm_campaign=vt_summit_lastcall&utm_source=google&utm_medium=cpc,785.31
264458,1012,5203,meta,11/16/2025 22:33,4.9,https://valuetainment.com/?utm_medium=ppc&utm_campaign=vt_summit_vip&utm_source=Google,481.28
297711,1001,5250,meta,01/19/2026 11:51,4.82,https://valuetainment.com/?utm_source=META&utm_medium=cpc&utm_campaign= pbd_pod_prosp_q1 ,137.84
782540,1006,5913,meta,2025-11-09 21:08:13,9.88,https://valuetainment.com/?utm_medium=ppc&utm_source=meta&utm_campaign= ceo_bootcamp_prosp ,262.55
317218,1002,5250,tik_tok,01/26/2026 02:00,5.5,https://valuetainment.com/?utm_medium=paid&utm_campaign=Brand_gs_promo&utm_source=META,156.6
714920,1007,5089,google,2026-03-24T09:01:26Z,9.09,https://valuetainment.com/?utm_medium=Paid_Social&utm_source=Google&utm_campaign=vt summit lastcall,
481308,1004,5574,Meta,10/27/2025 15:45,5.9,https://valuetainment.com/?utm_medium=Paid_Social&utm_campaign=sales_ma&utm_source=META,162.42
452457,1007,5754,GOOGLE,2026-04-26 10:23:35,10.07,https://valuetainment.com/?utm_campaign=VT_SUMMIT_LASTCALL&utm_medium=Paid_Social&utm_source=facebook,672.4
663499,1009,5095,google,2025-10-20T23:08:27Z,12.16,https://valuetainment.com/?utm_source=meta&utm_campaign=leadership-101-ev,
201698,1004,5030,meta,2026-04-02 21:59:54,,https://valuetainment.com/?utm_campaign=sales--mastery--lnch!!&utm_source=tik_tok&utm_medium=CPC,
481128,1001,5754,google,2026-02-20T10:11:32Z,5.28,https://valuetainment.com/?utm_source=tiktok&utm_medium=ppc&utm_campaign=pbd_p0d_pr0sp_q1,733.71
738873,1007,5027,meta,2026-05-06 19:01:48,10.92,https://valuetainment.com/?utm_campaign=vt_summit_lastcall&utm_medium=CPC&utm_source=google,
315518,1003,5459,tik_tok,2025-10-29 20:13:15,3.54,https://valuetainment.com/?utm_source=facebook&utm_campaign=vt--summit--earlybird!!&utm_medium=Paid_Social,26.64
474314,1005,5616,google,2026-03-05T08:28:23Z,1.03,https://valuetainment.com/?utm_source=tik_tok&utm_medium=Paid_Social&utm_campaign=pbd_ret@rget_w@rm,218.57
697750,1015,5089,meta,2026-05-26 09:17:30,3.29,https://valuetainment.com/?utm_medium=CPC&utm_campaign=Pbd_yt_remarketing&utm_source=meta,68.63
526833,1013,5718,TikTok,2025-10-22T00:54:43Z,1.62,https://valuetainment.com/?utm_campaign=pat_lib_bundle&utm_source=meta,338.86
565504,1004,5558,Meta,2025-10-03T17:38:54Z,,https://valuetainment.com/?utm_campaign=sales_mastery_lnch&utm_medium=ppc&utm_source=tiktok,
844238,1015,5228,meta,2026-05-23T07:18:47Z,10.02,https://valuetainment.com/?utm_campaign=pbd--yt--remarketing!!&utm_medium=CPC&utm_source=google,179.71
950785,1009,5459,GOOGLE,01/29/2026 02:45,7.42,https://valuetainment.com/?utm_source=meta&utm_campaign=leadership-101-ev&utm_medium=CPC,73.26
175055,1010,5459,meta,2025-10-17 00:25:23,4.56,https://valuetainment.com/?utm_campaign=pbd_cold_scale&utm_source=Google&utm_medium=cpc,
427859,1007,5095,META,2026-01-13 06:11:11,0.62,https://valuetainment.com/?utm_medium=CPC&utm_campaign=vt_summi,79.9
148908,1008,5225,tik_tok,2026-03-11T21:55:43Z,6.32,https://valuetainment.com/?utm_source=tik_tok&utm_campaign= brand_fx_sponsor ,422.18
465797,1001,5654,GOOGLE,03/18/2026 00:35,11.86,https://valuetainment.com/?utm_campaign= pbd_pod_prosp_q1 &utm_medium=paid&utm_source=TikTok,593.35
882634,1012,5616,Meta,2026-03-08T09:10:30Z,8.43,https://valuetainment.com/?utm_source=meta&utm_medium=cpc&utm_campaign=vt-summit-vip,238.61
223050,1010,5718,tiktok,2026-04-10 21:48:10,,https://valuetainment.com/?utm_campaign=pbdcoldscale&utm_source=google&utm_medium=paid,618.69
398354,1011,5517,meta,2025-10-17 08:19:39,,https://valuetainment.com/?utm_source=tiktok&utm_campaign=Consult_dfy_retgt&utm_medium=CPC,
756006,1001,5238,TikTok,2026-04-23 11:45:48,,https://valuetainment.com/?utm_campaign=pbd pod prosp q1&utm_source=tik_tok&utm_medium=Paid_Social,351.7
908251,1009,5758,google,11/04/2025 12:19,8.26,https://valuetainment.com/?utm_campaign=leadership101ev&utm_medium=CPC,602.66
827369,1007,5025,google,11/04/2025 04:46,8.43,https://valuetainment.com/?utm_source=tiktok&utm_campaign=VT_SUMMIT_LASTCALL&utm_medium=CPC,608.4
435027,1002,5517,GOOGLE,05/17/2026 10:25,3.04,https://valuetainment.com/?utm_campaign=brand_gs_promo&utm_source=tiktok&utm_medium=Paid_Social,146.47
792051,1001,5759,Google,2026-01-20T09:23:29Z,,https://valuetainment.com/?utm_campaign= pbd_pod_prosp_q1 &utm_medium=Paid_Social&utm_source=google,139.61
742390,1005,5432,Google,11/20/2025 05:18,7.05,https://valuetainment.com/?utm_medium=cpc&utm_campaign=pbd-retarget-warm&utm_source=tiktok,225.4
592833,1014,5032,meta,2025-10-23 16:25:40,6.51,https://valuetainment.com/?utm_medium=Paid_Social&utm_campaign=Brand_protein_q2,488.82
224074,1005,5225,google,04/16/2026 06:13,1.46,https://valuetainment.com/?utm_source=TikTok&utm_campaign=pbd_reta&utm_medium=cpc,120.5
552587,1009,5654,meta,05/01/2026 02:32,5.05,https://valuetainment.com/?utm_medium=Paid_Social&utm_source=META&utm_campaign=leadership_101_ev,
312345,1011,5104,TIKTOK,04/10/2026 12:36,0.53,https://valuetainment.com/?utm_campaign=c0nsult_dfy_retgt&utm_source=meta,745.75
492592,1013,5692,Google,2026-03-17 00:04:26,6.7,https://valuetainment.com/?utm_campaign=patlibbundle&utm_medium=ppc&utm_source=tik_tok,253.98
935500,1012,5913,META,2025-10-29T15:17:49Z,9.99,https://valuetainment.com/?utm_source=tiktok&utm_medium=Paid_Social&utm_campaign=vt--summit--vip!!,512.5
732203,1010,5142,tiktok,2025-10-02 07:11:05,10.58,https://valuetainment.com/?utm_source=google&utm_campaign=pbdcoldscale,173.52
694230,1008,5604,Meta,2026-03-27 02:50:37,3.4,https://valuetainment.com/?utm_source=Google&utm_campaign=Brand_fx_sponsor&utm_medium=cpc,146.15
229737,1006,5032,META,2026-05-02T16:18:49Z,3.01,https://valuetainment.com/?utm_campaign= ceo_bootcamp_prosp &utm_medium=cpc,185.22
117071,1011,5603,meta,2026-03-13T14:17:24Z,,https://valuetainment.com/?utm_campaign=consult-dfy-retgt&utm_medium=Paid_Social,475.26
428137,1012,5558,tiktok,2025-11-08T10:49:55Z,12.33,https://valuetainment.com/?utm_medium=cpc&utm_source=google&utm_campaign=vt_summit_vip,430.57
211813,1004,5654,Meta,12/04/2025 17:55,7.42,https://valuetainment.com/?utm_medium=CPC&utm_campaign=sales-mastery-lnch&utm_source=Google,639.65
845755,1015,5032,Google,2026-04-18T22:50:33Z,10.04,https://valuetainment.com/?utm_campaign=PBD_YT_REMARKETING,
810832,1010,5095,google,2026-01-24 13:42:33,2.51,https://valuetainment.com/?utm_medium=cpc&utm_campaign=pbd cold scale&utm_source=google,535.6
414639,1013,5777,Meta,2026-04-28T20:10:50Z,12.4,https://valuetainment.com/?utm_campaign=Pat_lib_bundle&utm_source=tiktok&utm_medium=cpc,151.51
879670,1007,5095,META,2026-01-05T15:02:47Z,11.79,https://valuetainment.com/?utm_medium=Paid_Social&utm_source=tiktok&utm_campaign=VT_SUMMIT_LASTCALL,156.38
356370,1010,5027,Meta,2026-02-03T11:17:20Z,5.36,https://valuetainment.com/?utm_medium=CPC&utm_campaign=pbd_cold_scale&utm_source=google,41.42
792354,1009,5114,meta,2025-12-28 22:12:59,7.33,https://valuetainment.com/?utm_medium=Paid_Social&utm_campaign=leadership_101_ev&utm_source=tiktok,
169556,1007,5025,META ,01/16/2026 17:27,8.94,https://valuetainment.com/?utm_campaign=vt_summit_l@stc@ll&utm_source=TikTok&utm_medium=CPC,618.33
713461,1013,5754,meta,02/26/2026 15:39,8.41,https://valuetainment.com/?utm_campaign=pat lib bundle&utm_source=Google&utm_medium=Paid_Social,761.78
248970,1007,5250,META,2026-03-16T12:08:54Z,10.48,https://valuetainment.com/?utm_campaign=vtsummitlastcall&utm_medium=CPC&utm_source=Google,99.47
498053,1002,5104,GOOGLE,2026-04-17 10:53:09,3.49,https://valuetainment.com/?utm_source=facebook&utm_campaign=brandgspromo&utm_medium=CPC,736.81
216308,1013,5574,Google,11/09/2025 05:41,10.82,https://valuetainment.com/?utm_source=tiktok&utm_medium=CPC&utm_campaign=pat-lib-bundle,298.87
812442,1013,5759,META ,2026-04-05 00:09:45,6.79,https://valuetainment.com/?utm_medium=CPC&utm_source=tik_tok&utm_campaign=pat lib bundle,220.5
701623,1011,5718,meta,2026-04-13T17:01:11Z,5.07,https://valuetainment.com/?utm_source=meta&utm_campaign=CONSULT_DFY_RETGT,
506918,1015,5006,GOOGLE,2026-05-27T12:17:27Z,8.26,https://valuetainment.com/?utm_source=tik_tok&utm_campaign=pbd_yt_remarketing&utm_medium=cpc,334.72
994253,1003,5665,meta,2026-02-02T02:46:26Z,,https://valuetainment.com/?utm_campaign=Vt_summit_earlybird&utm_medium=CPC&utm_source=meta,
833665,1010,5142,google,2026-03-12 05:16:48,,https://valuetainment.com/?utm_source=TikTok&utm_campaign=pbd-cold-scale,124.0
267414,1013,5238,meta,11/06/2025 00:27,4.55,https://valuetainment.com/?utm_campaign=p@t_lib_bundle&utm_medium=cpc&utm_source=tiktok,
888363,1006,5228,META,2026-03-08T04:11:09Z,4.74,https://valuetainment.com/?utm_medium=ppc&utm_source=meta&utm_campaign=Ceo_bootcamp_prosp,
810074,1015,5228,Meta,12/23/2025 14:51,5.5,https://valuetainment.com/?utm_medium=paid&utm_campaign=Pbd_yt_remarketing,
385107,1012,5429,Meta,2025-12-30T19:15:37Z,12.03,https://valuetainment.com/?utm_campaign=vt_summit_vip&utm_medium=Paid_Social,203.95
254869,1003,5095,Google,06/09/2026 00:30,12.43,https://valuetainment.com/?utm_source=tik_tok&utm_campaign=vt_summit_e@rlybird,205.79
793169,1002,5890,META,2025-10-07 03:05:25,2.04,https://valuetainment.com/?utm_campaign=brand-gs-promo&utm_medium=CPC&utm_source=facebook,630.75
815903,1008,5558,TikTok,02/20/2026 19:34,3.8,https://valuetainment.com/?utm_medium=cpc&utm_campaign=brand_fx_sponsor&utm_source=facebook,115.93
216242,1002,5828,Meta,11/25/2025 18:13,6.47,https://valuetainment.com/?utm_source=facebook&utm_campaign= brand_gs_promo &utm_medium=Paid_Social,505.56
427333,1009,5754,google,2026-04-04 03:52:47,6.79,https://valuetainment.com/?utm_source=meta&utm_campaign=leadership-101-ev&utm_medium=paid,
969024,1009,5025,meta,2025-10-30T18:28:35Z,12.24,https://valuetainment.com/?utm_source=tik_tok&utm_medium=cpc&utm_campaign= leadership_101_ev ,254.9
343977,1008,5665,TikTok,2025-12-14 22:34:01,7.18,https://valuetainment.com/?utm_source=tik_tok&utm_campaign=br@nd_fx_sp0ns0r,277.85
292362,1012,5104,meta,2026-05-19T12:19:03Z,7.55,https://valuetainment.com/?utm_campaign=vt summit vip&utm_source=TikTok&utm_medium=CPC,407.5
598938,1006,5603,meta,2025-10-30 20:09:33,5.45,https://valuetainment.com/?utm_medium=paid&utm_source=facebook&utm_campaign=ceo-bootcamp-prosp,
439171,1003,5006,google,02/25/2026 15:33,6.19,https://valuetainment.com/?utm_campaign=vtsummitearlybird&utm_medium=cpc,347.07
899890,1007,5104,google,2026-03-27 10:38:34,5.92,https://valuetainment.com/?utm_campaign=vt summit lastcall&utm_medium=cpc&utm_source=google,
656054,1008,5284,google,04/07/2026 10:35,3.58,https://valuetainment.com/?utm_source=TikTok&utm_medium=CPC&utm_campaign=brand fx sponsor,218.99
398133,1001,5142,Meta,2026-04-07T14:05:49Z,3.5,https://valuetainment.com/?utm_campaign=PBD_POD_PROSP_Q1&utm_source=meta&utm_medium=ppc,
660972,1002,5032,META,2026-03-27T21:09:25Z,9.21,https://valuetainment.com/?utm_campaign=Brand_gs_promo&utm_medium=ppc&utm_source=google,344.88
197869,1012,5574,META,2026-03-24 07:05:42,9.11,https://valuetainment.com/?utm_campaign=Vt_summit_vip&utm_source=google&utm_medium=Paid_Social,449.91
672257,1014,5777,Google,2026-04-18T05:05:21Z,10.08,https://valuetainment.com/?utm_medium=ppc&utm_source=TikTok&utm_campaign=brand-protein-q2,
559226,1002,5238,google,2025-10-23 11:52:36,7.87,https://valuetainment.com/?utm_medium=paid&utm_source=meta&utm_campaign= brand_gs_promo ,281.43
415413,1008,5604,meta,01/12/2026 02:35,12.37,https://valuetainment.com/?utm_campaign=br@nd_fx_sp0ns0r&utm_medium=CPC&utm_source=tik_tok,396.62
302717,1006,5604,Meta,02/25/2026 01:42,9.81,https://valuetainment.com/?utm_source=META&utm_campaign=CEO_BOOTCAMP_PROSP&utm_medium=ppc,
841632,1001,5828,Meta,12/01/2025 23:12,8.76,https://valuetainment.com/?utm_medium=CPC&utm_campaign=Pbd_pod_prosp_q1&utm_source=google,217.69
265890,1007,5718,tiktok,11/06/2025 07:30,10.74,https://valuetainment.com/?utm_source=TikTok&utm_campaign=Vt_summit_lastcall&utm_medium=Paid_Social,
958350,1012,5030,meta,2025-10-12T04:38:00Z,4.04,https://valuetainment.com/?utm_campaign=VT_SUMMIT_VIP&utm_source=tik_tok,
149661,1012,5733,google,2026-02-13 04:08:42,2.95,https://valuetainment.com/?utm_campaign=VT_SUMMIT_VIP&utm_source=META,399.67
822196,1005,5758,Google,01/17/2026 07:32,1.24,https://valuetainment.com/?utm_source=google&utm_campaign=pbd_reta&utm_medium=paid,182.36
740098,1004,5432,tik_tok,03/25/2026 19:38,10.11,https://valuetainment.com/?utm_source=tiktok&utm_medium=paid&utm_campaign=s@les_m@stery_lnch,756.33
281291,1010,5754,Google,2026-01-03T02:25:37Z,3.64,https://valuetainment.com/?utm_medium=paid&utm_source=TikTok&utm_campaign=PBD_COLD_SCALE,43.03
893359,1003,5223,google,2025-12-14 04:04:23,11.79,https://valuetainment.com/?utm_campaign=vt_summit_e@rlybird&utm_medium=cpc,286.71
452414,1013,5574,meta,2026-05-26T14:55:04Z,7.84,https://valuetainment.com/?utm_source=google&utm_campaign=pat-lib-bundle&utm_medium=ppc,
224038,1009,5238,meta,2026-03-16 22:08:52,6.64,https://valuetainment.com/?utm_medium=ppc&utm_campaign=le@dership_101_ev&utm_source=META,
584819,1006,5459,meta,02/26/2026 18:29,9.76,https://valuetainment.com/?utm_source=google&utm_campaign=ceo-bootcamp-prosp,66.58
736565,1008,5733,meta,2026-01-19T00:02:54Z,3.74,https://valuetainment.com/?utm_campaign=Brand_fx_sponsor&utm_source=TikTok,91.05
904538,1002,5758,Google,2025-11-06T02:50:22Z,6.89,https://valuetainment.com/?utm_source=Google&utm_medium=paid&utm_campaign=BRAND_GS_PROMO,
136766,1002,5754,meta,2026-02-10 07:06:44,6.41,https://valuetainment.com/?utm_campaign=brand_gs_promo&utm_medium=Paid_Social&utm_source=tiktok,214.05
589216,1007,5250,meta,11/13/2025 18:31,2.13,https://valuetainment.com/?utm_medium=Paid_Social&utm_source=meta&utm_campaign=vt-summit-lastcall,
117445,1014,5114,Google,04/03/2026 07:30,8.57,https://valuetainment.com/?utm_campaign=brand_protein_q2&utm_source=google,466.96
266383,1013,5574,Google,2026-02-27 00:29:16,9.1,https://valuetainment.com/?utm_campaign=PAT_LIB_BUNDLE&utm_medium=ppc&utm_source=google,185.21
126885,1002,5603,meta,05/11/2026 01:30,8.03,https://valuetainment.com/?utm_campaign=brand--gs--promo!!&utm_medium=cpc&utm_source=META,22.25
904725,1012,5459,Google,2026-02-08T16:14:19Z,11.52,https://valuetainment.com/?utm_campaign=vt--summit--vip!!&utm_medium=paid&utm_source=google,
403445,1013,5718,GOOGLE,2026-02-19 16:28:56,10.76,https://valuetainment.com/?utm_campaign=patlibbundle&utm_medium=CPC&utm_source=tiktok,304.1
578946,1006,5759,google,2025-10-23 15:55:19,6.03,https://valuetainment.com/?utm_campaign=ceo--bootcamp--prosp!!&utm_medium=CPC&utm_source=facebook,303.8
256268,1008,5758,Meta,03/09/2026 00:29,10.79,https://valuetainment.com/?utm_medium=paid&utm_campaign=BRAND_FX_SPONSOR,
111370,1001,5284,TIKTOK,03/28/2026 15:38,10.49,https://valuetainment.com/?utm_campaign=pbd_pod_&utm_medium=Paid_Social&utm_source=google,531.09
958092,1010,5032,META,2026-02-17T10:57:50Z,7.16,https://valuetainment.com/?utm_source=tiktok&utm_campaign=PBD_COLD_SCALE&utm_medium=ppc,541.7
214140,1015,5104,meta,12/31/2025 09:05,4.1,https://valuetainment.com/?utm_source=google&utm_medium=CPC&utm_campaign=pbd_yt_r,794.74
199346,1005,5754,META,2025-12-08T02:12:13Z,12.28,https://valuetainment.com/?utm_source=tiktok&utm_campaign=pbd--retarget--warm!!,542.32
894114,1011,5558,google,2026-02-06 10:45:30,0.53,https://valuetainment.com/?utm_medium=cpc&utm_campaign= consult_dfy_retgt ,653.65
295356,1013,5718,Google,2025-10-17 07:07:45,1.47,https://valuetainment.com/?utm_campaign=Pat_lib_bundle&utm_source=tiktok,95.38
607955,1005,5429,Meta,03/10/2026 03:28,5.4,https://valuetainment.com/?utm_source=tiktok&utm_campaign=pbd_ret@rget_w@rm,680.39
216038,1003,5692,google,05/24/2026 20:14,10.97,https://valuetainment.com/?utm_source=tiktok&utm_campaign=vt_summit_earlybird&utm_medium=paid,96.16
892631,1010,5665,META,05/05/2026 18:47,8.22,https://valuetainment.com/?utm_campaign=pbd--cold--scale!!&utm_source=Google,441.56
980521,1013,5025,Google,2025-12-25T22:25:26Z,2.9,https://valuetainment.com/?utm_campaign=pat_lib_&utm_medium=paid&utm_source=facebook,
158926,1009,5250,Google,2026-01-31T11:26:33Z,12.23,https://valuetainment.com/?utm_campaign=leadership101ev&utm_medium=paid&utm_source=facebook,719.34
303981,1002,5025,meta,2026-01-14T20:55:19Z,1.74,https://valuetainment.com/?utm_medium=ppc&utm_source=google&utm_campaign=brand-gs-promo,608.23
889305,1008,5432,META,02/16/2026 17:11,9.07,https://valuetainment.com/?utm_source=TikTok&utm_medium=CPC&utm_campaign=brand-fx-sponsor,142.86
295535,1008,5432,META ,2025-11-07 01:49:46,1.75,https://valuetainment.com/?utm_campaign=brand--fx--sponsor!!&utm_source=tiktok&utm_medium=cpc,197.96
770532,1005,5574,META ,2026-04-18T06:18:29Z,11.87,https://valuetainment.com/?utm_source=META&utm_campaign=pbd_retarget_warm,
720194,1011,5913,GOOGLE,2025-11-28 12:45:41,6.29,https://valuetainment.com/?utm_campaign=CONSULT_DFY_RETGT&utm_source=tiktok&utm_medium=CPC,489.7
338049,1013,5913,Meta,2025-12-31 20:07:21,12.4,https://valuetainment.com/?utm_campaign= pat_lib_bundle &utm_source=tik_tok&utm_medium=CPC,1.89
965101,1004,5890,Meta,2026-01-13 14:37:09,4.6,https://valuetainment.com/?utm_campaign=sales mastery lnch&utm_source=meta&utm_medium=ppc,472.62
488744,1004,5692,META,2026-03-30 01:48:51,6.94,https://valuetainment.com/?utm_medium=cpc&utm_source=google&utm_campaign=sales mastery lnch,
413538,1008,5459,google,05/24/2026 06:18,7.99,https://valuetainment.com/?utm_medium=cpc&utm_campaign=br@nd_fx_sp0ns0r&utm_source=meta,
259540,1001,5228,Meta,2026-01-13 13:04:49,,https://valuetainment.com/?utm_source=TikTok&utm_campaign=pbd_pod_prosp_q1,148.75
453669,1009,5238,TikTok,05/17/2026 11:33,11.21,https://valuetainment.com/?utm_source=tiktok&utm_campaign= leadership_101_ev &utm_medium=CPC,
804313,1005,5890,google,02/06/2026 11:45,,https://valuetainment.com/?utm_source=google&utm_campaign=PBD_RETARGET_WARM&utm_medium=paid,
435135,1011,5459,TikTok,2026-05-19T11:38:53Z,11.74,https://valuetainment.com/?utm_medium=Paid_Social&utm_campaign=consult--dfy--retgt!!&utm_source=TikTok,360.14
878796,1009,5104,meta,12/21/2025 08:57,4.09,https://valuetainment.com/?utm_source=meta&utm_medium=paid&utm_campaign=leadership 101 ev,
240592,1002,5754,google,2026-04-10T23:37:59Z,7.62,https://valuetainment.com/?utm_medium=ppc&utm_campaign=BRAND_GS_PROMO&utm_source=tiktok,93.2
816802,1013,5025,GOOGLE,2026-04-06T18:49:54Z,,https://valuetainment.com/?utm_campaign=pat--lib--bundle!!&utm_medium=Paid_Social&utm_source=tiktok,478.9
878774,1012,5777,meta,03/06/2026 20:58,4.6,https://valuetainment.com/?utm_campaign=Vt_summit_vip&utm_source=google,720.17
492592,1013,5692,Google,2026-03-17 00:04:26,6.7,https://valuetainment.com/?utm_campaign=patlibbundle&utm_medium=ppc&utm_source=tik_tok,253.98
769639,1012,5030,GOOGLE,2026-02-08 18:43:21,8.02,https://valuetainment.com/?utm_campaign= vt_summit_vip &utm_source=google,
834285,1012,5890,TikTok,2025-11-22 12:19:28,10.78,https://valuetainment.com/?utm_medium=ppc&utm_source=META&utm_campaign=Vt_summit_vip,315.69
696431,1001,5432,Meta,02/13/2026 23:19,,https://valuetainment.com/?utm_source=facebook&utm_campaign=pbd pod prosp q1&utm_medium=paid,
930763,1014,5203,meta,2026-04-13T17:14:03Z,8.8,https://valuetainment.com/?utm_medium=cpc&utm_campaign=BRAND_PROTEIN_Q2,
709909,1013,5604,META,11/16/2025 02:54,,https://valuetainment.com/?utm_source=TikTok&utm_campaign=patlibbundle,595.42
172978,1004,5574,META ,11/02/2025 17:04,2.4,https://valuetainment.com/?utm_source=Google&utm_campaign=sales--mastery--lnch!!,
816561,1001,5913,tiktok,2026-06-06 19:23:39,0.53,https://valuetainment.com/?utm_source=Google&utm_medium=CPC&utm_campaign=pbd_pod_prosp_q1,70.67
430348,1011,5030,tiktok,2026-06-08 13:38:17,4.46,https://valuetainment.com/?utm_medium=paid&utm_campaign=consult-dfy-retgt,388.71
742243,1013,5604,META,11/13/2025 17:04,1.1,https://valuetainment.com/?utm_campaign= pat_lib_bundle &utm_source=tiktok&utm_medium=paid,759.57
594378,1007,5032,GOOGLE,2025-12-26T03:16:11Z,11.63,https://valuetainment.com/?utm_medium=cpc&utm_campaign=Vt_summit_lastcall&utm_source=tiktok,301.52
834310,1014,5281,TikTok,2026-05-31 16:56:01,6.2,https://valuetainment.com/?utm_medium=paid&utm_source=META&utm_campaign=brandproteinq2,
502116,1006,5284,tik_tok,2026-05-07T13:32:24Z,1.33,https://valuetainment.com/?utm_source=tiktok&utm_campaign=ce0_b00tc@mp_pr0sp&utm_medium=Paid_Social,496.67
692612,1002,5203,Google,2025-10-29 04:43:04,3.24,https://valuetainment.com/?utm_campaign=brand--gs--promo!!,163.97
637553,1004,5754,google,11/21/2025 17:53,10.97,https://valuetainment.com/?utm_source=META&utm_campaign=sales_mastery_lnch&utm_medium=CPC,149.03
428815,1014,5558,meta,03/11/2026 22:13,,https://valuetainment.com/?utm_medium=CPC&utm_source=google&utm_campaign=brand-protein-q2,
815744,1014,5429,Meta,2025-10-28T18:29:53Z,7.66,https://valuetainment.com/?utm_source=google&utm_campaign=brand--protein--q2!!&utm_medium=cpc,82.45
710666,1010,5223,google,01/22/2026 20:52,,https://valuetainment.com/?utm_medium=Paid_Social&utm_source=Google&utm_campaign=pbd_c0ld_sc@le,467.18
887754,1012,5142,google,2025-12-22T15:59:08Z,2.67,https://valuetainment.com/?utm_campaign=vt summit vip&utm_source=META&utm_medium=paid,
203589,1012,5828,tiktok,2025-12-23 18:33:54,5.81,https://valuetainment.com/?utm_medium=CPC&utm_source=META&utm_campaign=vt_summi,216.31
743447,1013,5913,meta,10/08/2025 01:41,9.3,https://valuetainment.com/?utm_medium=CPC&utm_source=TikTok&utm_campaign=pat--lib--bundle!!,232.14
428096,1012,5025,Google,11/12/2025 10:54,11.77,https://valuetainment.com/?utm_campaign=vtsummitvip&utm_medium=Paid_Social&utm_source=facebook,428.93
668303,1007,5104,meta,2026-02-02T07:41:59Z,7.96,https://valuetainment.com/?utm_medium=ppc&utm_campaign=vt--summit--lastcall!!&utm_source=google,404.64
774698,1008,5616,Google,2026-01-26T12:42:25Z,11.95,https://valuetainment.com/?utm_source=google&utm_campaign=brand fx sponsor,14.46
729665,1008,5603,meta,11/10/2025 06:49,1.34,https://valuetainment.com/?utm_medium=cpc&utm_campaign= brand_fx_sponsor &utm_source=Google,
700815,1010,5890,Meta,02/27/2026 02:45,6.23,https://valuetainment.com/?utm_source=tik_tok&utm_campaign=pbd_cold,75.64
123200,1006,5777,META,2026-04-16 07:19:40,11.39,https://valuetainment.com/?utm_medium=CPC&utm_campaign=ceo bootcamp prosp&utm_source=META,740.23
107104,1014,5281,GOOGLE,2025-10-25T17:03:46Z,1.09,https://valuetainment.com/?utm_medium=Paid_Social&utm_source=META&utm_campaign=brandproteinq2,469.96
400885,1013,5558,meta,2026-05-14 05:53:31,8.95,https://valuetainment.com/?utm_medium=CPC&utm_source=tik_tok&utm_campaign=pat_lib_,709.46
317881,1013,5604,Meta,2026-05-03 08:56:26,3.64,https://valuetainment.com/?utm_campaign=pat lib bundle&utm_source=facebook&utm_medium=paid,
306172,1007,5238,GOOGLE,2026-02-03 02:27:07,9.26,https://valuetainment.com/?utm_medium=ppc&utm_campaign=vt-summit-lastcall,
593074,1003,5777,google,2025-10-20 18:17:21,8.31,https://valuetainment.com/?utm_source=tiktok&utm_medium=paid&utm_campaign=Vt_summit_earlybird,
955194,1001,5006,Google,01/28/2026 17:53,7.38,https://valuetainment.com/?utm_campaign=pbd_pod_&utm_medium=CPC,338.95
711705,1014,5604,Meta,03/22/2026 04:20,12.17,https://valuetainment.com/?utm_source=facebook&utm_campaign=brand-protein-q2&utm_medium=CPC,279.1
423110,1015,5890,tiktok,2026-05-06T13:19:39Z,6.11,https://valuetainment.com/?utm_source=META&utm_campaign=pbd--yt--remarketing!!&utm_medium=ppc,605.93
748127,1005,5604,tik_tok,01/19/2026 08:42,8.34,https://valuetainment.com/?utm_source=META&utm_campaign=pbd-retarget-warm,247.5
507135,1006,5733,META,03/03/2026 10:03,5.08,https://valuetainment.com/?utm_campaign=CEO_BOOTCAMP_PROSP&utm_source=TikTok&utm_medium=Paid_Social,222.61
130237,1006,5754,meta,2026-03-12 22:41:59,9.05,https://valuetainment.com/?utm_source=TikTok&utm_campaign=ceo_bootcamp_prosp&utm_medium=cpc,141.53
951752,1007,5558,google,2025-11-18T15:33:25Z,6.22,https://valuetainment.com/?utm_campaign=vtsummitlastcall&utm_medium=ppc,407.27
928491,1009,5558,tiktok,10/24/2025 21:41,7.28,https://valuetainment.com/?utm_medium=CPC&utm_campaign=leadership--101--ev!!,415.49
606231,1011,5429,meta,10/17/2025 05:34,1.24,https://valuetainment.com/?utm_campaign=Consult_dfy_retgt&utm_medium=ppc,766.77
277796,1009,5603,GOOGLE,2025-12-22T01:02:23Z,12.43,https://valuetainment.com/?utm_medium=CPC&utm_campaign=leadership--101--ev!!&utm_source=Google,
244899,1005,5459,Meta,2026-05-05T00:07:19Z,11.28,https://valuetainment.com/?utm_campaign=pbd_reta&utm_source=meta,679.73
408126,1015,5225,Meta,2026-03-05 11:21:31,1.33,https://valuetainment.com/?utm_campaign= pbd_yt_remarketing &utm_medium=paid,
446265,1013,5692,GOOGLE,2026-03-09 13:51:29,6.25,https://valuetainment.com/?utm_medium=paid&utm_campaign=pat-lib-bundle&utm_source=facebook,168.56
897072,1012,5104,meta,03/21/2026 10:29,8.98,https://valuetainment.com/?utm_campaign=vtsummitvip,370.71
688630,1014,5718,meta,2025-11-15T15:26:43Z,8.89,https://valuetainment.com/?utm_medium=paid&utm_campaign=brand protein q2&utm_source=TikTok,
698294,1014,5754,GOOGLE,2026-01-04T16:24:26Z,2.35,https://valuetainment.com/?utm_source=google&utm_campaign=brand protein q2,593.14
875418,1008,5281,meta,2026-02-12T19:46:39Z,8.76,https://valuetainment.com/?utm_medium=CPC&utm_campaign=brand fx sponsor&utm_source=meta,24.42
352023,1008,5223,META ,11/14/2025 00:43,7.85,https://valuetainment.com/?utm_medium=CPC&utm_campaign=brand_fx,767.12
850977,1001,5890,meta,12/22/2025 16:27,10.37,https://valuetainment.com/?utm_campaign=Pbd_pod_prosp_q1&utm_source=Google&utm_medium=Paid_Social,725.75
510614,1006,5281,meta,2026-01-24 17:16:07,3.94,https://valuetainment.com/?utm_source=facebook&utm_campaign=ceobootcampprosp,416.67
712114,1004,5759,GOOGLE,10/26/2025 12:51,8.53,https://valuetainment.com/?utm_medium=Paid_Social&utm_source=meta&utm_campaign= sales_mastery_lnch ,
531452,1009,5223,meta,2026-02-07 04:59:17,10.45,https://valuetainment.com/?utm_medium=CPC&utm_campaign=leadership--101--ev!!,37.45
400056,1005,5095,META ,03/29/2026 04:11,7.57,https://valuetainment.com/?utm_source=google&utm_medium=CPC&utm_campaign=pbdretargetwarm,305.56
864760,1014,5459,tiktok,2026-05-25 19:51:16,11.7,https://valuetainment.com/?utm_campaign=brand_protein_q2&utm_source=facebook&utm_medium=CPC,637.66
712946,1006,5284,meta,12/22/2025 02:25,,https://valuetainment.com/?utm_medium=Paid_Social&utm_source=META&utm_campaign=CEO_BOOTCAMP_PROSP,
269063,1015,5429,Meta,2025-10-28 07:31:31,4.27,https://valuetainment.com/?utm_medium=CPC&utm_source=google&utm_campaign=pbdytremarketing,195.33
603704,1009,5603,Meta,2026-03-14 00:55:34,11.81,https://valuetainment.com/?utm_source=meta&utm_campaign=leadership_101_ev&utm_medium=ppc,539.39
505674,1011,5281,META,2026-01-02T15:27:23Z,3.51,https://valuetainment.com/?utm_campaign= consult_dfy_retgt &utm_source=meta,
235300,1013,5142,Google,11/29/2025 10:12,11.42,https://valuetainment.com/?utm_medium=paid&utm_campaign=p@t_lib_bundle&utm_source=META,
964907,1006,5758,Meta,10/20/2025 10:27,1.73,https://valuetainment.com/?utm_campaign=ceobootcampprosp&utm_medium=CPC,480.58
834348,1003,5089,META ,2025-10-25 16:55:20,3.98,https://valuetainment.com/?utm_campaign=vt_summi&utm_source=META&utm_medium=Paid_Social,692.64
726472,1010,5429,META,2025-12-03T20:15:10Z,11.45,https://valuetainment.com/?utm_source=tik_tok&utm_campaign=pbd_cold_scale,587.1
619577,1007,5604,Google,11/15/2025 18:35,4.95,https://valuetainment.com/?utm_source=TikTok&utm_campaign=vt_summi&utm_medium=CPC,
820141,1007,5913,meta,2026-03-06 15:52:57,4.58,https://valuetainment.com/?utm_medium=paid&utm_source=google&utm_campaign=vt-summit-lastcall,287.4
297995,1009,5225,Google,2026-02-26T15:50:54Z,2.45,https://valuetainment.com/?utm_source=tik_tok&utm_medium=CPC&utm_campaign=LEADERSHIP_101_EV,553.47
919838,1010,5604,tik_tok,11/20/2025 16:51,2.27,https://valuetainment.com/?utm_medium=CPC&utm_campaign=pbd_cold_scale,
832885,1010,5692,META,2026-04-21T19:38:38Z,5.36,https://valuetainment.com/?utm_medium=CPC&utm_campaign=pbd_cold,
447665,1007,5665,meta,11/02/2025 05:33,3.35,https://valuetainment.com/?utm_source=META&utm_campaign=vt--summit--lastcall!!&utm_medium=CPC,218.69
695576,1012,5558,Meta,2026-03-10 00:00:54,8.35,https://valuetainment.com/?utm_medium=ppc&utm_source=tik_tok&utm_campaign=vtsummitvip,382.03
871153,1004,5604,GOOGLE,2026-02-16 06:24:56,3.65,https://valuetainment.com/?utm_campaign=SALES_MASTERY_LNCH&utm_medium=cpc&utm_source=meta,
130307,1008,5759,tik_tok,01/04/2026 08:21,7.33,https://valuetainment.com/?utm_medium=ppc&utm_source=tiktok&utm_campaign=brand fx sponsor,
725023,1012,5828,meta,2025-12-25T03:02:37Z,12.33,https://valuetainment.com/?utm_campaign=vt_summit_vip&utm_medium=Paid_Social,
857649,1011,5429,META,2026-05-20 12:34:18,0.86,https://valuetainment.com/?utm_campaign=CONSULT_DFY_RETGT&utm_source=tik_tok,
320038,1009,5459,meta,2026-04-06T20:03:56Z,7.83,https://valuetainment.com/?utm_campaign=leadership 101 ev&utm_source=Google,
306308,1006,5089,Meta,04/21/2026 20:04,7.11,https://valuetainment.com/?utm_medium=ppc&utm_source=tiktok&utm_campaign= ceo_bootcamp_prosp ,707.87
662728,1010,5558,TikTok,05/15/2026 11:19,4.4,https://valuetainment.com/?utm_medium=cpc&utm_campaign=pbd--cold--scale!!,92.99
764207,1011,5281,tiktok,2025-10-28 10:01:53,6.58,https://valuetainment.com/?utm_campaign=c0nsult_dfy_retgt&utm_source=google,308.43
447919,1015,5459,TikTok,2026-06-07 10:30:00,1.77,https://valuetainment.com/?utm_medium=ppc&utm_campaign=pbdytremarketing&utm_source=facebook,
139486,1003,5718,Google,2026-04-14T12:35:38Z,3.65,https://valuetainment.com/?utm_medium=ppc&utm_campaign=vt_summit_e@rlybird&utm_source=TikTok,485.26
716077,1011,5604,GOOGLE,2026-06-06 09:59:12,7.72,https://valuetainment.com/?utm_medium=ppc&utm_campaign=consultdfyretgt&utm_source=google,382.67
522816,1010,5692,Google,2026-04-13T01:23:44Z,8.26,https://valuetainment.com/?utm_campaign=pbd-cold-scale&utm_medium=ppc&utm_source=Google,
359947,1002,5089,meta,2025-10-28T13:42:12Z,4.52,https://valuetainment.com/?utm_source=facebook&utm_campaign=brandgspromo,184.09
687957,1008,5718,GOOGLE,2025-12-03T08:17:25Z,1.18,https://valuetainment.com/?utm_campaign=brand_fx_sponsor&utm_source=Google&utm_medium=Paid_Social,
732575,1014,5432,meta,2026-02-03T09:25:36Z,0.46,https://valuetainment.com/?utm_medium=ppc&utm_campaign= brand_protein_q2 &utm_source=tiktok,719.64
336621,1011,5203,google,01/29/2026 10:17,12.4,https://valuetainment.com/?utm_medium=Paid_Social&utm_source=Google&utm_campaign=CONSULT_DFY_RETGT,598.18
513711,1003,5913,google,2026-01-12 05:25:55,4.44,https://valuetainment.com/?utm_source=TikTok&utm_campaign=Vt_summit_earlybird&utm_medium=Paid_Social,
917070,1003,5228,Meta,2026-03-26 05:06:37,6.43,https://valuetainment.com/?utm_campaign=vtsummitearlybird&utm_source=Google&utm_medium=paid,
942362,1001,5228,meta,2026-02-18T20:37:27Z,5.56,https://valuetainment.com/?utm_source=facebook&utm_campaign=pbdpodprospq1&utm_medium=CPC,
238961,1005,5238,meta,02/20/2026 20:03,8.02,https://valuetainment.com/?utm_campaign=pbd_retarget_warm&utm_medium=ppc,693.02
156085,1007,5281,google,2026-05-23T02:11:57Z,2.98,https://valuetainment.com/?utm_medium=paid&utm_source=TikTok&utm_campaign=Vt_summit_lastcall,289.31
735010,1011,5733,meta,2026-04-28 15:55:13,11.22,https://valuetainment.com/?utm_medium=paid&utm_campaign=consult-dfy-retgt,
599073,1002,5095,meta,2026-03-23 07:30:20,,https://valuetainment.com/?utm_medium=paid&utm_campaign=Brand_gs_promo&utm_source=facebook,124.86
958029,1012,5692,Google,2025-10-23 17:21:23,6.63,https://valuetainment.com/?utm_source=TikTok&utm_campaign=vt-summit-vip&utm_medium=CPC,676.22
153428,1002,5718,google,12/28/2025 19:47,1.77,https://valuetainment.com/?utm_medium=ppc&utm_campaign=brandgspromo&utm_source=Google,514.76
104548,1008,5558,Google,2025-12-08T19:38:47Z,1.04,https://valuetainment.com/?utm_source=META&utm_medium=ppc&utm_campaign=brand-fx-sponsor,671.05
246622,1013,5006,Google,05/24/2026 23:10,8.22,https://valuetainment.com/?utm_source=facebook&utm_campaign=pat_lib_,
652447,1007,5238,TIKTOK,2026-04-09 20:23:54,5.49,https://valuetainment.com/?utm_campaign=vt_summi&utm_source=tik_tok&utm_medium=cpc,694.72
719032,1014,5250,Google,11/05/2025 01:55,12.1,https://valuetainment.com/?utm_campaign=brand-protein-q2&utm_medium=ppc,69.16
899053,1003,5558,META,2026-03-05 19:47:29,5.61,https://valuetainment.com/?utm_medium=CPC&utm_source=meta&utm_campaign=vt summit earlybird,555.16
809752,1011,5203,Meta,2026-04-27 16:23:07,6.71,https://valuetainment.com/?utm_campaign=consult_dfy_retgt,308.25
193519,1004,5692,Meta,02/11/2026 21:13,11.95,https://valuetainment.com/?utm_source=TikTok&utm_medium=cpc&utm_campaign=Sales_mastery_lnch,
723438,1001,5754,meta,05/10/2026 20:21,10.0,https://valuetainment.com/?utm_medium=paid&utm_campaign=Pbd_pod_prosp_q1&utm_source=tik_tok,642.07
416793,1013,5284,meta,04/06/2026 08:03,5.28,https://valuetainment.com/?utm_campaign=patlibbundle&utm_medium=cpc&utm_source=tiktok,496.7
192290,1015,5223,google,01/25/2026 10:09,11.82,https://valuetainment.com/?utm_campaign=pbd yt remarketing&utm_source=tik_tok&utm_medium=ppc,205.73
517885,1002,5754,google,2026-05-06 05:01:05,9.77,https://valuetainment.com/?utm_medium=Paid_Social&utm_source=tik_tok&utm_campaign= brand_gs_promo ,
389511,1013,5025,Google,2026-04-03T13:50:37Z,5.22,https://valuetainment.com/?utm_medium=ppc&utm_source=META&utm_campaign=p@t_lib_bundle,
540538,1006,5281,meta,2025-12-30T05:27:16Z,8.22,https://valuetainment.com/?utm_campaign=ceo bootcamp prosp&utm_source=tiktok,
194509,1007,5089,tiktok,2025-11-13 05:36:58,5.58,https://valuetainment.com/?utm_source=tik_tok&utm_medium=paid&utm_campaign=VT_SUMMIT_LASTCALL,
991288,1002,5733,meta,2026-02-27T18:03:55Z,5.9,https://valuetainment.com/?utm_campaign=brandgspromo&utm_source=Google&utm_medium=CPC,662.67
317285,1001,5284,Meta,11/08/2025 23:34,,https://valuetainment.com/?utm_source=Google&utm_campaign=PBD_POD_PROSP_Q1&utm_medium=Paid_Social,634.02
123501,1008,5225,meta,2025-10-28T10:07:37Z,6.93,https://valuetainment.com/?utm_medium=Paid_Social&utm_campaign=brand_fx&utm_source=Google,771.67
634056,1012,5142,meta,01/07/2026 14:23,1.36,https://valuetainment.com/?utm_source=Google&utm_campaign=vt summit vip,114.03
811289,1005,5828,Google,04/29/2026 21:24,12.2,https://valuetainment.com/?utm_source=META&utm_medium=CPC&utm_campaign=PBD_RETARGET_WARM,267.27
808094,1013,5238,tiktok,12/09/2025 20:56,9.3,https://valuetainment.com/?utm_medium=ppc&utm_source=facebook&utm_campaign=pat_lib_bundle,155.94
230374,1007,5027,meta,10/10/2025 18:37,,https://valuetainment.com/?utm_campaign=vt--summit--lastcall!!&utm_medium=paid&utm_source=Google,229.56
519452,1013,5203,google,2025-10-18 20:29:51,7.61,https://valuetainment.com/?utm_source=tiktok&utm_medium=Paid_Social&utm_campaign=pat lib bundle,628.88
641975,1015,5025,META,12/14/2025 18:20,4.97,https://valuetainment.com/?utm_medium=ppc&utm_source=meta&utm_campaign=PBD_YT_REMARKETING,356.45
841978,1009,5281,Google,2025-12-27 17:02:42,6.36,https://valuetainment.com/?utm_campaign=LEADERSHIP_101_EV&utm_medium=Paid_Social&utm_source=TikTok,675.24
300982,1005,5250,google,02/24/2026 12:25,11.43,https://valuetainment.com/?utm_medium=Paid_Social&utm_campaign=pbd_reta&utm_source=Google,
589368,1004,5654,Google,2026-02-23T08:04:27Z,6.72,https://valuetainment.com/?utm_source=Google&utm_campaign=sales_ma,467.59
105706,1015,5558,Meta,2026-06-08 22:11:50,12.35,https://valuetainment.com/?utm_source=facebook&utm_campaign=pbd_yt_remarketing,440.67
589724,1011,5250,META,2026-02-09T10:33:43Z,9.78,https://valuetainment.com/?utm_medium=cpc&utm_campaign=consult_dfy_retgt&utm_source=google,529.11
692096,1001,5718,google,2026-03-16 13:43:40,1.59,https://valuetainment.com/?utm_source=META&utm_campaign=PBD_POD_PROSP_Q1&utm_medium=CPC,527.61
914597,1004,5459,Meta,2026-05-27 22:30:50,7.79,https://valuetainment.com/?utm_source=TikTok&utm_medium=Paid_Social&utm_campaign=sales--mastery--lnch!!,272.19
480163,1002,5759,Google,2025-11-29T09:30:17Z,3.73,https://valuetainment.com/?utm_medium=paid&utm_campaign=brand_gs_promo&utm_source=META,50.04
937836,1009,5104,meta,2025-12-13 15:35:00,11.07,https://valuetainment.com/?utm_campaign=le@dership_101_ev&utm_source=tik_tok&utm_medium=ppc,52.3
413678,1014,5114,google,2025-11-27T04:59:01Z,4.38,https://valuetainment.com/?utm_source=tiktok&utm_medium=ppc&utm_campaign= brand_protein_q2 ,528.41
209678,1001,5238,tiktok,04/15/2026 02:45,10.38,https://valuetainment.com/?utm_medium=ppc&utm_campaign=Pbd_pod_prosp_q1&utm_source=tik_tok,168.85
570138,1001,5030,META ,2025-10-20T18:34:29Z,10.07,https://valuetainment.com/?utm_campaign=pbd--pod--prosp--q1!!&utm_source=meta&utm_medium=ppc,497.42
443909,1010,5203,meta,11/28/2025 16:22,11.43,https://valuetainment.com/?utm_campaign=pbd_cold&utm_source=google&utm_medium=Paid_Social,650.16
157196,1010,5250,TikTok,2026-04-13 10:28:07,11.34,https://valuetainment.com/?utm_campaign=pbd-cold-scale&utm_medium=paid,516.88
943816,1002,5250,google,11/06/2025 13:12,,https://valuetainment.com/?utm_medium=CPC&utm_source=META&utm_campaign=brand_gs,247.63
481778,1008,5733,tik_tok,2026-04-05T06:16:15Z,5.43,https://valuetainment.com/?utm_source=meta&utm_medium=CPC&utm_campaign=brand fx sponsor,218.78
809175,1012,5089,meta,2026-03-06T11:44:54Z,1.77,https://valuetainment.com/?utm_medium=CPC&utm_source=tiktok&utm_campaign=vt--summit--vip!!,141.57
958962,1012,5027,google,2026-03-28 12:31:31,7.17,https://valuetainment.com/?utm_campaign=vt summit vip&utm_source=tik_tok&utm_medium=ppc,
964226,1014,5114,meta,2026-02-07 12:31:50,8.44,https://valuetainment.com/?utm_medium=paid&utm_campaign=BRAND_PROTEIN_Q2&utm_source=google,477.72
952247,1008,5913,meta,2025-10-10T23:38:40Z,2.52,https://valuetainment.com/?utm_campaign=brand-fx-sponsor&utm_source=meta&utm_medium=ppc,
347781,1012,5095,meta,2026-03-07T10:45:24Z,,https://valuetainment.com/?utm_campaign=VT_SUMMIT_VIP&utm_medium=ppc&utm_source=Google,
335054,1001,5558,Google,12/06/2025 05:47,11.39,https://valuetainment.com/?utm_source=meta&utm_campaign=pbd--pod--prosp--q1!!,591.09
368054,1002,5692,GOOGLE,2025-10-10T20:58:28Z,1.87,https://valuetainment.com/?utm_source=Google&utm_campaign=brand--gs--promo!!,
669603,1002,5558,meta,2026-04-20 09:38:43,2.0,https://valuetainment.com/?utm_source=meta&utm_medium=cpc&utm_campaign=Brand_gs_promo,
780129,1001,5913,google,2025-12-08T14:27:06Z,11.63,https://valuetainment.com/?utm_campaign= pbd_pod_prosp_q1 &utm_medium=CPC,
511871,1013,5114,tiktok,2026-03-22T21:20:53Z,9.94,https://valuetainment.com/?utm_campaign=pat lib bundle&utm_medium=cpc&utm_source=tiktok,62.02
207452,1001,5759,Google,2026-02-21T00:16:18Z,5.89,https://valuetainment.com/?utm_source=meta&utm_campaign=pbd_pod_&utm_medium=ppc,484.55
350986,1010,5429,meta,2026-05-23 10:55:05,3.0,https://valuetainment.com/?utm_source=facebook&utm_medium=cpc&utm_campaign=pbd_cold_scale,391.53
732677,1008,5142,meta,2026-02-28 11:18:53,8.55,https://valuetainment.com/?utm_campaign=brandfxsponsor&utm_source=google,163.67
302273,1009,5250,tiktok,2026-02-01T17:41:49Z,3.66,https://valuetainment.com/?utm_medium=cpc&utm_source=facebook&utm_campaign=leadership-101-ev,735.02
646417,1013,5654,google,12/02/2025 02:02,0.61,https://valuetainment.com/?utm_source=Google&utm_campaign=Pat_lib_bundle,247.82
490586,1012,5574,meta,2026-05-18T20:52:06Z,9.46,https://valuetainment.com/?utm_source=tik_tok&utm_medium=cpc&utm_campaign=vt-summit-vip,404.34
862413,1001,5654,Meta,2026-02-11T15:30:43Z,12.47,https://valuetainment.com/?utm_source=META&utm_medium=paid&utm_campaign=pbdpodprospq1,114.1
615200,1011,5558,META ,2026-04-28 08:00:19,6.47,https://valuetainment.com/?utm_source=tiktok&utm_medium=Paid_Social&utm_campaign=consult--dfy--retgt!!,204.63
996454,1012,5032,google,2026-04-21 06:18:16,,https://valuetainment.com/?utm_source=google&utm_campaign=VT_SUMMIT_VIP&utm_medium=cpc,261.38
674644,1012,5030,TIKTOK,02/06/2026 05:25,4.64,https://valuetainment.com/?utm_campaign=vt-summit-vip&utm_medium=Paid_Social&utm_source=META,169.09
426088,1006,5558,Google,01/13/2026 09:04,3.45,https://valuetainment.com/?utm_medium=paid&utm_campaign=ceo_boot&utm_source=TikTok,
971784,1012,5692,google,2025-11-27 03:55:03,1.83,https://valuetainment.com/?utm_source=meta&utm_medium=cpc&utm_campaign=vt_summi,
284646,1010,5654,google,2025-12-25 22:34:46,5.06,https://valuetainment.com/?utm_medium=CPC&utm_source=facebook&utm_campaign=pbdcoldscale,
548555,1011,5733,meta,2026-04-04T18:54:01Z,4.85,https://valuetainment.com/?utm_medium=ppc&utm_source=tiktok&utm_campaign=c0nsult_dfy_retgt,350.03
721969,1003,5238,meta,01/27/2026 06:59,10.21,https://valuetainment.com/?utm_campaign=Vt_summit_earlybird&utm_source=Google,668.89
821221,1007,5517,google,2025-11-22 05:58:40,0.88,https://valuetainment.com/?utm_campaign=vt--summit--lastcall!!&utm_medium=ppc,263.38
662625,1004,5284,GOOGLE,01/17/2026 20:52,10.51,https://valuetainment.com/?utm_campaign=sales-mastery-lnch&utm_source=tiktok&utm_medium=Paid_Social,130.7
735882,1015,5281,Google,2026-06-04 10:42:51,,https://valuetainment.com/?utm_campaign= pbd_yt_remarketing &utm_medium=Paid_Social&utm_source=tik_tok,
146627,1001,5759,Meta,2026-02-20 08:03:55,1.51,https://valuetainment.com/?utm_source=tik_tok&utm_campaign=pbdpodprospq1&utm_medium=paid,593.37
395198,1011,5429,meta,10/22/2025 04:01,1.61,https://valuetainment.com/?utm_campaign=CONSULT_DFY_RETGT&utm_source=tik_tok&utm_medium=cpc,439.73
776913,1010,5429,TIKTOK,04/19/2026 14:08,5.77,https://valuetainment.com/?utm_medium=cpc&utm_campaign=pbd-cold-scale,325.74
805613,1003,5006,Meta,05/01/2026 02:49,4.41,https://valuetainment.com/?utm_campaign=vt_summit_e@rlybird&utm_medium=paid&utm_source=google,644.38
343765,1001,5733,Google,11/18/2025 21:54,10.15,https://valuetainment.com/?utm_medium=ppc&utm_source=google&utm_campaign=pbd-pod-prosp-q1,
204134,1012,5432,Meta,2025-12-12 07:30:50,4.73,https://valuetainment.com/?utm_medium=ppc&utm_source=meta&utm_campaign=Vt_summit_vip,46.7
558200,1015,5517,Meta,03/09/2026 14:34,11.63,https://valuetainment.com/?utm_medium=cpc&utm_source=meta&utm_campaign=pbd--yt--remarketing!!,301.45
467355,1004,5754,TikTok,2026-02-24T16:05:58Z,8.49,https://valuetainment.com/?utm_campaign=SALES_MASTERY_LNCH&utm_source=google,458.21
103872,1004,5006,META,2026-06-07T02:10:03Z,9.54,https://valuetainment.com/?utm_medium=Paid_Social&utm_campaign=sales_ma,
680684,1011,5225,meta,03/01/2026 23:58,7.35,https://valuetainment.com/?utm_campaign= consult_dfy_retgt &utm_medium=Paid_Social&utm_source=tik_tok,683.48
578564,1011,5032,Google,2026-05-25 01:27:44,8.54,https://valuetainment.com/?utm_campaign=consult--dfy--retgt!!&utm_source=google&utm_medium=paid,
258468,1011,5604,meta,05/29/2026 22:47,11.22,https://valuetainment.com/?utm_campaign= consult_dfy_retgt ,131.3
983603,1008,5758,META ,12/01/2025 09:46,8.5,https://valuetainment.com/?utm_medium=CPC&utm_campaign=brand--fx--sponsor!!,
795535,1006,5027,google,05/08/2026 17:57,3.34,https://valuetainment.com/?utm_campaign=ceo bootcamp prosp&utm_source=google,
472497,1013,5225,GOOGLE,2025-11-10T10:40:26Z,9.73,https://valuetainment.com/?utm_medium=cpc&utm_source=TikTok&utm_campaign=pat--lib--bundle!!,717.05
262791,1010,5203,Google,01/14/2026 08:44,12.44,https://valuetainment.com/?utm_campaign=pbd_cold&utm_source=google&utm_medium=CPC,
353782,1004,5238,meta,05/08/2026 12:54,8.76,https://valuetainment.com/?utm_source=facebook&utm_medium=paid&utm_campaign=sales--mastery--lnch!!,2.58
709143,1008,5429,META,2026-01-30 21:31:21,3.58,https://valuetainment.com/?utm_medium=ppc&utm_campaign=BRAND_FX_SPONSOR,356.14
466566,1015,5027,meta,2026-02-23 14:26:21,5.45,https://valuetainment.com/?utm_campaign=PBD_YT_REMARKETING&utm_medium=cpc&utm_source=tiktok,299.17
183235,1007,5733,META ,12/15/2025 06:55,5.83,https://valuetainment.com/?utm_campaign=vt summit lastcall&utm_source=Google,583.9
709606,1012,5238,GOOGLE,05/10/2026 09:10,4.01,https://valuetainment.com/?utm_source=facebook&utm_campaign=vt_summit_vip&utm_medium=CPC,272.5
941460,1002,5250,meta,2025-10-12T19:36:19Z,0.91,https://valuetainment.com/?utm_medium=ppc&utm_source=Google&utm_campaign=brand_gs,445.33
913432,1002,5665,Google,2025-11-18 11:27:58,5.73,https://valuetainment.com/?utm_source=facebook&utm_campaign=brand gs promo&utm_medium=cpc,
829400,1008,5890,meta,02/18/2026 15:09,1.64,https://valuetainment.com/?utm_medium=paid&utm_source=facebook&utm_campaign=br@nd_fx_sp0ns0r,316.1
562979,1015,5223,tiktok,12/30/2025 14:44,11.89,https://valuetainment.com/?utm_campaign= pbd_yt_remarketing &utm_medium=paid,315.05
387224,1007,5238,Google,2026-05-06 15:00:17,11.9,https://valuetainment.com/?utm_campaign=Vt_summit_lastcall&utm_source=meta,662.35
885386,1003,5828,GOOGLE,11/11/2025 16:06,11.61,https://valuetainment.com/?utm_campaign=Vt_summit_earlybird&utm_medium=CPC&utm_source=TikTok,7.41
768934,1004,5913,tik_tok,11/21/2025 13:10,1.43,https://valuetainment.com/?utm_source=tik_tok&utm_medium=cpc&utm_campaign=sales_ma,197.39
980649,1011,5913,meta,2026-05-19T20:25:02Z,10.75,https://valuetainment.com/?utm_source=tik_tok&utm_medium=CPC&utm_campaign=consult--dfy--retgt!!,487.03
383496,1006,5603,META,06/09/2026 22:20,9.26,https://valuetainment.com/?utm_campaign= ceo_bootcamp_prosp &utm_medium=Paid_Social&utm_source=google,76.18
568358,1011,5692,META ,2026-02-11 03:41:42,6.02,https://valuetainment.com/?utm_campaign=consult--dfy--retgt!!&utm_medium=ppc&utm_source=META,
729562,1001,5574,META ,2026-01-11 19:31:46,2.44,https://valuetainment.com/?utm_medium=paid&utm_campaign=pbd--pod--prosp--q1!!&utm_source=facebook,
368322,1015,5759,meta,2025-12-07 20:20:19,5.95,https://valuetainment.com/?utm_source=tiktok&utm_campaign=pbd_yt_rem@rketing&utm_medium=CPC,211.3
505334,1008,5030,META ,2026-04-18T01:25:10Z,10.96,https://valuetainment.com/?utm_source=facebook&utm_medium=Paid_Social&utm_campaign=brand--fx--sponsor!!,
881241,1006,5754,META ,10/05/2025 15:16,8.51,https://valuetainment.com/?utm_medium=cpc&utm_campaign=ce0_b00tc@mp_pr0sp&utm_source=META,720.16
527417,1015,5429,Meta,2026-03-24 07:20:19,,https://valuetainment.com/?utm_source=META&utm_campaign=pbd yt remarketing&utm_medium=ppc,398.54
929389,1015,5250,META ,05/23/2026 02:37,2.83,https://valuetainment.com/?utm_campaign=pbd-yt-remarketing&utm_source=tik_tok&utm_medium=cpc,233.88
842464,1010,5089,tiktok,2026-04-26T15:09:37Z,10.28,https://valuetainment.com/?utm_source=tiktok&utm_campaign=Pbd_cold_scale&utm_medium=Paid_Social,
615409,1007,5603,META,2025-12-19 10:07:59,11.58,https://valuetainment.com/?utm_campaign=vt_summi&utm_medium=CPC&utm_source=meta,310.37
551994,1015,5223,Meta,01/19/2026 11:14,11.47,https://valuetainment.com/?utm_source=Google&utm_medium=Paid_Social&utm_campaign=PBD_YT_REMARKETING,
532452,1008,5203,Google,2025-11-07 04:32:37,2.68,https://valuetainment.com/?utm_medium=paid&utm_campaign=brand-fx-sponsor&utm_source=TikTok,448.69
259346,1008,5913,META,2025-11-29 04:31:42,10.61,https://valuetainment.com/?utm_source=tik_tok&utm_campaign=brand_fx_sponsor,
930462,1011,5104,Meta,2025-12-13T05:58:40Z,3.01,https://valuetainment.com/?utm_source=tik_tok&utm_campaign=consult-dfy-retgt&utm_medium=paid,29.18
396484,1009,5225,META,10/02/2025 00:52,4.15,https://valuetainment.com/?utm_medium=paid&utm_source=tiktok&utm_campaign=le@dership_101_ev,408.42
405039,1014,5032,TIKTOK,12/07/2025 00:04,,https://valuetainment.com/?utm_campaign=BRAND_PROTEIN_Q2&utm_source=meta,224.13
368865,1008,5203,Google,2026-04-17T08:28:12Z,5.77,https://valuetainment.com/?utm_campaign=Brand_fx_sponsor&utm_source=tiktok,447.8
949729,1010,5604,Meta,2025-10-12 03:14:25,1.96,https://valuetainment.com/?utm_campaign=pbd_cold_scale&utm_medium=Paid_Social&utm_source=tiktok,531.55
349338,1003,5114,TIKTOK,05/15/2026 01:18,6.91,https://valuetainment.com/?utm_source=Google&utm_campaign=vt--summit--earlybird!!&utm_medium=Paid_Social,279.61
945742,1004,5558,GOOGLE,10/29/2025 06:48,0.74,https://valuetainment.com/?utm_campaign=sales mastery lnch&utm_source=google&utm_medium=Paid_Social,
938718,1001,5203,google,2025-10-15 08:48:32,4.67,https://valuetainment.com/?utm_source=tiktok&utm_campaign=pbd_p0d_pr0sp_q1,
524745,1005,5558,tiktok,2026-01-09 18:13:24,10.98,https://valuetainment.com/?utm_campaign=pbd retarget warm&utm_source=meta&utm_medium=cpc,335.78
858993,1001,5429,Google,2025-10-27 17:15:08,2.88,https://valuetainment.com/?utm_source=facebook&utm_medium=ppc&utm_campaign=pbd--pod--prosp--q1!!,
194336,1004,5429,META ,10/15/2025 06:57,7.98,https://valuetainment.com/?utm_source=google&utm_medium=Paid_Social&utm_campaign=sales_mastery_lnch,176.92
290217,1001,5114,meta,2026-04-25 00:27:25,7.27,https://valuetainment.com/?utm_source=tik_tok&utm_campaign=pbd--pod--prosp--q1!!&utm_medium=Paid_Social,113.5
410582,1004,5733,meta,2025-12-09 12:49:36,1.8,https://valuetainment.com/?utm_source=META&utm_campaign=sales_mastery_lnch&utm_medium=paid,
551385,1010,5228,meta,2026-05-15T06:56:15Z,8.73,https://valuetainment.com/?utm_source=meta&utm_campaign= pbd_cold_scale &utm_medium=Paid_Social,797.15
481778,1008,5733,tik_tok,2026-04-05T06:16:15Z,5.43,https://valuetainment.com/?utm_source=meta&utm_medium=CPC&utm_campaign=brand fx sponsor,218.78
885537,1012,5432,TIKTOK,01/02/2026 06:52,7.64,https://valuetainment.com/?utm_medium=paid&utm_source=google&utm_campaign=vtsummitvip,772.08
770030,1010,5095,google,2026-01-04T02:25:39Z,,https://valuetainment.com/?utm_medium=Paid_Social&utm_source=Google&utm_campaign=pbd--cold--scale!!,436.46
791567,1010,5759,google,01/28/2026 15:20,2.4,https://valuetainment.com/?utm_source=TikTok&utm_campaign=pbd_cold,
616643,1010,5665,META ,2026-01-12T22:34:50Z,9.18,https://valuetainment.com/?utm_source=google&utm_medium=paid&utm_campaign=pbd_cold,587.77
793528,1007,5718,META ,2025-11-26T01:43:49Z,5.7,https://valuetainment.com/?utm_campaign=vt_summit_lastcall&utm_source=tiktok&utm_medium=ppc,189.79
220019,1007,5574,meta,2025-11-08T12:05:22Z,5.99,https://valuetainment.com/?utm_medium=CPC&utm_source=tiktok&utm_campaign=vt_summit_l@stc@ll,
697710,1015,5459,meta,2025-11-11 17:10:39,11.17,https://valuetainment.com/?utm_source=google&utm_medium=CPC&utm_campaign=pbd yt remarketing,336.44
638697,1004,5032,GOOGLE,2025-10-09T04:07:24Z,10.34,https://valuetainment.com/?utm_medium=Paid_Social&utm_campaign=Sales_mastery_lnch,547.59
514662,1014,5027,meta,2025-11-12T17:40:52Z,5.68,https://valuetainment.com/?utm_source=google&utm_medium=Paid_Social&utm_campaign=brand--protein--q2!!,
390121,1013,5733,meta,2026-04-17T08:19:04Z,1.37,https://valuetainment.com/?utm_campaign=Pat_lib_bundle&utm_source=tik_tok,376.31
296601,1007,5095,Google,01/14/2026 16:12,4.37,https://valuetainment.com/?utm_source=TikTok&utm_medium=cpc&utm_campaign=vtsummitlastcall,
634185,1005,5089,Google,2026-01-06T13:29:29Z,0.62,https://valuetainment.com/?utm_medium=cpc&utm_campaign= pbd_retarget_warm &utm_source=tiktok,
648953,1002,5032,meta,2026-04-08T22:06:58Z,9.61,https://valuetainment.com/?utm_source=google&utm_campaign=BRAND_GS_PROMO&utm_medium=CPC,246.08
934509,1002,5114,GOOGLE,2025-10-19 06:34:33,8.41,https://valuetainment.com/?utm_source=tiktok&utm_medium=paid&utm_campaign= brand_gs_promo ,
515178,1003,5238,tik_tok,2025-11-12T20:42:42Z,5.42,https://valuetainment.com/?utm_source=META&utm_campaign=vt_summit_earlybird&utm_medium=cpc,267.46
692550,1001,5604,google,03/13/2026 06:07,,https://valuetainment.com/?utm_medium=ppc&utm_campaign= pbd_pod_prosp_q1 &utm_source=Google,
433325,1007,5828,google,2026-03-06 03:30:54,10.97,https://valuetainment.com/?utm_medium=Paid_Social&utm_campaign=VT_SUMMIT_LASTCALL&utm_source=TikTok,218.88
933782,1009,5284,google,04/05/2026 10:11,4.07,https://valuetainment.com/?utm_medium=Paid_Social&utm_source=google&utm_campaign=leadership_101_ev,760.76
784251,1003,5692,google,2025-10-11 02:59:02,2.65,https://valuetainment.com/?utm_source=tik_tok&utm_campaign=VT_SUMMIT_EARLYBIRD,
327498,1004,5777,META ,2026-03-29T22:58:36Z,7.3,https://valuetainment.com/?utm_source=tiktok&utm_medium=Paid_Social&utm_campaign=sales_ma,583.45
566509,1005,5665,google,2025-12-04 23:31:04,11.76,https://valuetainment.com/?utm_campaign=pbdretargetwarm&utm_medium=cpc&utm_source=META,416.75
557082,1015,5459,google,2026-05-22T18:30:37Z,3.57,https://valuetainment.com/?utm_medium=cpc&utm_campaign=pbd_yt_remarketing&utm_source=tik_tok,792.48
453825,1007,5027,Meta,04/19/2026 23:14,7.24,https://valuetainment.com/?utm_medium=Paid_Social&utm_source=Google&utm_campaign=vtsummitlastcall,
128111,1006,5616,TIKTOK,01/03/2026 13:27,7.41,https://valuetainment.com/?utm_medium=paid&utm_source=TikTok&utm_campaign= ceo_bootcamp_prosp ,146.13
958007,1005,5027,Meta,12/16/2025 01:13,8.87,https://valuetainment.com/?utm_source=tik_tok&utm_campaign= pbd_retarget_warm &utm_medium=cpc,263.15
205239,1014,5104,google,2025-11-29 22:45:03,5.76,https://valuetainment.com/?utm_campaign=br@nd_pr0tein_q2&utm_medium=Paid_Social&utm_source=Google,365.54
890873,1010,5758,meta,2025-12-28 04:22:14,5.29,https://valuetainment.com/?utm_medium=Paid_Social&utm_campaign=PBD_COLD_SCALE&utm_source=google,275.7
603281,1001,5432,Meta,11/11/2025 21:08,0.74,https://valuetainment.com/?utm_source=tiktok&utm_campaign=pbd_pod_prosp_q1&utm_medium=paid,748.05
745809,1008,5223,TIKTOK,2026-01-09 21:21:54,5.67,https://valuetainment.com/?utm_campaign=brand-fx-sponsor&utm_medium=paid,
914907,1004,5225,google,02/24/2026 20:34,12.41,https://valuetainment.com/?utm_source=tiktok&utm_campaign=s@les_m@stery_lnch&utm_medium=Paid_Social,600.73
221892,1013,5223,META ,02/01/2026 07:28,0.92,https://valuetainment.com/?utm_medium=Paid_Social&utm_campaign=pat lib bundle&utm_source=google,270.28
180877,1006,5558,Google,2026-06-05 18:17:32,11.06,https://valuetainment.com/?utm_medium=Paid_Social&utm_campaign=Ceo_bootcamp_prosp&utm_source=google,
145885,1012,5027,meta,01/24/2026 00:43,9.97,https://valuetainment.com/?utm_campaign=VT_SUMMIT_VIP&utm_source=facebook&utm_medium=ppc,
789817,1003,5104,GOOGLE,2025-10-18 04:51:36,0.46,https://valuetainment.com/?utm_medium=cpc&utm_campaign=Vt_summit_earlybird&utm_source=tiktok,200.78
795015,1013,5459,TIKTOK,01/07/2026 15:49,6.23,https://valuetainment.com/?utm_source=facebook&utm_campaign=PAT_LIB_BUNDLE,39.06
676537,1008,5718,TikTok,2026-01-03 06:31:10,8.87,https://valuetainment.com/?utm_source=META&utm_medium=Paid_Social&utm_campaign=br@nd_fx_sp0ns0r,534.75
797149,1002,5616,Meta,2025-10-30T17:03:40Z,9.75,https://valuetainment.com/?utm_source=TikTok&utm_campaign=br@nd_gs_pr0m0,
199107,1014,5665,Meta,2026-01-06 03:20:33,3.88,https://valuetainment.com/?utm_medium=Paid_Social&utm_source=TikTok&utm_campaign=Brand_protein_q2,
899132,1013,5558,Google,03/09/2026 05:23,11.37,https://valuetainment.com/?utm_medium=CPC&utm_source=META&utm_campaign=Pat_lib_bundle,210.11
878660,1012,5284,Meta,2025-12-09T12:34:53Z,0.52,https://valuetainment.com/?utm_campaign=vt_summit_vip&utm_source=tiktok&utm_medium=CPC,730.07
687386,1010,5616,tik_tok,2025-10-24 18:42:18,3.12,https://valuetainment.com/?utm_campaign=Pbd_cold_scale&utm_source=META&utm_medium=CPC,
403215,1012,5025,Google,01/31/2026 19:43,4.41,https://valuetainment.com/?utm_medium=CPC&utm_campaign=VT_SUMMIT_VIP&utm_source=tiktok,
358133,1006,5616,meta,02/06/2026 18:23,9.03,https://valuetainment.com/?utm_campaign=ce0_b00tc@mp_pr0sp&utm_source=TikTok&utm_medium=Paid_Social,221.34
888932,1003,5665,META,2026-02-16 17:19:58,5.92,https://valuetainment.com/?utm_source=tik_tok&utm_campaign=vtsummitearlybird&utm_medium=paid,654.04
529717,1001,5030,TikTok,2025-12-07 20:28:48,6.54,https://valuetainment.com/?utm_campaign=pbd_p0d_pr0sp_q1&utm_source=facebook&utm_medium=CPC,305.62
444693,1014,5104,meta,2025-11-06T09:09:09Z,10.59,https://valuetainment.com/?utm_campaign=br@nd_pr0tein_q2&utm_source=Google&utm_medium=CPC,
484742,1005,5828,TIKTOK,2025-11-13 09:55:23,11.91,https://valuetainment.com/?utm_campaign=pbd_retarget_warm&utm_source=META&utm_medium=Paid_Social,717.06
883174,1009,5095,Meta,2025-12-27 02:11:21,,https://valuetainment.com/?utm_source=META&utm_medium=paid&utm_campaign=leadership--101--ev!!,269.97
264052,1010,5517,GOOGLE,2025-10-06 11:41:46,,https://valuetainment.com/?utm_campaign=pbd cold scale&utm_medium=CPC&utm_source=Google,706.67
819324,1005,5828,Meta,03/07/2026 12:43,3.52,https://valuetainment.com/?utm_campaign=pbdretargetwarm&utm_medium=cpc,494.25
337465,1005,5089,TikTok,01/13/2026 04:25,8.88,https://valuetainment.com/?utm_campaign=pbdretargetwarm&utm_source=META&utm_medium=paid,314.31
701181,1013,5432,tiktok,2025-10-05 16:12:18,4.17,https://valuetainment.com/?utm_source=google&utm_medium=CPC&utm_campaign=p@t_lib_bundle,151.29
265714,1011,5733,Meta,01/04/2026 11:25,,https://valuetainment.com/?utm_medium=cpc&utm_campaign=consult_&utm_source=meta,
138278,1006,5733,Google,2026-04-16 18:03:04,3.44,https://valuetainment.com/?utm_campaign=ceo bootcamp prosp&utm_source=facebook&utm_medium=paid,
538074,1004,5654,tiktok,2025-12-09T22:16:00Z,,https://valuetainment.com/?utm_campaign=sales--mastery--lnch!!&utm_source=facebook,
257246,1002,5284,google,2026-03-13T21:30:12Z,3.41,https://valuetainment.com/?utm_source=google&utm_campaign=brand-gs-promo&utm_medium=cpc,371.33
163115,1008,5692,tik_tok,06/08/2026 12:53,7.14,https://valuetainment.com/?utm_campaign=brandfxsponsor&utm_source=facebook&utm_medium=Paid_Social,673.2
858000,1008,5030,Meta,01/26/2026 00:15,7.85,https://valuetainment.com/?utm_source=META&utm_medium=Paid_Social&utm_campaign=br@nd_fx_sp0ns0r,679.1
653313,1010,5238,google,2026-02-23T06:32:58Z,11.83,https://valuetainment.com/?utm_campaign=pbdcoldscale&utm_source=google&utm_medium=cpc,
700417,1007,5027,google,2026-01-01 12:26:08,9.72,https://valuetainment.com/?utm_medium=cpc&utm_source=Google&utm_campaign=vt_summi,
420565,1008,5250,tiktok,2025-11-01 01:29:00,8.71,https://valuetainment.com/?utm_source=facebook&utm_medium=paid&utm_campaign=brand-fx-sponsor,471.11
906939,1007,5574,meta,2026-03-29T10:31:30Z,5.35,https://valuetainment.com/?utm_medium=paid&utm_campaign=vtsummitlastcall&utm_source=Google,
355123,1012,5733,tik_tok,05/02/2026 17:59,7.46,https://valuetainment.com/?utm_campaign=vt_summi&utm_source=TikTok&utm_medium=CPC,424.74
188356,1006,5027,meta,2025-10-09T08:43:45Z,2.14,https://valuetainment.com/?utm_campaign=ceo_boot&utm_medium=ppc&utm_source=TikTok,333.32
970542,1006,5030,GOOGLE,12/02/2025 08:45,8.09,https://valuetainment.com/?utm_source=google&utm_campaign=ceo bootcamp prosp,213.55
169713,1004,5027,GOOGLE,06/04/2026 02:33,9.88,https://valuetainment.com/?utm_campaign=sales-mastery-lnch&utm_source=META&utm_medium=CPC,723.68
415098,1007,5758,GOOGLE,2026-03-15T21:47:52Z,7.16,https://valuetainment.com/?utm_campaign=vt_summit_l@stc@ll&utm_medium=Paid_Social&utm_source=facebook,588.17
432749,1010,5432,Meta,2025-10-07T06:13:56Z,,https://valuetainment.com/?utm_medium=CPC&utm_campaign=pbd_cold_scale,48.65
702327,1006,5558,Google,2026-03-23 17:51:33,4.91,https://valuetainment.com/?utm_campaign=ceo--bootcamp--prosp!!&utm_medium=CPC&utm_source=google,93.98
246735,1009,5754,meta,01/19/2026 20:49,3.76,https://valuetainment.com/?utm_source=Google&utm_campaign=leadership--101--ev!!&utm_medium=paid,
103221,1014,5104,tiktok,2026-05-08T21:59:55Z,12.02,https://valuetainment.com/?utm_medium=Paid_Social&utm_campaign=brand_protein_q2&utm_source=tiktok,94.24
430079,1011,5692,Meta,2026-03-11 11:32:47,9.51,https://valuetainment.com/?utm_medium=Paid_Social&utm_source=tiktok&utm_campaign=consult-dfy-retgt,147.17
957084,1014,5754,Meta,05/08/2026 15:03,8.96,https://valuetainment.com/?utm_medium=CPC&utm_source=Google&utm_campaign=brand_protein_q2,170.16
772383,1005,5758,Meta,2026-01-29 11:54:04,7.59,https://valuetainment.com/?utm_source=META&utm_medium=cpc&utm_campaign=pbd_reta,563.2
282475,1009,5238,GOOGLE,05/26/2026 23:24,,https://valuetainment.com/?utm_source=META&utm_campaign=leadership-101-ev&utm_medium=ppc,594.91
275955,1004,5654,Google,04/17/2026 14:55,5.26,https://valuetainment.com/?utm_medium=CPC&utm_campaign= sales_mastery_lnch &utm_source=Google,373.2
713189,1004,5142,meta,02/25/2026 12:16,2.69,https://valuetainment.com/?utm_medium=paid&utm_source=tik_tok&utm_campaign= sales_mastery_lnch ,
492547,1009,5558,Meta,04/06/2026 23:11,11.61,https://valuetainment.com/?utm_source=meta&utm_medium=cpc&utm_campaign=le@dership_101_ev,696.63
334311,1006,5558,meta,2026-05-05T17:58:41Z,2.45,https://valuetainment.com/?utm_source=TikTok&utm_campaign=Ceo_bootcamp_prosp,
917636,1006,5032,tik_tok,01/26/2026 07:39,0.71,https://valuetainment.com/?utm_medium=paid&utm_campaign=CEO_BOOTCAMP_PROSP&utm_source=Google,
809683,1010,5095,meta,2026-01-17T21:54:55Z,,https://valuetainment.com/?utm_source=META&utm_campaign=pbd_cold,184.4
827114,1002,5759,meta,02/09/2026 15:34,3.78,https://valuetainment.com/?utm_source=tiktok&utm_medium=CPC&utm_campaign=Brand_gs_promo,743.11
391774,1012,5459,GOOGLE,2025-10-02 14:59:39,9.94,https://valuetainment.com/?utm_campaign=vt_summit_vip&utm_source=tiktok&utm_medium=cpc,
520521,1014,5027,Meta,03/26/2026 16:59,2.43,https://valuetainment.com/?utm_medium=Paid_Social&utm_campaign=brand--protein--q2!!,
868473,1014,5604,tiktok,2025-12-26T09:19:43Z,3.37,https://valuetainment.com/?utm_medium=Paid_Social&utm_campaign=br@nd_pr0tein_q2,725.31
393247,1005,5665,meta,05/07/2026 17:25,3.15,https://valuetainment.com/?utm_medium=Paid_Social&utm_campaign=pbdretargetwarm&utm_source=tik_tok,
582758,1007,5281,google,2026-04-30T10:34:34Z,12.32,https://valuetainment.com/?utm_campaign=vt_summit_lastcall&utm_source=facebook&utm_medium=Paid_Social,
352315,1003,5913,tiktok,2026-01-14T12:34:54Z,2.3,https://valuetainment.com/?utm_campaign=vtsummitearlybird&utm_source=Google&utm_medium=paid,184.73
510342,1013,5025,google,12/27/2025 18:48,10.2,https://valuetainment.com/?utm_campaign=Pat_lib_bundle&utm_medium=paid&utm_source=facebook,90.97
483405,1010,5284,Google,2026-04-06 08:55:31,12.4,https://valuetainment.com/?utm_campaign=Pbd_cold_scale&utm_medium=CPC,162.95
213613,1013,5030,meta,2025-10-23 06:28:24,6.26,https://valuetainment.com/?utm_medium=Paid_Social&utm_campaign=p@t_lib_bundle&utm_source=TikTok,665.01
530419,1012,5733,GOOGLE,03/08/2026 12:17,4.1,https://valuetainment.com/?utm_campaign=vt_summit_vip&utm_medium=Paid_Social,
456261,1007,5574,Meta,2026-05-14 06:21:33,10.86,https://valuetainment.com/?utm_campaign=Vt_summit_lastcall&utm_source=Google,
851429,1013,5225,meta,2026-05-12 19:52:29,10.59,https://valuetainment.com/?utm_medium=paid&utm_source=Google&utm_campaign=pat--lib--bundle!!,
546901,1007,5754,Meta,2026-04-25T05:43:07Z,0.72,https://valuetainment.com/?utm_source=tiktok&utm_campaign=vt_summit_l@stc@ll&utm_medium=cpc,
250622,1007,5104,TikTok,05/25/2026 11:29,8.82,https://valuetainment.com/?utm_medium=paid&utm_source=tiktok&utm_campaign=vt_summit_lastcall,276.55
694191,1005,5733,meta,2025-11-23T19:56:15Z,6.01,https://valuetainment.com/?utm_campaign=Pbd_retarget_warm&utm_medium=Paid_Social&utm_source=tiktok,
439451,1009,5027,META,2026-04-18 16:20:21,12.49,https://valuetainment.com/?utm_campaign=leadership101ev&utm_source=tik_tok,137.94
236605,1014,5429,google,11/14/2025 15:42,7.77,https://valuetainment.com/?utm_medium=cpc&utm_source=facebook&utm_campaign=BRAND_PROTEIN_Q2,
216535,1014,5517,META,03/25/2026 18:12,9.04,https://valuetainment.com/?utm_source=meta&utm_medium=ppc&utm_campaign=Brand_protein_q2,
896994,1005,5665,Google,2026-03-15T14:13:36Z,2.08,https://valuetainment.com/?utm_source=meta&utm_campaign=pbd_ret@rget_w@rm&utm_medium=Paid_Social,548.09
714585,1010,5616,google,2026-01-19 09:15:55,1.67,https://valuetainment.com/?utm_campaign=PBD_COLD_SCALE&utm_source=META&utm_medium=Paid_Social,220.84
611057,1011,5281,META ,2026-02-12 02:56:41,9.86,https://valuetainment.com/?utm_source=META&utm_campaign=c0nsult_dfy_retgt,
485999,1010,5654,GOOGLE,05/30/2026 20:50,10.44,https://valuetainment.com/?utm_campaign=pbd_c0ld_sc@le&utm_medium=CPC,121.8
282052,1005,5429,Meta,11/17/2025 00:24,8.52,https://valuetainment.com/?utm_medium=Paid_Social&utm_source=Google&utm_campaign=pbd_reta,
719774,1008,5284,google,2026-05-06T02:13:14Z,11.94,https://valuetainment.com/?utm_medium=cpc&utm_campaign=brand--fx--sponsor!!&utm_source=tiktok,
717981,1002,5142,meta,2025-10-12T16:37:31Z,4.23,https://valuetainment.com/?utm_medium=CPC&utm_campaign=brand_gs&utm_source=tiktok,466.1
828614,1006,5025,google,11/14/2025 02:19,12.36,https://valuetainment.com/?utm_campaign=ceobootcampprosp&utm_source=meta&utm_medium=CPC,119.04
629103,1012,5654,TIKTOK,2026-02-01 15:51:38,0.7,https://valuetainment.com/?utm_medium=paid&utm_campaign=vt_summit_vip&utm_source=tik_tok,768.95
676378,1011,5604,META ,12/16/2025 20:57,11.58,https://valuetainment.com/?utm_campaign=c0nsult_dfy_retgt&utm_medium=Paid_Social&utm_source=google,321.44
440645,1014,5603,GOOGLE,10/01/2025 06:17,7.08,https://valuetainment.com/?utm_medium=CPC&utm_campaign=br@nd_pr0tein_q2&utm_source=google,540.78
939740,1010,5006,meta,2026-02-26 19:36:31,0.66,https://valuetainment.com/?utm_source=META&utm_campaign=pbdcoldscale&utm_medium=paid,
256681,1004,5006,meta,2025-11-27T01:03:28Z,9.1,https://valuetainment.com/?utm_medium=CPC&utm_campaign=salesmasterylnch&utm_source=Google,
378662,1015,5027,Meta,03/03/2026 19:27,3.06,https://valuetainment.com/?utm_medium=ppc&utm_campaign=Pbd_yt_remarketing,
894055,1005,5089,google,2025-11-26 19:02:16,3.92,https://valuetainment.com/?utm_campaign=PBD_RETARGET_WARM&utm_medium=Paid_Social&utm_source=Google,
150075,1012,5228,META ,01/28/2026 17:47,10.23,https://valuetainment.com/?utm_source=facebook&utm_campaign=vt_summit_vip&utm_medium=cpc,573.13
341292,1008,5223,TikTok,2026-05-09 07:23:12,7.08,https://valuetainment.com/?utm_source=google&utm_campaign=brand_fx&utm_medium=ppc,
523922,1007,5027,meta,2026-02-21 14:09:05,4.46,https://valuetainment.com/?utm_campaign=vt_summit_lastcall,214.01
505613,1013,5250,google,2026-01-07 23:59:29,,https://valuetainment.com/?utm_medium=ppc&utm_source=tik_tok&utm_campaign=pat_lib_,312.81
597707,1003,5281,GOOGLE,2026-03-23 12:44:55,6.48,https://valuetainment.com/?utm_campaign=vt--summit--earlybird!!&utm_medium=CPC&utm_source=Google,89.8
260252,1010,5095,Google,2026-03-03 01:29:35,8.14,https://valuetainment.com/?utm_campaign=pbd_cold_scale&utm_source=Google&utm_medium=ppc,
756699,1015,5574,meta,10/30/2025 01:43,10.11,https://valuetainment.com/?utm_medium=Paid_Social&utm_campaign=pbd-yt-remarketing&utm_source=Google,385.88
231814,1011,5558,META ,2026-04-24 23:28:17,8.3,https://valuetainment.com/?utm_campaign=consult_dfy_retgt&utm_medium=ppc&utm_source=tiktok,612.76
633644,1006,5114,TikTok,03/15/2026 12:27,4.35,https://valuetainment.com/?utm_medium=CPC&utm_campaign=ceo--bootcamp--prosp!!,432.49
927641,1004,5574,Meta,2026-03-04 00:10:59,3.7,https://valuetainment.com/?utm_campaign= sales_mastery_lnch &utm_source=google&utm_medium=paid,103.72
294934,1009,5429,Google,2026-04-08T19:54:26Z,1.9,https://valuetainment.com/?utm_medium=CPC&utm_campaign=Leadership_101_ev&utm_source=TikTok,0.07
369314,1008,5284,meta,2026-05-01T17:10:28Z,1.33,https://valuetainment.com/?utm_campaign=brand-fx-sponsor&utm_source=Google&utm_medium=ppc,
618854,1008,5654,tiktok,05/24/2026 08:17,6.91,https://valuetainment.com/?utm_campaign=brand--fx--sponsor!!&utm_source=tiktok&utm_medium=Paid_Social,
125668,1007,5104,google,2026-02-20 00:39:53,9.95,https://valuetainment.com/?utm_medium=Paid_Social&utm_campaign=vt-summit-lastcall&utm_source=META,696.2
693128,1006,5223,Google,2025-12-25 01:24:58,5.13,https://valuetainment.com/?utm_campaign=ceo--bootcamp--prosp!!&utm_medium=CPC&utm_source=facebook,
558482,1012,5225,Meta,03/04/2026 12:41,6.21,https://valuetainment.com/?utm_source=META&utm_campaign=vt_summit_vip&utm_medium=paid,137.52
201462,1013,5030,Google,2025-12-28 01:35:44,2.55,https://valuetainment.com/?utm_campaign=Pat_lib_bundle&utm_medium=ppc&utm_source=tik_tok,299.67
664943,1006,5654,meta,12/30/2025 04:39,11.15,https://valuetainment.com/?utm_medium=Paid_Social&utm_source=google&utm_campaign=ceo_bootcamp_prosp,68.43
897089,1011,5432,Meta,10/29/2025 14:54,12.09,https://valuetainment.com/?utm_campaign=consultdfyretgt&utm_medium=CPC,628.82
267898,1009,5754,meta,2026-03-11T12:04:32Z,9.33,https://valuetainment.com/?utm_campaign=le@dership_101_ev&utm_source=meta,466.42
467373,1009,5225,Meta,2026-01-29 07:11:59,8.11,https://valuetainment.com/?utm_campaign=leadership101ev&utm_medium=cpc,211.78
885710,1010,5828,Meta,10/16/2025 05:26,3.46,https://valuetainment.com/?utm_campaign=pbd_cold&utm_medium=Paid_Social,72.95
444827,1006,5558,meta,2025-10-24 16:11:01,,https://valuetainment.com/?utm_campaign=Ceo_bootcamp_prosp&utm_medium=cpc,
417459,1003,5459,TIKTOK,04/10/2026 03:31,1.61,https://valuetainment.com/?utm_campaign=vt--summit--earlybird!!&utm_source=Google&utm_medium=paid,
128034,1011,5754,tik_tok,2026-02-28T03:08:12Z,7.25,https://valuetainment.com/?utm_source=Google&utm_campaign=consult_&utm_medium=ppc,731.34
969164,1012,5604,google,2025-11-19T14:29:26Z,7.63,https://valuetainment.com/?utm_campaign=VT_SUMMIT_VIP&utm_medium=paid&utm_source=meta,
216875,1011,5828,Meta,2026-05-13 18:39:42,6.14,https://valuetainment.com/?utm_campaign=consult dfy retgt&utm_source=META,141.24
560530,1005,5913,google,2026-04-27 13:21:33,1.7,https://valuetainment.com/?utm_source=tik_tok&utm_campaign=PBD_RETARGET_WARM&utm_medium=CPC,439.9
641154,1013,5432,meta,2025-10-18T03:08:55Z,9.35,https://valuetainment.com/?utm_campaign=pat-lib-bundle&utm_medium=paid&utm_source=tik_tok,
460307,1009,5025,google,11/16/2025 06:24,6.96,https://valuetainment.com/?utm_campaign=leadership 101 ev&utm_source=tiktok&utm_medium=Paid_Social,
343740,1004,5089,META,2026-03-11 01:27:23,1.38,https://valuetainment.com/?utm_campaign=sales--mastery--lnch!!,557.66
714980,1014,5654,google,2026-01-29 03:48:42,10.42,https://valuetainment.com/?utm_campaign=br@nd_pr0tein_q2&utm_source=google,
759757,1012,5095,Google,02/19/2026 13:51,7.24,https://valuetainment.com/?utm_campaign=vtsummitvip&utm_medium=cpc,354.49
413309,1006,5225,meta,05/27/2026 05:07,11.12,https://valuetainment.com/?utm_campaign=ceobootcampprosp&utm_source=Google,
743066,1013,5604,Google,2026-02-20 09:50:40,2.97,https://valuetainment.com/?utm_campaign=pat_lib_bundle&utm_source=tik_tok,782.46
841633,1010,5095,Meta,2025-10-19T06:32:15Z,10.09,https://valuetainment.com/?utm_medium=ppc&utm_source=google&utm_campaign=pbdcoldscale,
990813,1013,5006,Meta,2026-02-20T21:47:11Z,10.41,https://valuetainment.com/?utm_medium=CPC&utm_campaign=p@t_lib_bundle&utm_source=Google,
300557,1010,5203,Meta,2026-01-11T11:49:15Z,4.14,https://valuetainment.com/?utm_source=google&utm_medium=Paid_Social&utm_campaign= pbd_cold_scale ,414.14
826847,1004,5228,TikTok,2025-10-01 11:56:28,,https://valuetainment.com/?utm_source=TikTok&utm_medium=Paid_Social&utm_campaign=sales mastery lnch,
820493,1014,5223,Meta,2026-03-11 15:30:21,2.71,https://valuetainment.com/?utm_source=META&utm_medium=cpc&utm_campaign=BRAND_PROTEIN_Q2,267.46
350956,1007,5517,META,01/10/2026 13:55,9.79,https://valuetainment.com/?utm_source=TikTok&utm_medium=ppc&utm_campaign=vt--summit--lastcall!!,426.92
626470,1005,5759,meta,2026-02-21T10:06:02Z,11.73,https://valuetainment.com/?utm_source=tik_tok&utm_campaign=pbd_reta&utm_medium=paid,520.17
337110,1008,5828,meta,2026-02-21 13:13:30,10.54,https://valuetainment.com/?utm_source=facebook&utm_medium=paid&utm_campaign=brand fx sponsor,
963337,1004,5095,TikTok,03/10/2026 22:16,9.81,https://valuetainment.com/?utm_campaign=salesmasterylnch&utm_medium=cpc&utm_source=facebook,446.48
882428,1013,5654,meta,2026-02-25 07:50:56,1.41,https://valuetainment.com/?utm_source=TikTok&utm_medium=Paid_Social&utm_campaign=pat-lib-bundle,95.75
444600,1004,5027,meta,12/05/2025 22:43,1.79,https://valuetainment.com/?utm_source=facebook&utm_campaign=SALES_MASTERY_LNCH&utm_medium=ppc,
333174,1010,5142,Google,2025-12-21 10:01:47,1.37,https://valuetainment.com/?utm_campaign=pbdcoldscale&utm_source=TikTok,461.5
283965,1007,5203,META,2025-11-05T23:29:56Z,1.29,https://valuetainment.com/?utm_source=tik_tok&utm_campaign=vt_summit_l@stc@ll,
314303,1010,5089,meta,2026-01-30T06:12:40Z,9.71,https://valuetainment.com/?utm_source=meta&utm_campaign=pbd_cold,
926918,1005,5030,META,2026-03-11 08:46:10,7.43,https://valuetainment.com/?utm_campaign=Pbd_retarget_warm&utm_source=META&utm_medium=paid,72.11
332074,1002,5777,Meta,05/25/2026 15:14,8.99,https://valuetainment.com/?utm_campaign= brand_gs_promo &utm_source=tik_tok&utm_medium=ppc,
655021,1009,5284,Meta,2026-01-22 22:36:38,11.35,https://valuetainment.com/?utm_medium=CPC&utm_campaign= leadership_101_ev &utm_source=tiktok,321.85
482522,1004,5758,Meta,2025-11-12 11:56:13,1.5,https://valuetainment.com/?utm_source=facebook&utm_campaign=sales-mastery-lnch,190.9
471159,1012,5006,TikTok,05/21/2026 20:53,2.49,https://valuetainment.com/?utm_campaign=vt--summit--vip!!&utm_medium=Paid_Social&utm_source=tiktok,674.45
558194,1008,5429,TikTok,10/02/2025 17:42,4.77,https://valuetainment.com/?utm_campaign=brand fx sponsor&utm_medium=cpc,541.59
359630,1007,5089,Google,2026-03-31 02:01:52,1.78,https://valuetainment.com/?utm_campaign=VT_SUMMIT_LASTCALL&utm_source=meta&utm_medium=Paid_Social,217.67
224309,1003,5692,Meta,2026-01-09T18:03:13Z,6.31,https://valuetainment.com/?utm_medium=cpc&utm_source=google&utm_campaign=vt_summi,
179167,1007,5284,Google,11/08/2025 07:33,11.53,https://valuetainment.com/?utm_campaign=vtsummitlastcall,248.2
284160,1014,5558,meta,2026-06-08 17:54:53,10.5,https://valuetainment.com/?utm_campaign=brand--protein--q2!!&utm_medium=Paid_Social&utm_source=META,383.29
374364,1011,5558,Meta,02/01/2026 17:58,11.41,https://valuetainment.com/?utm_campaign=consultdfyretgt&utm_medium=ppc,690.81
663335,1008,5828,tiktok,2025-11-28 00:59:24,7.46,https://valuetainment.com/?utm_medium=paid&utm_source=Google&utm_campaign=br@nd_fx_sp0ns0r,529.19
143138,1012,5429,google,01/11/2026 21:39,11.32,https://valuetainment.com/?utm_medium=CPC&utm_campaign=vt_summi&utm_source=Google,709.18
862584,1012,5104,google,01/29/2026 05:08,,https://valuetainment.com/?utm_medium=Paid_Social&utm_campaign= vt_summit_vip ,780.93
341162,1003,5758,meta,2026-02-18T16:09:45Z,,https://valuetainment.com/?utm_campaign=vtsummitearlybird&utm_source=meta,169.21
816751,1012,5604,meta,03/29/2026 12:34,7.79,https://valuetainment.com/?utm_campaign=vtsummitvip&utm_medium=CPC,
861697,1012,5203,Google,2026-04-06T10:51:20Z,,https://valuetainment.com/?utm_campaign=vt-summit-vip&utm_source=TikTok,127.52
505441,1007,5281,google,12/21/2025 00:29,7.62,https://valuetainment.com/?utm_campaign=vt-summit-lastcall&utm_source=meta&utm_medium=paid,769.82
334055,1006,5432,Google,2025-11-22T06:54:26Z,8.78,https://valuetainment.com/?utm_source=tik_tok&utm_campaign= ceo_bootcamp_prosp ,
883041,1004,5228,google,2025-12-04T14:37:55Z,12.24,https://valuetainment.com/?utm_source=facebook&utm_campaign=sales_mastery_lnch&utm_medium=CPC,563.11
134225,1005,5089,Meta,2026-05-31T17:57:46Z,8.97,https://valuetainment.com/?utm_source=google&utm_campaign=pbd retarget warm,363.23
393710,1001,5558,META,2026-01-27 14:51:50,4.2,https://valuetainment.com/?utm_source=facebook&utm_campaign=pbd pod prosp q1&utm_medium=cpc,170.44
538937,1002,5913,meta,2025-11-12T01:10:38Z,10.3,https://valuetainment.com/?utm_source=google&utm_medium=ppc&utm_campaign=brand_gs_promo,465.35
810750,1015,5777,meta,11/20/2025 10:22,3.64,https://valuetainment.com/?utm_medium=CPC&utm_campaign=pbd-yt-remarketing&utm_source=tik_tok,
309537,1009,5558,meta,11/15/2025 15:15,7.19,https://valuetainment.com/?utm_campaign=leadersh&utm_medium=cpc&utm_source=tik_tok,
883785,1007,5654,TikTok,2026-01-06 01:26:44,10.18,https://valuetainment.com/?utm_source=facebook&utm_campaign=vt-summit-lastcall&utm_medium=cpc,36.62
544671,1015,5006,meta,03/27/2026 21:05,8.17,https://valuetainment.com/?utm_medium=paid&utm_source=tiktok&utm_campaign=PBD_YT_REMARKETING,218.81
876527,1002,5459,TikTok,2026-04-11 08:01:35,5.01,https://valuetainment.com/?utm_medium=cpc&utm_campaign=brand_gs_promo&utm_source=Google,68.64
737831,1007,5758,tik_tok,2026-03-08 19:34:16,11.47,https://valuetainment.com/?utm_source=TikTok&utm_medium=paid&utm_campaign=vtsummitlastcall,450.56
445852,1007,5432,meta,2026-02-24T11:00:59Z,3.83,https://valuetainment.com/?utm_source=META&utm_campaign= vt_summit_lastcall ,
766681,1004,5223,google,03/22/2026 12:47,12.22,https://valuetainment.com/?utm_source=TikTok&utm_medium=ppc&utm_campaign=sales--mastery--lnch!!,
253668,1007,5517,Meta,2025-12-24T16:46:05Z,12.44,https://valuetainment.com/?utm_campaign=vt_summi&utm_source=google&utm_medium=Paid_Social,270.35
959502,1010,5654,tiktok,2025-11-20T20:57:34Z,9.01,https://valuetainment.com/?utm_medium=paid&utm_campaign=pbd--cold--scale!!&utm_source=META,
656639,1009,5025,Meta,2026-03-30 12:39:53,6.51,https://valuetainment.com/?utm_source=tik_tok&utm_medium=cpc&utm_campaign=leadership_101_ev,343.69
195310,1014,5284,Meta,03/27/2026 04:09,12.06,https://valuetainment.com/?utm_campaign=brandproteinq2&utm_source=facebook&utm_medium=CPC,712.09
763732,1001,5025,meta,2026-05-22 10:44:48,6.77,https://valuetainment.com/?utm_source=google&utm_campaign=PBD_POD_PROSP_Q1&utm_medium=paid,478.93
898857,1010,5733,tiktok,01/04/2026 20:41,7.52,https://valuetainment.com/?utm_medium=cpc&utm_source=tiktok&utm_campaign= pbd_cold_scale ,
217756,1010,5095,META,01/31/2026 11:29,8.26,https://valuetainment.com/?utm_campaign=pbd cold scale&utm_source=Google,120.99
256023,1003,5890,meta,2026-04-25T15:18:16Z,6.51,https://valuetainment.com/?utm_medium=ppc&utm_campaign=vt summit earlybird&utm_source=tik_tok,461.28
659123,1013,5733,meta,01/12/2026 02:45,6.14,https://valuetainment.com/?utm_campaign=Pat_lib_bundle&utm_medium=ppc&utm_source=meta,32.75
274654,1004,5603,Meta,2026-02-02T08:30:53Z,4.83,https://valuetainment.com/?utm_source=Google&utm_medium=CPC&utm_campaign=sales mastery lnch,631.48
890356,1005,5758,Google,2026-05-02 03:52:43,2.59,https://valuetainment.com/?utm_campaign=pbd_retarget_warm&utm_medium=CPC&utm_source=META,
340027,1006,5890,Google,06/05/2026 06:00,5.87,https://valuetainment.com/?utm_source=meta&utm_campaign=ceo--bootcamp--prosp!!&utm_medium=Paid_Social,394.26
218327,1007,5429,TIKTOK,2026-02-18T07:05:53Z,4.24,https://valuetainment.com/?utm_medium=CPC&utm_campaign=vt_summit_lastcall,415.78
122283,1008,5142,META,2026-04-10T09:37:05Z,3.88,https://valuetainment.com/?utm_source=meta&utm_campaign=BRAND_FX_SPONSOR&utm_medium=ppc,337.07
922703,1002,5754,tiktok,01/03/2026 02:41,1.03,https://valuetainment.com/?utm_campaign=BRAND_GS_PROMO&utm_source=google&utm_medium=Paid_Social,
468136,1015,5032,meta,05/30/2026 07:52,9.89,https://valuetainment.com/?utm_campaign=pbd--yt--remarketing!!&utm_medium=Paid_Social,684.74
867344,1005,5114,Meta,2026-05-03T05:15:13Z,10.21,https://valuetainment.com/?utm_campaign=pbd_reta&utm_source=META&utm_medium=ppc,289.03
548818,1011,5281,meta,2025-10-24 21:44:05,11.21,https://valuetainment.com/?utm_source=Google&utm_campaign=consult dfy retgt&utm_medium=ppc,343.59
907455,1007,5284,Google,2025-11-15 23:26:58,11.69,https://valuetainment.com/?utm_campaign=vt_summit_lastcall&utm_source=META&utm_medium=CPC,254.0
121666,1013,5558,TIKTOK,02/02/2026 23:23,11.34,https://valuetainment.com/?utm_source=META&utm_medium=CPC&utm_campaign= pat_lib_bundle ,
635722,1014,5114,Meta,2026-02-15T10:55:38Z,10.57,https://valuetainment.com/?utm_medium=ppc&utm_campaign= brand_protein_q2 &utm_source=META,
984390,1009,5692,Meta,2026-05-12 13:02:18,6.66,https://valuetainment.com/?utm_medium=paid&utm_campaign=leadership_101_ev&utm_source=facebook,
662207,1002,5228,google,12/15/2025 13:43,3.95,https://valuetainment.com/?utm_source=TikTok&utm_medium=paid&utm_campaign=brand_gs_promo,128.84
385915,1001,5030,Google,2026-06-06 03:24:47,8.12,https://valuetainment.com/?utm_medium=ppc&utm_source=google&utm_campaign=pbd-pod-prosp-q1,38.97
997097,1004,5692,meta,05/23/2026 08:44,,https://valuetainment.com/?utm_medium=Paid_Social&utm_source=TikTok&utm_campaign=salesmasterylnch,450.93
968985,1015,5777,Google,2026-03-04T00:14:40Z,4.85,https://valuetainment.com/?utm_campaign=Pbd_yt_remarketing&utm_source=meta,754.71
725633,1001,5089,google,12/29/2025 01:57,4.17,https://valuetainment.com/?utm_medium=CPC&utm_campaign=pbd_p0d_pr0sp_q1&utm_source=facebook,
285171,1004,5032,GOOGLE,2026-04-27 18:49:52,8.07,https://valuetainment.com/?utm_campaign=SALES_MASTERY_LNCH&utm_medium=CPC&utm_source=tiktok,
346729,1015,5913,tik_tok,2026-02-04 11:36:13,7.59,https://valuetainment.com/?utm_medium=cpc&utm_source=tiktok&utm_campaign=pbdytremarketing,
884475,1011,5284,meta,01/27/2026 00:19,7.87,https://valuetainment.com/?utm_campaign= consult_dfy_retgt &utm_medium=paid&utm_source=tik_tok,
922072,1008,5459,META,2026-05-08T09:38:49Z,11.63,https://valuetainment.com/?utm_source=tiktok&utm_campaign=Brand_fx_sponsor,
290407,1005,5754,Google,2026-02-13 08:26:17,6.88,https://valuetainment.com/?utm_medium=CPC&utm_campaign=pbdretargetwarm&utm_source=tiktok,31.56
232904,1006,5459,meta,2025-12-05 11:28:07,8.16,https://valuetainment.com/?utm_source=tik_tok&utm_campaign=ce0_b00tc@mp_pr0sp&utm_medium=ppc,772.94
467008,1012,5718,GOOGLE,11/22/2025 19:28,4.13,https://valuetainment.com/?utm_campaign=vt_summit_vip&utm_medium=paid&utm_source=META,129.73
975204,1014,5517,META,2026-03-06T12:01:41Z,2.92,https://valuetainment.com/?utm_medium=CPC&utm_source=facebook&utm_campaign=brand-protein-q2,592.89
758784,1002,5603,META,2026-04-09T19:18:08Z,6.71,https://valuetainment.com/?utm_campaign=brandgspromo&utm_source=TikTok,137.3
196753,1014,5758,Meta,05/01/2026 19:09,7.35,https://valuetainment.com/?utm_medium=Paid_Social&utm_source=META&utm_campaign=brandproteinq2,697.46
622924,1009,5758,GOOGLE,2026-02-07T21:05:44Z,0.55,https://valuetainment.com/?utm_source=TikTok&utm_medium=paid&utm_campaign=LEADERSHIP_101_EV,356.11
677236,1007,5284,META,02/20/2026 03:28,11.19,https://valuetainment.com/?utm_source=meta&utm_campaign=vt summit lastcall,676.87
221143,1001,5114,meta,2026-05-29T00:58:55Z,,https://valuetainment.com/?utm_medium=paid&utm_source=google&utm_campaign=pbd_p0d_pr0sp_q1,
607286,1010,5142,meta,2025-12-10 05:52:15,6.97,https://valuetainment.com/?utm_medium=paid&utm_source=tik_tok&utm_campaign=pbd--cold--scale!!,538.13
965917,1009,5517,meta,2026-05-29 16:41:21,8.66,https://valuetainment.com/?utm_campaign=leadership101ev&utm_medium=CPC,
982796,1015,5228,META,04/17/2026 15:28,6.39,https://valuetainment.com/?utm_source=TikTok&utm_campaign=PBD_YT_REMARKETING&utm_medium=CPC,
515684,1013,5574,Meta,2026-04-02T20:34:55Z,4.39,https://valuetainment.com/?utm_campaign=pat_lib_bundle&utm_source=facebook,
859440,1010,5828,google,2026-05-10T04:09:21Z,6.25,https://valuetainment.com/?utm_medium=ppc&utm_source=google&utm_campaign=Pbd_cold_scale,396.35
888775,1003,5203,tik_tok,2026-05-18 00:38:55,1.62,https://valuetainment.com/?utm_campaign=vt summit earlybird&utm_medium=ppc&utm_source=facebook,646.54
515490,1003,5828,META,2025-12-27 11:27:05,11.15,https://valuetainment.com/?utm_source=facebook&utm_campaign=VT_SUMMIT_EARLYBIRD&utm_medium=cpc,
761938,1007,5238,Meta,01/30/2026 17:51,5.33,https://valuetainment.com/?utm_campaign=vt_summi&utm_source=Google,63.29
910555,1006,5284,meta,2026-02-24T18:28:32Z,2.8,https://valuetainment.com/?utm_campaign=ceo-bootcamp-prosp&utm_source=tik_tok,161.84
200797,1002,5228,Meta,2026-06-07T06:34:31Z,3.02,https://valuetainment.com/?utm_medium=CPC&utm_campaign=brandgspromo&utm_source=tik_tok,742.76
950110,1014,5759,tik_tok,2025-12-15T17:00:04Z,11.99,https://valuetainment.com/?utm_campaign=brandproteinq2&utm_source=Google&utm_medium=ppc,96.29
611126,1001,5250,meta,2026-01-04T07:11:45Z,1.5,https://valuetainment.com/?utm_campaign=pbd--pod--prosp--q1!!&utm_source=meta,
736059,1009,5913,TikTok,01/30/2026 01:24,3.0,https://valuetainment.com/?utm_campaign=leadership--101--ev!!&utm_source=tiktok,583.94
350202,1005,5692,META,2025-12-19T20:13:11Z,6.9,https://valuetainment.com/?utm_campaign=pbd_reta&utm_medium=cpc&utm_source=meta,782.78
450167,1014,5758,META,2026-06-02T12:12:23Z,4.54,https://valuetainment.com/?utm_campaign=Brand_protein_q2&utm_medium=Paid_Social&utm_source=META,209.72
472970,1007,5027,Meta,10/07/2025 02:19,6.68,https://valuetainment.com/?utm_campaign=VT_SUMMIT_LASTCALL&utm_medium=ppc&utm_source=Google,
438480,1005,5558,google,04/20/2026 14:41,9.58,https://valuetainment.com/?utm_campaign=PBD_RETARGET_WARM&utm_source=tiktok&utm_medium=ppc,33.55
477863,1012,5574,meta,03/17/2026 21:48,,https://valuetainment.com/?utm_campaign=vt--summit--vip!!&utm_source=TikTok&utm_medium=paid,482.53
203878,1010,5517,tik_tok,2026-04-25T11:38:12Z,2.51,https://valuetainment.com/?utm_medium=ppc&utm_campaign=pbd--cold--scale!!&utm_source=tik_tok,311.65
796862,1008,5089,Google,2025-10-07 04:37:30,3.06,https://valuetainment.com/?utm_campaign=BRAND_FX_SPONSOR&utm_source=Google&utm_medium=Paid_Social,245.52
997845,1012,5890,meta,01/27/2026 02:10,1.62,https://valuetainment.com/?utm_source=META&utm_campaign= vt_summit_vip ,
370746,1015,5432,TIKTOK,12/29/2025 21:29,5.25,https://valuetainment.com/?utm_medium=Paid_Social&utm_source=meta&utm_campaign=pbd_yt_r,303.82
934558,1004,5228,Meta,2025-10-24T22:29:31Z,1.82,https://valuetainment.com/?utm_source=META&utm_medium=CPC&utm_campaign=salesmasterylnch,713.94
815789,1013,5238,Meta,2026-02-25 13:19:15,0.79,https://valuetainment.com/?utm_medium=CPC&utm_source=meta&utm_campaign=pat-lib-bundle,774.0
678863,1011,5665,meta,06/05/2026 17:20,0.96,https://valuetainment.com/?utm_medium=ppc&utm_campaign=consult--dfy--retgt!!&utm_source=tiktok,82.0
951307,1001,5223,google,2025-11-06 09:19:11,,https://valuetainment.com/?utm_source=tik_tok&utm_medium=paid&utm_campaign= pbd_pod_prosp_q1 ,335.03
665042,1014,5890,Google,2026-04-18 19:25:02,10.14,https://valuetainment.com/?utm_campaign=brand_pr&utm_source=facebook,340.47
351366,1003,5604,TikTok,02/24/2026 20:12,3.12,https://valuetainment.com/?utm_source=facebook&utm_campaign=vt_summi,
435571,1014,5758,google,2026-01-09 21:42:46,1.53,https://valuetainment.com/?utm_campaign=brand protein q2&utm_source=tiktok&utm_medium=ppc,
684918,1004,5733,meta,06/03/2026 17:43,5.84,https://valuetainment.com/?utm_campaign= sales_mastery_lnch &utm_medium=paid,374.61
843129,1009,5654,meta,2026-05-07T08:02:15Z,7.8,https://valuetainment.com/?utm_source=TikTok&utm_campaign=leadership 101 ev,566.34
716621,1011,5828,Google,2026-04-03 04:48:32,2.65,https://valuetainment.com/?utm_medium=CPC&utm_campaign=consult--dfy--retgt!!,
492403,1014,5754,meta,02/03/2026 16:14,11.78,https://valuetainment.com/?utm_source=tik_tok&utm_medium=ppc&utm_campaign=brand--protein--q2!!,629.92
115745,1009,5095,Meta,2025-10-10T20:32:46Z,1.28,https://valuetainment.com/?utm_source=META&utm_campaign= leadership_101_ev ,615.63
673506,1007,5604,tik_tok,04/04/2026 17:47,4.96,https://valuetainment.com/?utm_campaign=Vt_summit_lastcall&utm_source=meta,617.6
276048,1008,5828,google,2026-04-15 12:32:15,8.96,https://valuetainment.com/?utm_source=TikTok&utm_medium=cpc&utm_campaign=BRAND_FX_SPONSOR,
603627,1003,5104,google,2026-05-12T13:28:36Z,0.46,https://valuetainment.com/?utm_campaign=VT_SUMMIT_EARLYBIRD&utm_source=TikTok,
712001,1005,5759,TikTok,05/15/2026 13:09,5.62,https://valuetainment.com/?utm_campaign=pbd--retarget--warm!!&utm_medium=paid&utm_source=tik_tok,
132663,1011,5228,google,2026-03-22 06:18:02,,https://valuetainment.com/?utm_medium=cpc&utm_source=tiktok&utm_campaign= consult_dfy_retgt ,321.29
691800,1014,5223,Meta,2025-10-26 03:51:15,8.16,https://valuetainment.com/?utm_campaign=br@nd_pr0tein_q2&utm_source=facebook&utm_medium=Paid_Social,
575809,1013,5228,meta,2025-11-28 02:59:31,,https://valuetainment.com/?utm_campaign=pat-lib-bundle&utm_medium=paid&utm_source=meta,663.48
296953,1001,5890,google,2026-06-04T11:51:41Z,5.3,https://valuetainment.com/?utm_campaign=pbd--pod--prosp--q1!!&utm_source=tiktok&utm_medium=Paid_Social,248.93
391928,1006,5459,meta,2026-04-15T02:17:17Z,2.26,https://valuetainment.com/?utm_source=tik_tok&utm_campaign= ceo_bootcamp_prosp ,1.12
516166,1009,5089,TikTok,2026-05-18 04:03:12,,https://valuetainment.com/?utm_source=meta&utm_medium=paid&utm_campaign=leadership101ev,
931141,1004,5223,META,2025-12-22T21:52:48Z,11.79,https://valuetainment.com/?utm_source=TikTok&utm_campaign= sales_mastery_lnch &utm_medium=cpc,240.8
591265,1006,5733,meta,2025-10-04 05:13:10,11.06,https://valuetainment.com/?utm_source=tiktok&utm_medium=ppc&utm_campaign=ce0_b00tc@mp_pr0sp,136.51
595397,1014,5032,GOOGLE,2026-04-05 17:37:42,2.01,https://valuetainment.com/?utm_campaign=brandproteinq2,611.61
183958,1002,5692,tiktok,03/22/2026 09:31,4.01,https://valuetainment.com/?utm_campaign=br@nd_gs_pr0m0&utm_medium=Paid_Social&utm_source=facebook,574.13
973474,1003,5733,google,2026-02-27T02:54:22Z,5.76,https://valuetainment.com/?utm_campaign=vt summit earlybird&utm_medium=paid&utm_source=META,204.51
370948,1001,5025,TikTok,2026-04-07 16:22:31,3.8,https://valuetainment.com/?utm_campaign=pbd_p0d_pr0sp_q1&utm_medium=cpc&utm_source=meta,515.44
735988,1008,5203,Google,2025-11-25T10:10:24Z,10.9,https://valuetainment.com/?utm_medium=paid&utm_campaign=brand_fx,
327697,1003,5032,META ,2026-02-19T00:03:20Z,5.99,https://valuetainment.com/?utm_campaign=vtsummitearlybird&utm_source=Google&utm_medium=cpc,
933437,1010,5250,META,2026-06-06T13:34:02Z,7.68,https://valuetainment.com/?utm_medium=paid&utm_campaign=pbd cold scale,744.73
680933,1006,5250,meta,01/29/2026 02:47,6.08,https://valuetainment.com/?utm_campaign=Ceo_bootcamp_prosp&utm_source=TikTok,103.82
955793,1003,5006,Meta,2025-11-26T15:36:48Z,10.54,https://valuetainment.com/?utm_campaign= vt_summit_earlybird &utm_source=facebook,364.63
254453,1015,5828,Meta,2026-01-22T19:13:01Z,1.72,https://valuetainment.com/?utm_medium=CPC&utm_source=TikTok&utm_campaign=pbd_yt_r,
409611,1001,5114,META,2025-12-27T17:27:00Z,10.07,https://valuetainment.com/?utm_campaign=pbd--pod--prosp--q1!!&utm_source=facebook&utm_medium=Paid_Social,127.15
921375,1001,5759,GOOGLE,2026-04-21 12:53:17,7.26,https://valuetainment.com/?utm_source=tik_tok&utm_campaign=pbd_pod_&utm_medium=CPC,208.86
764406,1002,5616,google,04/08/2026 12:54,9.72,https://valuetainment.com/?utm_campaign=BRAND_GS_PROMO&utm_medium=ppc&utm_source=facebook,599.84
263122,1003,5281,Meta,2025-11-04T06:27:03Z,,https://valuetainment.com/?utm_campaign=vt_summit_earlybird&utm_source=tik_tok&utm_medium=Paid_Social,
661587,1014,5095,META,10/24/2025 03:15,,https://valuetainment.com/?utm_source=facebook&utm_campaign= brand_protein_q2 ,
508071,1015,5558,TIKTOK,03/03/2026 08:39,,https://valuetainment.com/?utm_medium=Paid_Social&utm_campaign=pbd_yt_remarketing&utm_source=TikTok,
428154,1011,5574,TikTok,2026-01-17 04:03:39,11.82,https://valuetainment.com/?utm_medium=CPC&utm_campaign=consult_dfy_retgt&utm_source=facebook,
626702,1007,5142,google,05/15/2026 05:55,1.52,https://valuetainment.com/?utm_medium=ppc&utm_source=META&utm_campaign=Vt_summit_lastcall,
522413,1006,5558,META,10/06/2025 23:42,5.7,https://valuetainment.com/?utm_campaign=ceo_boot&utm_source=tik_tok,62.28
457075,1015,5828,meta,2026-04-07T12:07:35Z,10.3,https://valuetainment.com/?utm_medium=Paid_Social&utm_campaign=Pbd_yt_remarketing&utm_source=tik_tok,146.72
583646,1008,5828,meta,2026-04-16 06:26:02,3.85,https://valuetainment.com/?utm_medium=Paid_Social&utm_campaign=br@nd_fx_sp0ns0r&utm_source=meta,
479060,1014,5030,google,2026-03-31T07:10:39Z,2.58,https://valuetainment.com/?utm_source=tik_tok&utm_medium=paid&utm_campaign=brandproteinq2,520.85
670512,1014,5238,tiktok,2026-01-31T21:48:36Z,10.72,https://valuetainment.com/?utm_source=tiktok&utm_medium=paid&utm_campaign=Brand_protein_q2,589.96
714837,1013,5429,Google,03/27/2026 19:30,1.26,https://valuetainment.com/?utm_medium=CPC&utm_source=tiktok&utm_campaign=patlibbundle,181.4
820119,1014,5027,meta,12/06/2025 13:19,8.74,https://valuetainment.com/?utm_campaign=brand-protein-q2&utm_medium=cpc,127.26
401025,1010,5517,google,12/28/2025 13:37,,https://valuetainment.com/?utm_source=META&utm_medium=Paid_Social&utm_campaign=pbd_cold,
341522,1013,5250,TikTok,2026-03-18 17:08:40,1.83,https://valuetainment.com/?utm_campaign=PAT_LIB_BUNDLE&utm_source=TikTok,97.73
414910,1004,5114,meta,05/18/2026 10:08,10.53,https://valuetainment.com/?utm_medium=Paid_Social&utm_campaign= sales_mastery_lnch ,
509106,1013,5114,tiktok,2025-11-18 11:27:28,7.92,https://valuetainment.com/?utm_campaign=pat-lib-bundle&utm_medium=CPC,455.35
166026,1001,5030,Meta,2026-01-03T20:59:12Z,11.11,https://valuetainment.com/?utm_campaign=pbd-pod-prosp-q1&utm_medium=ppc,
870645,1005,5654,Google,2026-02-22T15:36:27Z,11.76,https://valuetainment.com/?utm_medium=Paid_Social&utm_campaign=pbdretargetwarm&utm_source=META,
489307,1011,5517,google,2025-12-07T13:27:00Z,6.97,https://valuetainment.com/?utm_campaign=consult--dfy--retgt!!&utm_source=tiktok&utm_medium=Paid_Social,
663200,1001,5203,Google,01/11/2026 03:50,7.73,https://valuetainment.com/?utm_campaign=pbd_p0d_pr0sp_q1&utm_medium=CPC&utm_source=tik_tok,773.78
894645,1003,5089,Google,2026-03-21T00:23:34Z,11.86,https://valuetainment.com/?utm_medium=CPC&utm_campaign=vt_summit_earlybird&utm_source=TikTok,417.56
532227,1006,5754,META,01/20/2026 08:49,4.11,https://valuetainment.com/?utm_campaign=ceo--bootcamp--prosp!!&utm_source=facebook&utm_medium=ppc,
520007,1013,5558,tik_tok,12/14/2025 23:12,7.85,https://valuetainment.com/?utm_medium=cpc&utm_campaign=patlibbundle&utm_source=tiktok,610.63
137259,1002,5203,meta,03/03/2026 14:41,,https://valuetainment.com/?utm_campaign=Brand_gs_promo&utm_medium=Paid_Social,734.97
195966,1002,5616,TIKTOK,2026-01-13 18:24:19,,https://valuetainment.com/?utm_campaign=brand-gs-promo&utm_source=meta&utm_medium=paid,
873423,1008,5718,TIKTOK,2025-12-29 16:56:09,3.75,https://valuetainment.com/?utm_medium=ppc&utm_source=tiktok&utm_campaign= brand_fx_sponsor ,185.8
901619,1010,5733,GOOGLE,03/16/2026 18:23,9.91,https://valuetainment.com/?utm_medium=Paid_Social&utm_source=TikTok&utm_campaign=pbd cold scale,103.52
556732,1008,5604,meta,01/17/2026 07:47,7.59,https://valuetainment.com/?utm_campaign= brand_fx_sponsor &utm_medium=paid&utm_source=TikTok,
595268,1013,5250,tiktok,2026-04-06 12:51:31,10.63,https://valuetainment.com/?utm_campaign=pat-lib-bundle&utm_medium=paid&utm_source=google,225.97
875247,1011,5104,tiktok,2026-03-29T00:22:51Z,7.65,https://valuetainment.com/?utm_source=facebook&utm_campaign=consult_&utm_medium=ppc,488.47
233511,1012,5692,Meta,2026-05-21T14:53:15Z,11.89,https://valuetainment.com/?utm_source=TikTok&utm_campaign=VT_SUMMIT_VIP&utm_medium=CPC,325.23
963446,1002,5733,Meta,2026-06-05T06:37:47Z,0.57,https://valuetainment.com/?utm_medium=CPC&utm_source=google&utm_campaign=brand gs promo,525.14
597230,1005,5718,GOOGLE,01/01/2026 00:02,5.04,https://valuetainment.com/?utm_medium=Paid_Social&utm_campaign=Pbd_retarget_warm,49.05
408069,1001,5203,Meta,02/17/2026 08:07,,https://valuetainment.com/?utm_medium=ppc&utm_campaign=pbd pod prosp q1&utm_source=TikTok,
238949,1009,5604,GOOGLE,02/23/2026 16:46,9.87,https://valuetainment.com/?utm_source=TikTok&utm_campaign=Leadership_101_ev,352.25
797137,1007,5574,META ,2026-02-27T17:23:55Z,4.1,https://valuetainment.com/?utm_campaign=vt_summi&utm_medium=Paid_Social&utm_source=tiktok,192.62
235022,1015,5238,GOOGLE,05/01/2026 07:11,6.79,https://valuetainment.com/?utm_source=tik_tok&utm_medium=cpc&utm_campaign=Pbd_yt_remarketing,386.46
973941,1001,5517,Meta,2025-10-26T09:16:13Z,3.15,https://valuetainment.com/?utm_campaign=pbd_pod_prosp_q1,647.25
725233,1012,5142,meta,2026-02-08 22:41:56,11.53,https://valuetainment.com/?utm_medium=cpc&utm_source=TikTok&utm_campaign=VT_SUMMIT_VIP,487.52
897350,1007,5025,meta,2025-10-20T06:29:52Z,9.46,https://valuetainment.com/?utm_campaign= vt_summit_lastcall &utm_medium=CPC,736.13
269371,1009,5616,META,2025-11-18 12:05:12,1.69,https://valuetainment.com/?utm_campaign= leadership_101_ev &utm_medium=Paid_Social&utm_source=google,750.33
994631,1012,5604,META,2026-02-14 03:52:18,7.99,https://valuetainment.com/?utm_source=google&utm_campaign=vtsummitvip&utm_medium=ppc,678.25
919209,1004,5616,Meta,03/07/2026 01:37,7.78,https://valuetainment.com/?utm_campaign=sales mastery lnch&utm_source=META&utm_medium=paid,194.01
405796,1003,5718,Google,2025-12-20 02:11:24,7.89,https://valuetainment.com/?utm_source=meta&utm_medium=paid&utm_campaign=vt--summit--earlybird!!,344.84
152486,1014,5225,Google,2025-11-08T02:56:50Z,7.68,https://valuetainment.com/?utm_campaign=brand_protein_q2&utm_source=google&utm_medium=ppc,410.76
174687,1015,5890,google,03/29/2026 15:51,4.19,https://valuetainment.com/?utm_campaign=pbd-yt-remarketing&utm_medium=paid&utm_source=Google,699.36
453123,1011,5758,tiktok,2026-05-31 15:00:11,7.9,https://valuetainment.com/?utm_campaign=consult_dfy_retgt&utm_source=TikTok,123.4
148053,1006,5574,meta,2026-01-02T02:14:44Z,2.48,https://valuetainment.com/?utm_campaign=ceo_boot&utm_medium=paid,
194632,1008,5890,tik_tok,2026-03-01T10:36:13Z,1.92,https://valuetainment.com/?utm_source=google&utm_campaign=brand fx sponsor,263.43
787247,1010,5517,GOOGLE,2026-03-21T17:41:48Z,,https://valuetainment.com/?utm_medium=paid&utm_source=TikTok&utm_campaign=pbd_cold_scale,
914972,1006,5759,Google,2026-04-21T23:11:45Z,10.29,https://valuetainment.com/?utm_source=TikTok&utm_campaign=ceo_bootcamp_prosp&utm_medium=paid,605.28
459607,1012,5104,meta,2025-10-25 22:52:17,6.75,https://valuetainment.com/?utm_campaign= vt_summit_vip ,515.4
419439,1011,5603,Meta,2025-12-15 04:26:27,10.84,https://valuetainment.com/?utm_campaign=consult_&utm_medium=paid&utm_source=google,
641358,1007,5228,TikTok,02/20/2026 05:38,,https://valuetainment.com/?utm_medium=cpc&utm_source=META&utm_campaign= vt_summit_lastcall ,
162915,1003,5654,google,2026-03-14T12:25:54Z,0.84,https://valuetainment.com/?utm_campaign=vt_summi&utm_medium=Paid_Social,402.64
833287,1006,5225,google,02/21/2026 21:39,4.68,https://valuetainment.com/?utm_medium=CPC&utm_source=TikTok&utm_campaign=ce0_b00tc@mp_pr0sp,518.8
109909,1011,5238,Google,2025-11-07T00:50:12Z,1.45,https://valuetainment.com/?utm_campaign=consultdfyretgt&utm_medium=cpc&utm_source=google,515.93
219695,1011,5616,TIKTOK,2025-10-17 22:15:33,4.17,https://valuetainment.com/?utm_campaign=consult_&utm_source=META,44.87
175433,1009,5665,tiktok,2026-03-13 18:19:57,2.26,https://valuetainment.com/?utm_medium=Paid_Social&utm_source=facebook&utm_campaign=leadership--101--ev!!,
302576,1008,5574,meta,2025-12-16 08:50:05,12.38,https://valuetainment.com/?utm_source=tiktok&utm_campaign=br@nd_fx_sp0ns0r&utm_medium=cpc,
543250,1013,5665,Google,05/23/2026 07:35,7.12,https://valuetainment.com/?utm_campaign=pat_lib_&utm_medium=paid&utm_source=META,363.62
125134,1006,5281,META,03/15/2026 14:40,9.67,https://valuetainment.com/?utm_campaign=ceo_bootcamp_prosp&utm_source=google,
249645,1014,5654,meta,2026-04-09 23:11:34,2.97,https://valuetainment.com/?utm_campaign=brand protein q2&utm_medium=cpc&utm_source=meta,559.21
100009,1005,5759,META ,2025-12-23T14:49:19Z,5.05,https://valuetainment.com/?utm_source=tik_tok&utm_medium=paid&utm_campaign=pbd_ret@rget_w@rm,127.59
645984,1005,5665,GOOGLE,2026-05-13 14:51:52,12.36,https://valuetainment.com/?utm_source=google&utm_campaign=pbdretargetwarm&utm_medium=cpc,685.81
833429,1013,5030,Google,2025-11-18T18:18:19Z,9.75,https://valuetainment.com/?utm_source=google&utm_campaign=pat-lib-bundle&utm_medium=Paid_Social,
678286,1012,5574,Meta,2026-01-06 03:02:13,6.08,https://valuetainment.com/?utm_source=Google&utm_medium=paid&utm_campaign=vt summit vip,348.85
361303,1009,5718,tiktok,2026-04-25T06:30:28Z,1.91,https://valuetainment.com/?utm_campaign=leadership--101--ev!!&utm_medium=ppc&utm_source=tiktok,
838889,1004,5095,TikTok,2026-04-03 03:51:01,1.64,https://valuetainment.com/?utm_medium=ppc&utm_source=META&utm_campaign=sales_mastery_lnch,495.21
531950,1012,5890,meta,06/06/2026 16:33,11.96,https://valuetainment.com/?utm_medium=paid&utm_campaign=Vt_summit_vip,639.52
847638,1012,5558,tiktok,2026-02-14 05:58:47,7.09,https://valuetainment.com/?utm_medium=paid&utm_source=google&utm_campaign=vt_summit_vip,673.99
164161,1012,5025,google,2025-11-04 15:08:27,4.04,https://valuetainment.com/?utm_source=tik_tok&utm_campaign= vt_summit_vip ,571.38
409153,1004,5654,meta,2026-06-02T19:50:45Z,10.5,https://valuetainment.com/?utm_campaign=sales--mastery--lnch!!&utm_medium=Paid_Social&utm_source=tik_tok,
592708,1007,5913,google,2025-12-12T15:08:35Z,2.42,https://valuetainment.com/?utm_campaign=vt_summit_l@stc@ll&utm_medium=paid&utm_source=Google,
983925,1003,5089,meta,04/22/2026 00:15,9.58,https://valuetainment.com/?utm_campaign=VT_SUMMIT_EARLYBIRD&utm_source=Google,15.33
539546,1005,5558,Meta,2026-02-13T21:28:15Z,10.47,https://valuetainment.com/?utm_campaign=Pbd_retarget_warm&utm_medium=CPC&utm_source=tik_tok,
669796,1007,5250,meta,04/13/2026 22:16,2.29,https://valuetainment.com/?utm_medium=paid&utm_source=TikTok&utm_campaign=vt_summi,393.47
389003,1012,5558,Meta,2026-03-20 03:39:39,12.06,https://valuetainment.com/?utm_source=google&utm_campaign=vt--summit--vip!!&utm_medium=cpc,
156413,1013,5718,google,12/04/2025 05:05,4.18,https://valuetainment.com/?utm_source=META&utm_medium=cpc&utm_campaign=patlibbundle,641.19
602472,1007,5142,Meta,02/19/2026 04:46,,https://valuetainment.com/?utm_source=tik_tok&utm_campaign=vtsummitlastcall&utm_medium=CPC,41.32
262541,1009,5089,Meta,12/27/2025 16:54,3.75,https://valuetainment.com/?utm_source=google&utm_campaign=leadership-101-ev,666.6
325724,1015,5654,GOOGLE,2026-05-26T15:51:40Z,3.87,https://valuetainment.com/?utm_medium=ppc&utm_campaign=Pbd_yt_remarketing&utm_source=tik_tok,466.62
739548,1011,5692,meta,10/30/2025 19:37,0.48,https://valuetainment.com/?utm_source=meta&utm_campaign=Consult_dfy_retgt&utm_medium=paid,701.33
955194,1001,5006,Google,01/28/2026 17:53,7.38,https://valuetainment.com/?utm_campaign=pbd_pod_&utm_medium=CPC,338.95
674151,1014,5250,TikTok,2026-01-05T00:24:07Z,3.53,https://valuetainment.com/?utm_source=META&utm_campaign=BRAND_PROTEIN_Q2&utm_medium=ppc,
390202,1004,5616,meta,2025-11-03 15:37:50,1.19,https://valuetainment.com/?utm_source=facebook&utm_campaign=salesmasterylnch,
590421,1007,5032,GOOGLE,2025-12-25 03:26:36,11.06,https://valuetainment.com/?utm_medium=cpc&utm_source=google&utm_campaign=vt-summit-lastcall,
822689,1006,5228,META,2026-02-18T10:22:40Z,,https://valuetainment.com/?utm_source=META&utm_campaign=Ceo_bootcamp_prosp&utm_medium=CPC,303.54
545032,1002,5558,Meta,2026-02-19T00:23:39Z,3.65,https://valuetainment.com/?utm_medium=cpc&utm_campaign=brand-gs-promo,419.95
517763,1005,5517,meta,2026-03-19T16:29:20Z,0.69,https://valuetainment.com/?utm_campaign=pbdretargetwarm&utm_source=meta,545.79
472663,1010,5030,meta,2025-11-02T20:00:09Z,7.84,https://valuetainment.com/?utm_campaign=pbd_c0ld_sc@le&utm_source=TikTok,460.86
692689,1005,5654,Meta,01/18/2026 18:31,8.68,https://valuetainment.com/?utm_medium=ppc&utm_campaign=pbd_ret@rget_w@rm&utm_source=facebook,499.06
642638,1015,5558,META ,2026-05-09T08:29:06Z,11.82,https://valuetainment.com/?utm_source=Google&utm_medium=paid&utm_campaign= pbd_yt_remarketing ,
717524,1010,5828,meta,04/20/2026 15:05,10.52,https://valuetainment.com/?utm_medium=CPC&utm_source=Google&utm_campaign=pbd_cold,
354079,1006,5558,META ,05/10/2026 12:20,7.43,https://valuetainment.com/?utm_campaign=ceo-bootcamp-prosp&utm_medium=cpc,272.22
831666,1006,5203,TikTok,05/30/2026 12:15,1.71,https://valuetainment.com/?utm_medium=CPC&utm_source=meta&utm_campaign=ceobootcampprosp,
670054,1005,5089,google,01/26/2026 13:32,8.95,https://valuetainment.com/?utm_campaign=pbdretargetwarm&utm_medium=ppc&utm_source=Google,718.11
208931,1011,5718,meta,2025-10-18T14:34:27Z,0.63,https://valuetainment.com/?utm_campaign=Consult_dfy_retgt&utm_source=tik_tok,62.09
736118,1012,5284,google,2026-04-18T11:59:08Z,11.11,https://valuetainment.com/?utm_campaign=vtsummitvip&utm_source=META&utm_medium=Paid_Social,
229093,1007,5429,Meta,2025-10-24 10:07:13,2.4,https://valuetainment.com/?utm_medium=ppc&utm_campaign=vt--summit--lastcall!!&utm_source=facebook,
741699,1007,5603,google,2026-02-03 11:41:04,2.02,https://valuetainment.com/?utm_source=Google&utm_medium=ppc&utm_campaign=VT_SUMMIT_LASTCALL,
412598,1009,5758,google,2026-03-19 05:05:24,7.02,https://valuetainment.com/?utm_medium=Paid_Social&utm_campaign=leadership101ev,
228351,1012,5250,google,02/15/2026 12:29,10.9,https://valuetainment.com/?utm_source=google&utm_campaign=vt_summit_vip&utm_medium=cpc,
337361,1007,5616,meta,2025-10-24T15:58:52Z,1.51,https://valuetainment.com/?utm_medium=ppc&utm_campaign=Vt_summit_lastcall&utm_source=tiktok,640.08
168608,1007,5574,Meta,2026-06-08 11:55:43,0.85,https://valuetainment.com/?utm_source=TikTok&utm_campaign= vt_summit_lastcall &utm_medium=CPC,210.21
304789,1008,5733,Meta,2025-10-13T03:38:27Z,0.98,https://valuetainment.com/?utm_campaign=brand fx sponsor&utm_source=tik_tok&utm_medium=ppc,239.43
882130,1007,5604,Google,01/14/2026 18:00,,https://valuetainment.com/?utm_source=tik_tok&utm_medium=Paid_Social&utm_campaign=vt summit lastcall,271.17
342259,1002,5238,Meta,2025-11-29T07:02:40Z,3.2,https://valuetainment.com/?utm_campaign=brand-gs-promo&utm_medium=paid&utm_source=META,
235047,1013,5718,meta,2025-12-05T05:46:22Z,10.66,https://valuetainment.com/?utm_source=tik_tok&utm_medium=Paid_Social&utm_campaign=pat--lib--bundle!!,98.02
205032,1007,5142,meta,2026-03-23T13:42:08Z,4.43,https://valuetainment.com/?utm_source=TikTok&utm_campaign=VT_SUMMIT_LASTCALL&utm_medium=Paid_Social,604.08
233011,1010,5250,Google,2026-04-30 18:09:21,9.38,https://valuetainment.com/?utm_source=Google&utm_campaign=pbd_c0ld_sc@le,122.66
914894,1001,5758,Google,03/21/2026 21:14,7.9,https://valuetainment.com/?utm_campaign=PBD_POD_PROSP_Q1&utm_medium=CPC&utm_source=meta,621.85
377867,1012,5718,Meta,2025-11-21T17:27:22Z,9.51,https://valuetainment.com/?utm_campaign=vtsummitvip&utm_medium=Paid_Social,795.82
631838,1004,5665,Meta,2025-10-07 02:42:42,3.54,https://valuetainment.com/?utm_campaign= sales_mastery_lnch &utm_medium=paid&utm_source=facebook,
519432,1005,5733,meta,2026-05-21 23:11:39,8.25,https://valuetainment.com/?utm_campaign=Pbd_retarget_warm&utm_source=tiktok&utm_medium=CPC,77.96
761183,1007,5142,TikTok,11/06/2025 06:51,1.02,https://valuetainment.com/?utm_source=google&utm_campaign=VT_SUMMIT_LASTCALL,558.72
381885,1014,5759,google,2025-10-02T17:18:09Z,2.2,https://valuetainment.com/?utm_campaign=brand_protein_q2&utm_medium=ppc&utm_source=google,
325657,1007,5089,Google,04/16/2026 06:28,4.18,https://valuetainment.com/?utm_campaign= vt_summit_lastcall &utm_medium=paid,243.73
226080,1011,5114,META ,2026-03-31T00:08:31Z,5.7,https://valuetainment.com/?utm_medium=CPC&utm_campaign=consultdfyretgt&utm_source=tik_tok,
447235,1011,5758,meta,2026-05-28 17:56:23,11.79,https://valuetainment.com/?utm_campaign=consult_&utm_source=tiktok,650.21
196485,1005,5223,meta,2026-04-07T04:36:08Z,10.58,https://valuetainment.com/?utm_campaign=pbd retarget warm&utm_source=google&utm_medium=cpc,505.6
869668,1012,5558,TikTok,2026-01-09T06:57:41Z,6.48,https://valuetainment.com/?utm_medium=ppc&utm_campaign=VT_SUMMIT_VIP&utm_source=META,
305160,1013,5758,meta,2026-03-29T20:38:23Z,1.83,https://valuetainment.com/?utm_medium=cpc&utm_campaign=patlibbundle&utm_source=meta,111.66
806956,1014,5718,meta,2026-06-09T14:12:50Z,7.6,https://valuetainment.com/?utm_medium=paid&utm_campaign=brandproteinq2&utm_source=Google,
110664,1006,5758,tiktok,05/22/2026 11:45,12.22,https://valuetainment.com/?utm_source=google&utm_campaign=ceo--bootcamp--prosp!!&utm_medium=cpc,39.4
743937,1012,5558,Meta,2026-01-17T02:21:42Z,5.87,https://valuetainment.com/?utm_source=meta&utm_medium=cpc&utm_campaign=Vt_summit_vip,3.56
742818,1005,5654,google,2026-03-26T07:54:38Z,,https://valuetainment.com/?utm_campaign=pbd retarget warm&utm_source=tiktok&utm_medium=Paid_Social,
583895,1010,5665,meta,2025-12-02 05:37:00,9.52,https://valuetainment.com/?utm_source=google&utm_campaign=Pbd_cold_scale&utm_medium=cpc,
541711,1004,5225,Google,01/09/2026 22:29,5.4,https://valuetainment.com/?utm_source=facebook&utm_campaign=sales mastery lnch&utm_medium=CPC,100.61
478887,1002,5281,Meta,2025-11-11T17:36:53Z,12.43,https://valuetainment.com/?utm_source=Google&utm_medium=ppc&utm_campaign=brand-gs-promo,
479239,1006,5432,META,10/15/2025 01:12,,https://valuetainment.com/?utm_campaign=ceobootcampprosp&utm_medium=Paid_Social&utm_source=tik_tok,623.04
186558,1002,5032,meta,2025-12-06 06:00:20,3.37,https://valuetainment.com/?utm_source=meta&utm_campaign=brand-gs-promo&utm_medium=ppc,112.2
530462,1010,5558,Google,2026-05-18T02:59:17Z,11.46,https://valuetainment.com/?utm_medium=ppc&utm_campaign=pbd cold scale&utm_source=facebook,70.94
671989,1002,5603,GOOGLE,2026-05-01 09:31:23,2.24,https://valuetainment.com/?utm_medium=CPC&utm_source=google&utm_campaign=brand-gs-promo,
326253,1011,5890,meta,2025-11-12 10:47:23,5.54,https://valuetainment.com/?utm_medium=cpc&utm_campaign=consult dfy retgt&utm_source=Google,404.15
312943,1003,5654,Google,2026-02-02T16:12:28Z,4.57,https://valuetainment.com/?utm_source=Google&utm_campaign= vt_summit_earlybird &utm_medium=ppc,664.91
371817,1011,5692,google,2026-05-14 15:43:53,1.44,https://valuetainment.com/?utm_source=facebook&utm_campaign=consult-dfy-retgt&utm_medium=ppc,
438398,1001,5284,meta,2026-04-16 13:34:01,7.07,https://valuetainment.com/?utm_medium=cpc&utm_source=TikTok&utm_campaign=Pbd_pod_prosp_q1,688.05
887904,1004,5574,meta,06/09/2026 07:56,2.77,https://valuetainment.com/?utm_campaign=sales_ma&utm_medium=CPC&utm_source=facebook,
839094,1004,5006,meta,12/25/2025 20:18,7.26,https://valuetainment.com/?utm_campaign=sales-mastery-lnch&utm_source=meta&utm_medium=cpc,482.42
851179,1001,5250,meta,12/11/2025 23:45,3.73,https://valuetainment.com/?utm_campaign=pbd_p0d_pr0sp_q1&utm_source=tiktok,
872964,1010,5758,meta,2026-02-19 03:36:30,9.21,https://valuetainment.com/?utm_campaign=pbd_cold&utm_source=tik_tok,597.95
227127,1013,5604,Google,2026-06-07T18:52:35Z,10.64,https://valuetainment.com/?utm_medium=CPC&utm_source=tik_tok&utm_campaign=pat_lib_bundle,277.74
498797,1007,5104,META,2026-03-23T22:58:19Z,10.7,https://valuetainment.com/?utm_campaign=vtsummitlastcall&utm_medium=paid&utm_source=TikTok,
333336,1003,5281,meta,2026-05-15 09:54:37,8.0,https://valuetainment.com/?utm_medium=cpc&utm_source=google&utm_campaign=vt_summit_e@rlybird,544.81
674245,1012,5250,Meta,2026-03-16 21:50:26,8.67,https://valuetainment.com/?utm_source=META&utm_campaign=vt--summit--vip!!&utm_medium=Paid_Social,703.66
366054,1004,5225,TIKTOK,05/21/2026 03:25,3.84,https://valuetainment.com/?utm_source=google&utm_campaign=salesmasterylnch,206.53
209694,1012,5203,google,02/07/2026 23:44,10.93,https://valuetainment.com/?utm_campaign=vt-summit-vip&utm_source=meta,
362327,1015,5890,google,01/15/2026 13:51,7.98,https://valuetainment.com/?utm_medium=paid&utm_source=meta&utm_campaign=Pbd_yt_remarketing,679.85
460620,1012,5104,META,2026-05-22T20:54:36Z,10.11,https://valuetainment.com/?utm_medium=Paid_Social&utm_campaign=vt_summi,603.87
374722,1001,5025,Google,2025-11-19T21:44:41Z,6.15,https://valuetainment.com/?utm_campaign=pbd_pod_&utm_source=TikTok&utm_medium=ppc,303.09
383884,1008,5574,GOOGLE,03/19/2026 14:50,11.99,https://valuetainment.com/?utm_campaign=brand fx sponsor&utm_source=META,
462006,1001,5913,Google,10/02/2025 06:44,6.33,https://valuetainment.com/?utm_campaign=pbd pod prosp q1&utm_medium=ppc&utm_source=META,660.49
156595,1014,5759,META,2026-01-24 06:40:48,4.31,https://valuetainment.com/?utm_medium=Paid_Social&utm_source=TikTok&utm_campaign=Brand_protein_q2,
158182,1012,5432,META ,12/13/2025 10:20,12.02,https://valuetainment.com/?utm_medium=paid&utm_source=META&utm_campaign=vt_summi,
233370,1014,5754,Google,11/06/2025 07:49,1.69,https://valuetainment.com/?utm_campaign=brand protein q2&utm_source=facebook&utm_medium=CPC,155.17
971605,1005,5754,GOOGLE,05/30/2026 02:01,5.56,https://valuetainment.com/?utm_source=tik_tok&utm_campaign=pbd_ret@rget_w@rm&utm_medium=Paid_Social,661.61
296919,1002,5828,Meta,2026-02-23 07:48:02,7.94,https://valuetainment.com/?utm_source=facebook&utm_campaign=BRAND_GS_PROMO,74.87
745266,1015,5604,META ,05/09/2026 05:35,2.55,https://valuetainment.com/?utm_source=facebook&utm_campaign=pbd_yt_rem@rketing&utm_medium=paid,276.89
445743,1009,5284,google,10/28/2025 06:32,3.03,https://valuetainment.com/?utm_campaign=leadership--101--ev!!&utm_source=META&utm_medium=paid,517.23
815136,1002,5432,TikTok,2025-10-11T17:02:09Z,11.95,https://valuetainment.com/?utm_medium=ppc&utm_campaign=brand gs promo&utm_source=TikTok,
174421,1012,5429,GOOGLE,2026-05-16 15:45:38,5.85,https://valuetainment.com/?utm_campaign=vtsummitvip&utm_medium=cpc,
580547,1001,5603,Meta,04/15/2026 11:11,7.23,https://valuetainment.com/?utm_source=tiktok&utm_medium=paid&utm_campaign=PBD_POD_PROSP_Q1,
590326,1005,5574,GOOGLE,2026-03-05T18:39:25Z,9.07,https://valuetainment.com/?utm_medium=CPC&utm_campaign=pbd retarget warm&utm_source=meta,103.25
266309,1008,5718,Google,2026-01-21 06:21:17,,https://valuetainment.com/?utm_source=meta&utm_medium=Paid_Social&utm_campaign=brand_fx,47.67
772706,1002,5718,meta,01/10/2026 01:21,12.22,https://valuetainment.com/?utm_source=Google&utm_medium=Paid_Social&utm_campaign= brand_gs_promo ,163.54
383447,1005,5104,GOOGLE,2026-01-09T19:01:27Z,2.58,https://valuetainment.com/?utm_campaign=pbd retarget warm&utm_medium=cpc&utm_source=Google,
176960,1003,5225,META,2026-05-06 10:06:59,12.19,https://valuetainment.com/?utm_source=meta&utm_medium=paid&utm_campaign=vt-summit-earlybird,517.64
789987,1007,5281,META ,2025-11-26T14:03:05Z,2.86,https://valuetainment.com/?utm_source=tik_tok&utm_campaign=vt_summit_lastcall&utm_medium=ppc,493.08
333795,1005,5006,META,03/02/2026 17:20,9.63,https://valuetainment.com/?utm_campaign=pbd_retarget_warm&utm_medium=paid&utm_source=facebook,50.91
773556,1008,5890,META ,11/08/2025 07:22,11.98,https://valuetainment.com/?utm_medium=ppc&utm_campaign=br@nd_fx_sp0ns0r&utm_source=tiktok,81.33
149071,1006,5225,TikTok,02/03/2026 02:54,7.31,https://valuetainment.com/?utm_campaign=ceo_bootcamp_prosp,550.56
556997,1002,5025,TikTok,2026-02-06T03:10:18Z,11.79,https://valuetainment.com/?utm_medium=ppc&utm_campaign=brand-gs-promo,
131127,1001,5432,TikTok,12/07/2025 16:26,3.87,https://valuetainment.com/?utm_medium=ppc&utm_source=google&utm_campaign=pbd-pod-prosp-q1,
443666,1010,5718,Google,2026-04-16T07:07:14Z,2.34,https://valuetainment.com/?utm_campaign=pbd_cold&utm_source=meta,
952476,1003,5718,META,2026-05-16 09:10:16,1.85,https://valuetainment.com/?utm_campaign= vt_summit_earlybird &utm_source=meta&utm_medium=Paid_Social,294.74
458169,1008,5517,Meta,01/01/2026 21:54,3.29,https://valuetainment.com/?utm_campaign=brand_fx_sponsor&utm_medium=ppc&utm_source=TikTok,108.22
632737,1014,5114,meta,2026-04-30T12:59:35Z,6.13,https://valuetainment.com/?utm_source=tik_tok&utm_medium=Paid_Social&utm_campaign=brand protein q2,
571923,1005,5603,Google,2026-01-09T10:52:02Z,4.45,https://valuetainment.com/?utm_source=META&utm_campaign=pbd_retarget_warm&utm_medium=Paid_Social,169.5
341668,1001,5281,tik_tok,04/20/2026 22:03,,https://valuetainment.com/?utm_campaign=pbd_p0d_pr0sp_q1&utm_medium=cpc&utm_source=TikTok,
506941,1008,5616,GOOGLE,12/12/2025 08:57,7.23,https://valuetainment.com/?utm_source=tik_tok&utm_campaign=BRAND_FX_SPONSOR,605.19
916522,1010,5223,google,04/05/2026 12:19,8.53,https://valuetainment.com/?utm_campaign=pbdcoldscale&utm_medium=Paid_Social&utm_source=meta,204.82
242795,1009,5754,Meta,2026-06-05 02:16:26,0.98,https://valuetainment.com/?utm_source=META&utm_campaign= leadership_101_ev &utm_medium=ppc,670.32
148621,1011,5114,tiktok,2025-11-01 17:24:19,2.14,https://valuetainment.com/?utm_medium=Paid_Social&utm_campaign=consult-dfy-retgt&utm_source=google,756.12
754935,1002,5006,Google,2026-05-06 03:18:03,11.6,https://valuetainment.com/?utm_campaign=brandgspromo&utm_source=facebook&utm_medium=ppc,241.28
275630,1010,5603,google,2026-06-08T10:34:49Z,5.15,https://valuetainment.com/?utm_medium=CPC&utm_campaign=pbd_c0ld_sc@le&utm_source=tiktok,617.09
627262,1015,5250,Meta,03/19/2026 23:26,9.93,https://valuetainment.com/?utm_medium=Paid_Social&utm_source=facebook&utm_campaign=pbd--yt--remarketing!!,
201843,1005,5604,tik_tok,01/09/2026 23:22,8.81,https://valuetainment.com/?utm_campaign=pbd_ret@rget_w@rm&utm_source=TikTok&utm_medium=CPC,567.27
128491,1003,5104,google,02/03/2026 21:55,4.04,https://valuetainment.com/?utm_medium=Paid_Social&utm_source=meta&utm_campaign=vt_summit_earlybird,
994680,1005,5228,meta,11/08/2025 00:41,3.13,https://valuetainment.com/?utm_source=google&utm_campaign=pbd retarget warm&utm_medium=Paid_Social,27.66
130451,1011,5006,Google,2026-03-08 18:03:41,2.12,https://valuetainment.com/?utm_campaign=consult-dfy-retgt&utm_medium=CPC&utm_source=google,799.13
424907,1003,5030,Meta,2026-04-23 08:05:28,5.17,https://valuetainment.com/?utm_source=facebook&utm_campaign=vt_summit_earlybird,
949153,1015,5759,google,11/10/2025 04:42,2.72,https://valuetainment.com/?utm_source=meta&utm_campaign=Pbd_yt_remarketing,401.09
847916,1015,5095,Google,2025-12-18 01:11:03,0.92,https://valuetainment.com/?utm_source=TikTok&utm_campaign=pbd_yt_rem@rketing&utm_medium=paid,321.47
138328,1012,5025,tiktok,2026-05-19 19:09:42,9.05,https://valuetainment.com/?utm_source=TikTok&utm_medium=CPC&utm_campaign=vt_summit_vip,3.29
794853,1011,5718,Meta,2025-12-13 03:18:12,5.73,https://valuetainment.com/?utm_medium=CPC&utm_source=google&utm_campaign=c0nsult_dfy_retgt,
483461,1005,5095,tiktok,05/22/2026 05:58,10.35,https://valuetainment.com/?utm_source=tiktok&utm_campaign=PBD_RETARGET_WARM&utm_medium=Paid_Social,
860078,1008,5718,google,01/02/2026 06:31,11.68,https://valuetainment.com/?utm_campaign=brand fx sponsor&utm_source=TikTok&utm_medium=CPC,366.15
325933,1002,5095,meta,04/23/2026 22:44,9.5,https://valuetainment.com/?utm_source=TikTok&utm_medium=CPC&utm_campaign=brand_gs,544.64
696076,1010,5432,meta,2026-03-17T07:13:33Z,12.45,https://valuetainment.com/?utm_source=facebook&utm_campaign=pbdcoldscale&utm_medium=paid,11.73
633690,1002,5913,google,2025-10-22T01:22:07Z,3.14,https://valuetainment.com/?utm_campaign=brand_gs,108.65
198239,1012,5890,tik_tok,2025-12-18T05:23:41Z,2.74,https://valuetainment.com/?utm_campaign=vt_summi&utm_source=facebook,610.49
992596,1002,5692,META,02/16/2026 20:23,1.0,https://valuetainment.com/?utm_campaign=BRAND_GS_PROMO&utm_source=Google&utm_medium=ppc,530.68
422147,1012,5574,META ,05/31/2026 10:21,12.26,https://valuetainment.com/?utm_source=meta&utm_medium=ppc&utm_campaign=Vt_summit_vip,416.46
589261,1013,5654,google,2026-04-01 01:26:12,10.51,https://valuetainment.com/?utm_campaign=p@t_lib_bundle&utm_medium=ppc&utm_source=facebook,
954366,1001,5225,META,2025-12-19 10:09:28,2.89,https://valuetainment.com/?utm_campaign=pbd--pod--prosp--q1!!&utm_source=META&utm_medium=Paid_Social,
412937,1006,5459,meta,2026-03-08 05:46:36,10.85,https://valuetainment.com/?utm_medium=paid&utm_campaign=ce0_b00tc@mp_pr0sp&utm_source=google,589.33
632073,1004,5913,Meta,2026-03-14 16:07:22,,https://valuetainment.com/?utm_campaign=sales_ma&utm_source=google&utm_medium=ppc,249.17
404860,1010,5759,Meta,04/04/2026 05:23,0.46,https://valuetainment.com/?utm_campaign=pbd_cold&utm_source=TikTok&utm_medium=CPC,
972319,1004,5574,Meta,2026-03-05T01:42:23Z,4.39,https://valuetainment.com/?utm_source=meta&utm_campaign= sales_mastery_lnch &utm_medium=CPC,310.17
381045,1011,5558,google,2026-01-05T20:25:29Z,3.31,https://valuetainment.com/?utm_source=meta&utm_medium=cpc&utm_campaign=consultdfyretgt,353.15
984484,1015,5459,meta,2026-01-09 11:04:28,9.37,https://valuetainment.com/?utm_campaign=pbd_yt_remarketing&utm_medium=Paid_Social,536.0
670133,1015,5025,google,2026-04-01T21:00:15Z,1.48,https://valuetainment.com/?utm_source=meta&utm_medium=paid&utm_campaign=Pbd_yt_remarketing,
389611,1004,5238,Meta,2026-04-02T10:00:35Z,11.45,https://valuetainment.com/?utm_medium=cpc&utm_source=facebook&utm_campaign=sales mastery lnch,641.15
242685,1007,5030,Meta,2025-11-18T07:15:38Z,11.75,https://valuetainment.com/?utm_source=facebook&utm_medium=Paid_Social&utm_campaign=vtsummitlastcall,565.33
987208,1014,5517,META,2025-11-07T09:16:38Z,8.98,https://valuetainment.com/?utm_medium=Paid_Social&utm_source=google&utm_campaign=br@nd_pr0tein_q2,489.87
757189,1011,5032,META ,2026-03-04T19:26:30Z,10.22,https://valuetainment.com/?utm_campaign=c0nsult_dfy_retgt&utm_medium=cpc&utm_source=META,
621719,1002,5665,Meta,2025-11-23T10:00:56Z,5.77,https://valuetainment.com/?utm_medium=paid&utm_campaign=BRAND_GS_PROMO&utm_source=facebook,475.95
166343,1013,5733,meta,2026-05-08T05:48:39Z,3.91,https://valuetainment.com/?utm_source=meta&utm_campaign=pat_lib_bundle&utm_medium=ppc,191.05
304789,1008,5733,Meta,2025-10-13T03:38:27Z,0.98,https://valuetainment.com/?utm_campaign=brand fx sponsor&utm_source=tik_tok&utm_medium=ppc,239.43
679380,1008,5429,meta,11/02/2025 21:00,,https://valuetainment.com/?utm_source=meta&utm_campaign=brand-fx-sponsor,223.55
743825,1013,5558,META,2025-11-22 13:27:11,4.92,https://valuetainment.com/?utm_campaign=pat_lib_bundle&utm_source=TikTok&utm_medium=ppc,377.69
276474,1008,5114,Meta,2025-11-26 14:31:39,2.6,https://valuetainment.com/?utm_medium=CPC&utm_campaign=brand_fx,317.47
927843,1013,5574,google,04/17/2026 14:43,11.82,https://valuetainment.com/?utm_source=TikTok&utm_medium=paid&utm_campaign=PAT_LIB_BUNDLE,533.34
213664,1001,5759,meta,2026-03-15 05:54:24,4.47,https://valuetainment.com/?utm_source=meta&utm_medium=paid&utm_campaign=pbd-pod-prosp-q1,183.12
222199,1001,5114,META ,2025-12-25 14:38:22,4.48,https://valuetainment.com/?utm_source=tik_tok&utm_campaign=pbd-pod-prosp-q1&utm_medium=CPC,787.57
712071,1006,5754,meta,2026-03-16 16:21:01,6.57,https://valuetainment.com/?utm_campaign=ceo_boot&utm_medium=paid&utm_source=meta,576.51
274975,1005,5284,google,2026-02-25 16:41:30,2.68,https://valuetainment.com/?utm_source=tiktok&utm_campaign=PBD_RETARGET_WARM,211.35
758415,1002,5733,google,2026-02-01 17:35:13,7.84,https://valuetainment.com/?utm_campaign=brand_gs&utm_source=TikTok&utm_medium=cpc,
504048,1009,5758,Google,05/05/2026 18:15,6.79,https://valuetainment.com/?utm_campaign= leadership_101_ev &utm_source=meta,
461928,1008,5228,Google,12/25/2025 13:42,2.59,https://valuetainment.com/?utm_medium=ppc&utm_campaign=Brand_fx_sponsor&utm_source=meta,753.97
568189,1015,5758,tiktok,2026-03-10 13:52:46,10.89,https://valuetainment.com/?utm_campaign=pbd yt remarketing&utm_source=google&utm_medium=Paid_Social,708.91
408877,1005,5032,TIKTOK,2026-03-15T19:46:25Z,11.73,https://valuetainment.com/?utm_source=tiktok&utm_campaign=pbd_reta,738.16
658669,1012,5114,Meta,2026-03-05T09:16:30Z,9.97,https://valuetainment.com/?utm_medium=CPC&utm_campaign=Vt_summit_vip,222.71
438379,1011,5223,GOOGLE,2026-03-02T20:05:43Z,2.84,https://valuetainment.com/?utm_campaign=consult_dfy_retgt&utm_medium=ppc&utm_source=meta,355.18
193254,1009,5228,meta,2025-10-03 15:04:13,6.16,https://valuetainment.com/?utm_source=facebook&utm_medium=CPC&utm_campaign=leadership-101-ev,392.86
282615,1007,5604,TIKTOK,2025-12-01 09:35:01,6.19,https://valuetainment.com/?utm_source=tiktok&utm_campaign=vtsummitlastcall&utm_medium=paid,
556529,1005,5281,META,2026-04-03 02:19:25,1.77,https://valuetainment.com/?utm_campaign=pbd retarget warm&utm_medium=paid&utm_source=TikTok,239.03
939883,1002,5517,meta,2026-02-18 08:53:55,6.6,https://valuetainment.com/?utm_campaign=Brand_gs_promo&utm_medium=paid&utm_source=meta,784.24
962671,1002,5665,GOOGLE,2026-02-01T04:22:20Z,4.03,https://valuetainment.com/?utm_source=facebook&utm_medium=Paid_Social&utm_campaign=brand_gs,128.18
872191,1012,5203,Google,2026-03-23 04:02:08,11.41,https://valuetainment.com/?utm_campaign=vt_summit_vip&utm_medium=CPC,
764563,1001,5665,Meta,05/24/2026 15:26,1.0,https://valuetainment.com/?utm_campaign=pbd_p0d_pr0sp_q1&utm_source=meta&utm_medium=Paid_Social,260.42
504995,1012,5027,meta,2026-01-21 03:28:28,7.05,https://valuetainment.com/?utm_campaign=Vt_summit_vip&utm_source=google,151.48
323416,1008,5654,META,2026-01-10T21:00:03Z,10.89,https://valuetainment.com/?utm_medium=paid&utm_campaign=brand-fx-sponsor&utm_source=TikTok,552.08
610868,1011,5913,META,2026-03-05T03:33:37Z,10.04,https://valuetainment.com/?utm_source=meta&utm_campaign=c0nsult_dfy_retgt,
730840,1008,5027,Google,2025-12-08 17:00:31,5.47,https://valuetainment.com/?utm_source=tiktok&utm_campaign=BRAND_FX_SPONSOR,489.71
176809,1003,5558,TIKTOK,2026-03-09 06:31:54,6.47,https://valuetainment.com/?utm_campaign=vt_summit_e@rlybird&utm_source=tik_tok,737.12
787740,1006,5089,Google,2026-03-10T00:45:40Z,2.78,https://valuetainment.com/?utm_campaign=ceo bootcamp prosp&utm_medium=CPC,305.48
896698,1012,5692,google,2026-04-15 13:41:54,6.85,https://valuetainment.com/?utm_source=tiktok&utm_campaign=vt_summit_vip&utm_medium=paid,680.27
962626,1013,5777,Google,02/03/2026 20:06,7.28,https://valuetainment.com/?utm_campaign=pat--lib--bundle!!&utm_medium=cpc&utm_source=Google,271.81
548201,1011,5228,google,01/24/2026 15:06,7.75,https://valuetainment.com/?utm_medium=paid&utm_campaign=consultdfyretgt,93.58
265350,1014,5574,meta,2026-01-28 04:02:26,5.97,https://valuetainment.com/?utm_source=tik_tok&utm_medium=cpc&utm_campaign=brand protein q2,
883132,1009,5574,google,2026-05-17T14:03:21Z,7.45,https://valuetainment.com/?utm_source=META&utm_medium=ppc&utm_campaign=le@dership_101_ev,356.62
258699,1006,5692,meta,2026-01-18 05:43:32,8.62,https://valuetainment.com/?utm_source=Google&utm_campaign=CEO_BOOTCAMP_PROSP&utm_medium=Paid_Social,593.6
735652,1008,5754,TikTok,11/21/2025 11:55,7.44,https://valuetainment.com/?utm_source=tik_tok&utm_medium=ppc&utm_campaign=brand--fx--sponsor!!,161.38
581689,1003,5828,Meta,2026-05-22 04:19:03,9.84,https://valuetainment.com/?utm_source=tiktok&utm_medium=paid&utm_campaign=vtsummitearlybird,
129526,1010,5228,GOOGLE,2026-01-18 21:14:35,8.35,https://valuetainment.com/?utm_campaign=pbdcoldscale&utm_source=META&utm_medium=Paid_Social,772.97
367603,1007,5223,META,12/13/2025 00:58,8.38,https://valuetainment.com/?utm_campaign=vt_summi&utm_medium=paid&utm_source=google,524.73
346580,1013,5574,meta,2026-06-08 17:12:58,4.55,https://valuetainment.com/?utm_medium=paid&utm_source=TikTok&utm_campaign=patlibbundle,488.45
502124,1012,5228,Google,2025-10-23 19:36:40,9.32,https://valuetainment.com/?utm_source=google&utm_campaign=vt--summit--vip!!&utm_medium=CPC,
758152,1015,5032,META ,2025-11-15 17:08:06,7.22,https://valuetainment.com/?utm_medium=paid&utm_campaign= pbd_yt_remarketing &utm_source=meta,545.59
678340,1014,5250,google,04/17/2026 17:43,8.0,https://valuetainment.com/?utm_source=META&utm_campaign=BRAND_PROTEIN_Q2&utm_medium=cpc,418.79
774554,1013,5758,tiktok,2026-05-31 19:17:16,8.66,https://valuetainment.com/?utm_source=facebook&utm_medium=CPC&utm_campaign=pat_lib_,
855914,1010,5429,META ,2025-12-11 19:02:45,12.32,https://valuetainment.com/?utm_source=facebook&utm_medium=Paid_Social&utm_campaign=pbd-cold-scale,360.69
827718,1015,5025,meta,11/27/2025 22:12,4.94,https://valuetainment.com/?utm_medium=Paid_Social&utm_source=META&utm_campaign= pbd_yt_remarketing ,487.14
837836,1014,5459,google,10/25/2025 12:24,7.52,https://valuetainment.com/?utm_medium=Paid_Social&utm_source=google&utm_campaign= brand_protein_q2 ,
992780,1012,5104,meta,03/12/2026 13:33,11.02,https://valuetainment.com/?utm_source=tiktok&utm_campaign= vt_summit_vip &utm_medium=paid,
408834,1013,5284,google,2026-05-13T03:11:24Z,11.09,https://valuetainment.com/?utm_medium=paid&utm_source=facebook&utm_campaign=p@t_lib_bundle,231.16
199453,1004,5913,meta,04/12/2026 03:22,,https://valuetainment.com/?utm_source=Google&utm_campaign=Sales_mastery_lnch&utm_medium=paid,216.71
373363,1008,5517,meta,2025-12-11T03:35:45Z,11.25,https://valuetainment.com/?utm_source=Google&utm_campaign=brand_fx_sponsor&utm_medium=ppc,
443001,1013,5574,Google,10/28/2025 19:53,10.33,https://valuetainment.com/?utm_medium=Paid_Social&utm_campaign=patlibbundle&utm_source=facebook,339.67
932859,1014,5006,META,2025-11-10 11:12:37,,https://valuetainment.com/?utm_campaign=brand_protein_q2&utm_medium=paid&utm_source=TikTok,426.51
237962,1002,5429,google,2026-04-30 01:47:52,0.49,https://valuetainment.com/?utm_source=TikTok&utm_medium=ppc&utm_campaign=brandgspromo,9.77
399607,1012,5104,Meta,2026-02-26T18:08:51Z,4.5,https://valuetainment.com/?utm_campaign=VT_SUMMIT_VIP&utm_source=google&utm_medium=paid,64.46
527815,1001,5733,TIKTOK,2026-04-19 08:26:52,8.69,https://valuetainment.com/?utm_source=TikTok&utm_medium=Paid_Social&utm_campaign=pbd-pod-prosp-q1,782.22
693521,1013,5759,Meta,2026-05-18T04:45:56Z,1.94,https://valuetainment.com/?utm_medium=cpc&utm_source=meta&utm_campaign=patlibbundle,351.23
713572,1002,5574,TikTok,2025-12-31 09:20:10,11.43,https://valuetainment.com/?utm_medium=paid&utm_campaign=brand--gs--promo!!&utm_source=tik_tok,
546137,1015,5654,META,2025-12-31 14:51:27,2.67,https://valuetainment.com/?utm_source=Google&utm_campaign=pbd--yt--remarketing!!,99.91
251666,1015,5758,google,02/12/2026 12:15,6.02,https://valuetainment.com/?utm_medium=cpc&utm_campaign=Pbd_yt_remarketing&utm_source=tik_tok,275.73
668328,1012,5432,meta,2025-12-20T17:51:14Z,7.34,https://valuetainment.com/?utm_medium=ppc&utm_source=Google&utm_campaign=vt_summit_vip,
134455,1001,5692,google,2026-03-17 06:14:20,8.4,https://valuetainment.com/?utm_source=tik_tok&utm_medium=CPC&utm_campaign=pbd--pod--prosp--q1!!,707.76
679909,1002,5095,Google,2025-10-18 10:04:40,1.82,https://valuetainment.com/?utm_campaign=br@nd_gs_pr0m0&utm_medium=ppc&utm_source=google,
419626,1015,5603,meta,04/20/2026 17:04,2.51,https://valuetainment.com/?utm_campaign=pbd_yt_rem@rketing&utm_medium=paid&utm_source=tiktok,33.33
764396,1013,5030,Google,12/06/2025 17:20,1.46,https://valuetainment.com/?utm_medium=paid&utm_campaign=Pat_lib_bundle&utm_source=meta,4.55
557623,1008,5281,Google,2025-12-15T04:49:52Z,11.22,https://valuetainment.com/?utm_medium=paid&utm_campaign= brand_fx_sponsor &utm_source=google,305.91
443684,1009,5284,Google,2026-02-21T08:59:32Z,5.04,https://valuetainment.com/?utm_source=facebook&utm_campaign=Leadership_101_ev&utm_medium=paid,712.64
276589,1014,5114,meta,03/24/2026 20:23,2.3,https://valuetainment.com/?utm_campaign=brand_protein_q2&utm_medium=cpc&utm_source=META,663.08
587802,1012,5759,Meta,2025-11-26T12:30:27Z,2.92,https://valuetainment.com/?utm_source=Google&utm_medium=cpc&utm_campaign=vt_summit_vip,
797134,1003,5114,meta,2026-05-27 10:25:17,4.94,https://valuetainment.com/?utm_campaign=vtsummitearlybird&utm_source=meta&utm_medium=cpc,
298155,1002,5114,Meta,2026-01-15T20:04:00Z,8.8,https://valuetainment.com/?utm_campaign=Brand_gs_promo&utm_source=Google,
829646,1005,5692,Meta,03/31/2026 19:11,6.79,https://valuetainment.com/?utm_source=facebook&utm_campaign= pbd_retarget_warm &utm_medium=ppc,
493578,1005,5225,GOOGLE,02/14/2026 21:11,3.82,https://valuetainment.com/?utm_campaign=PBD_RETARGET_WARM&utm_source=facebook,
742983,1005,5223,META ,04/30/2026 08:10,6.41,https://valuetainment.com/?utm_medium=CPC&utm_source=META&utm_campaign=pbd retarget warm,615.99
226670,1006,5558,TIKTOK,2025-10-18T16:53:50Z,7.39,https://valuetainment.com/?utm_source=tiktok&utm_medium=paid&utm_campaign=CEO_BOOTCAMP_PROSP,
520835,1009,5030,meta,2026-04-22 01:38:40,4.71,https://valuetainment.com/?utm_medium=paid&utm_campaign=Leadership_101_ev,
227648,1015,5104,Meta,2026-06-02T17:22:22Z,6.93,https://valuetainment.com/?utm_campaign=pbd yt remarketing&utm_medium=paid&utm_source=Google,461.23
955373,1001,5665,META ,2026-05-31 02:59:53,9.87,https://valuetainment.com/?utm_medium=cpc&utm_source=META&utm_campaign=pbdpodprospq1,
887324,1006,5203,GOOGLE,2026-03-03T18:53:45Z,,https://valuetainment.com/?utm_medium=paid&utm_campaign=CEO_BOOTCAMP_PROSP,49.72
421513,1004,5828,meta,11/13/2025 23:04,1.9,https://valuetainment.com/?utm_medium=ppc&utm_source=TikTok&utm_campaign=sales-mastery-lnch,409.85
691138,1008,5432,Meta,2026-01-11T17:18:37Z,1.52,https://valuetainment.com/?utm_medium=CPC&utm_source=tik_tok&utm_campaign=br@nd_fx_sp0ns0r,663.24
392884,1008,5828,TikTok,2026-03-08T02:58:45Z,3.26,https://valuetainment.com/?utm_medium=CPC&utm_source=tiktok&utm_campaign=brand-fx-sponsor,242.43
156199,1007,5142,tiktok,2025-10-22 12:12:17,,https://valuetainment.com/?utm_source=tik_tok&utm_campaign=VT_SUMMIT_LASTCALL&utm_medium=CPC,627.02
795687,1010,5432,META,2026-02-08 22:19:38,8.43,https://valuetainment.com/?utm_campaign=pbd--cold--scale!!&utm_medium=CPC&utm_source=META,325.22
771530,1010,5142,META,2025-10-02 20:10:07,1.0,https://valuetainment.com/?utm_campaign=pbd-cold-scale&utm_source=tiktok,720.26
953779,1003,5733,meta,05/22/2026 20:27,11.17,https://valuetainment.com/?utm_campaign=vt_summit_e@rlybird&utm_medium=paid&utm_source=tiktok,326.26
217233,1002,5777,Google,06/03/2026 03:35,9.54,https://valuetainment.com/?utm_source=tik_tok&utm_campaign=brandgspromo&utm_medium=ppc,
916631,1004,5032,Google,2026-06-07T12:53:19Z,8.08,https://valuetainment.com/?utm_campaign= sales_mastery_lnch &utm_source=google,125.64
153979,1004,5030,Meta,2026-03-01T15:02:16Z,4.44,https://valuetainment.com/?utm_source=meta&utm_campaign=sales-mastery-lnch&utm_medium=CPC,
236104,1007,5654,meta,05/11/2026 07:33,3.08,https://valuetainment.com/?utm_source=TikTok&utm_medium=paid&utm_campaign=vt-summit-lastcall,751.51
490865,1011,5574,META ,2025-11-29 11:41:55,5.96,https://valuetainment.com/?utm_source=facebook&utm_campaign=c0nsult_dfy_retgt&utm_medium=cpc,29.55
297472,1006,5032,Google,2026-01-31 03:06:12,3.27,https://valuetainment.com/?utm_campaign=ce0_b00tc@mp_pr0sp&utm_medium=Paid_Social&utm_source=facebook,601.65
358738,1012,5828,GOOGLE,2026-03-30 19:59:31,6.66,https://valuetainment.com/?utm_source=Google&utm_medium=paid&utm_campaign=vt_summi,511.72
553284,1010,5114,GOOGLE,11/20/2025 03:32,12.27,https://valuetainment.com/?utm_medium=cpc&utm_source=META&utm_campaign=pbd_cold_scale,535.45
602165,1015,5558,meta,10/02/2025 11:35,,https://valuetainment.com/?utm_medium=paid&utm_source=google&utm_campaign= pbd_yt_remarketing ,409.63
108934,1009,5692,google,03/22/2026 22:08,6.79,https://valuetainment.com/?utm_source=google&utm_campaign=LEADERSHIP_101_EV,158.14
511389,1002,5754,Meta,2026-03-09 01:33:30,3.23,https://valuetainment.com/?utm_campaign=BRAND_GS_PROMO&utm_medium=cpc&utm_source=tik_tok,505.44
957939,1014,5142,meta,2025-11-02 02:13:57,3.77,https://valuetainment.com/?utm_medium=Paid_Social&utm_campaign=brandproteinq2,293.86
178242,1011,5089,GOOGLE,2025-11-18 18:26:49,11.87,https://valuetainment.com/?utm_medium=ppc&utm_source=tik_tok&utm_campaign=consult--dfy--retgt!!,
295893,1004,5654,google,2025-12-14T10:22:50Z,9.64,https://valuetainment.com/?utm_medium=ppc&utm_campaign=Sales_mastery_lnch&utm_source=META,130.29
472325,1010,5459,Meta,2025-11-18 20:13:49,0.65,https://valuetainment.com/?utm_source=Google&utm_medium=cpc&utm_campaign=pbd_cold_scale,509.0
333487,1015,5284,meta,11/24/2025 09:01,7.2,https://valuetainment.com/?utm_source=facebook&utm_campaign=Pbd_yt_remarketing&utm_medium=paid,
376671,1002,5250,meta,05/16/2026 10:00,2.46,https://valuetainment.com/?utm_campaign= brand_gs_promo ,644.08
329448,1001,5089,meta,2025-12-20T07:16:26Z,3.24,https://valuetainment.com/?utm_source=tik_tok&utm_campaign=pbd--pod--prosp--q1!!&utm_medium=CPC,
539642,1012,5104,meta,2026-02-08T14:20:31Z,9.53,https://valuetainment.com/?utm_campaign= vt_summit_vip &utm_medium=Paid_Social&utm_source=Google,757.98
930946,1002,5089,META ,2026-01-28T07:22:51Z,10.28,https://valuetainment.com/?utm_medium=Paid_Social&utm_source=tiktok&utm_campaign=brand-gs-promo,456.16
463038,1011,5574,google,2026-03-04 00:35:15,2.5,https://valuetainment.com/?utm_medium=paid&utm_source=facebook&utm_campaign=consult_,
622199,1008,5517,Google,2025-11-29 15:45:28,10.03,https://valuetainment.com/?utm_source=meta&utm_campaign=brand fx sponsor&utm_medium=Paid_Social,
701283,1012,5027,TIKTOK,2025-10-02T20:43:30Z,8.73,https://valuetainment.com/?utm_source=tiktok&utm_medium=CPC&utm_campaign=vt--summit--vip!!,426.86
172792,1005,5603,META,2025-10-11 17:15:20,3.81,https://valuetainment.com/?utm_source=META&utm_campaign= pbd_retarget_warm &utm_medium=CPC,319.74
340820,1014,5142,meta,2026-03-12T19:36:20Z,4.62,https://valuetainment.com/?utm_medium=cpc&utm_source=google&utm_campaign=brandproteinq2,
796982,1011,5574,tik_tok,02/06/2026 18:42,8.25,https://valuetainment.com/?utm_source=facebook&utm_campaign=CONSULT_DFY_RETGT&utm_medium=cpc,
980103,1003,5142,meta,2026-01-31T23:10:00Z,11.35,https://valuetainment.com/?utm_source=TikTok&utm_campaign=vt_summi&utm_medium=paid,129.0
450574,1003,5284,meta,2026-05-02 19:58:36,2.34,https://valuetainment.com/?utm_medium=paid&utm_campaign=vt--summit--earlybird!!&utm_source=tik_tok,581.66
805503,1010,5114,Google,2026-06-08 11:51:46,3.48,https://valuetainment.com/?utm_medium=Paid_Social&utm_source=tik_tok&utm_campaign=PBD_COLD_SCALE,
999948,1003,5225,GOOGLE,2026-02-09T06:26:02Z,1.85,https://valuetainment.com/?utm_source=meta&utm_medium=CPC&utm_campaign= vt_summit_earlybird ,557.47
953531,1008,5032,tik_tok,2026-03-16 09:56:29,10.45,https://valuetainment.com/?utm_medium=Paid_Social&utm_campaign= brand_fx_sponsor &utm_source=tik_tok,
625518,1003,5733,META,2025-11-04T03:03:40Z,0.81,https://valuetainment.com/?utm_campaign=Vt_summit_earlybird&utm_source=TikTok&utm_medium=paid,
740914,1015,5759,google,2026-05-24T08:03:01Z,11.96,https://valuetainment.com/?utm_campaign=pbd_yt_rem@rketing&utm_medium=ppc&utm_source=tik_tok,689.77
128803,1009,5203,META,2025-11-25T10:04:20Z,9.23,https://valuetainment.com/?utm_medium=Paid_Social&utm_source=META&utm_campaign=Leadership_101_ev,
961082,1006,5284,GOOGLE,2026-04-22T03:17:20Z,7.41,https://valuetainment.com/?utm_medium=CPC&utm_campaign=ceo--bootcamp--prosp!!&utm_source=Google,
617695,1006,5665,Meta,05/04/2026 02:52,3.87,https://valuetainment.com/?utm_source=tik_tok&utm_medium=CPC&utm_campaign=ceobootcampprosp,249.61
697817,1002,5223,meta,2026-01-28 20:24:20,7.24,https://valuetainment.com/?utm_medium=CPC&utm_campaign=brand gs promo&utm_source=Google,36.54
469390,1002,5616,Meta,03/05/2026 08:52,7.32,https://valuetainment.com/?utm_source=google&utm_medium=paid&utm_campaign=brand-gs-promo,199.02
777670,1009,5284,Google,2025-12-04 22:38:27,11.58,https://valuetainment.com/?utm_campaign=leadership--101--ev!!&utm_source=meta&utm_medium=CPC,
509016,1004,5281,META ,2026-01-09 13:50:17,11.6,https://valuetainment.com/?utm_medium=Paid_Social&utm_campaign=sales--mastery--lnch!!,43.05
985816,1002,5114,Meta,2026-01-14 00:21:13,,https://valuetainment.com/?utm_medium=paid&utm_source=facebook&utm_campaign=br@nd_gs_pr0m0,553.71
308252,1003,5692,tiktok,03/19/2026 15:07,5.5,https://valuetainment.com/?utm_source=tik_tok&utm_campaign=vt_summit_earlybird,551.06
871587,1010,5203,meta,2026-04-04 01:12:44,2.88,https://valuetainment.com/?utm_campaign=pbd_cold_scale&utm_source=tiktok,
705125,1008,5284,google,2026-03-14T06:15:30Z,,https://valuetainment.com/?utm_source=google&utm_medium=paid&utm_campaign=br@nd_fx_sp0ns0r,
499420,1012,5604,meta,12/20/2025 00:05,8.85,https://valuetainment.com/?utm_source=facebook&utm_campaign=vt summit vip,490.67
550132,1012,5223,Meta,2026-01-01 00:27:57,11.38,https://valuetainment.com/?utm_medium=cpc&utm_source=META&utm_campaign=vt--summit--vip!!,67.66
769078,1010,5006,meta,2026-02-24T00:11:11Z,11.99,https://valuetainment.com/?utm_source=META&utm_campaign=PBD_COLD_SCALE,
812172,1014,5114,TIKTOK,2026-05-23T18:54:04Z,0.71,https://valuetainment.com/?utm_medium=cpc&utm_source=tik_tok&utm_campaign=br@nd_pr0tein_q2,154.94
857333,1006,5095,TIKTOK,2026-01-06 19:24:41,6.82,https://valuetainment.com/?utm_campaign=ceo bootcamp prosp&utm_source=facebook&utm_medium=Paid_Social,
674739,1006,5142,META ,2025-12-24 20:11:30,1.36,https://valuetainment.com/?utm_campaign=ceobootcampprosp&utm_source=Google&utm_medium=Paid_Social,13.53
692612,1002,5203,Google,2025-10-29 04:43:04,3.24,https://valuetainment.com/?utm_campaign=brand--gs--promo!!,163.97
740231,1013,5284,meta,2026-04-16 00:25:55,10.79,https://valuetainment.com/?utm_source=meta&utm_campaign=patlibbundle&utm_medium=paid,
328509,1007,5616,tik_tok,2025-12-20 05:59:20,6.93,https://valuetainment.com/?utm_medium=cpc&utm_campaign=VT_SUMMIT_LASTCALL&utm_source=tiktok,
617783,1008,5574,GOOGLE,2026-01-03T01:02:27Z,3.7,https://valuetainment.com/?utm_campaign=brand_fx&utm_medium=paid&utm_source=Google,641.51
712353,1003,5025,meta,2026-02-03T07:07:47Z,0.52,https://valuetainment.com/?utm_campaign=vt--summit--earlybird!!&utm_medium=cpc&utm_source=Google,750.0
512773,1002,5718,meta,2025-10-12 08:24:53,6.66,https://valuetainment.com/?utm_source=TikTok&utm_campaign=brandgspromo&utm_medium=cpc,
736877,1001,5089,Meta,10/30/2025 04:11,2.48,https://valuetainment.com/?utm_medium=paid&utm_campaign=pbd_p0d_pr0sp_q1,610.97
343867,1006,5281,Google,2025-11-05 09:25:19,10.24,https://valuetainment.com/?utm_campaign=ceo_bootcamp_prosp&utm_source=tiktok,616.56
189940,1004,5281,Meta,12/28/2025 20:56,7.47,https://valuetainment.com/?utm_medium=Paid_Social&utm_campaign=sales mastery lnch,
240386,1007,5006,Google,03/08/2026 16:51,9.68,https://valuetainment.com/?utm_medium=paid&utm_campaign=vt_summit_lastcall&utm_source=facebook,67.05
725847,1007,5006,meta,2026-02-13 05:00:11,2.13,https://valuetainment.com/?utm_campaign=VT_SUMMIT_LASTCALL&utm_medium=ppc&utm_source=Google,
872739,1008,5228,meta,2026-01-10T08:25:02Z,10.59,https://valuetainment.com/?utm_campaign=brand fx sponsor&utm_medium=cpc&utm_source=tiktok,701.41
515591,1012,5733,META,12/06/2025 21:29,6.54,https://valuetainment.com/?utm_campaign=vt_summit_vip&utm_source=Google&utm_medium=CPC,53.57
515595,1013,5432,meta,2026-03-28 06:35:13,4.18,https://valuetainment.com/?utm_campaign=pat lib bundle&utm_source=tik_tok&utm_medium=paid,686.8
428393,1001,5250,google,01/01/2026 09:35,,https://valuetainment.com/?utm_source=TikTok&utm_medium=cpc&utm_campaign=pbd_pod_,307.83
559442,1004,5030,meta,2025-12-26T12:35:08Z,2.96,https://valuetainment.com/?utm_source=facebook&utm_campaign=sales_ma,
763460,1010,5777,google,12/22/2025 03:07,5.58,https://valuetainment.com/?utm_source=TikTok&utm_medium=CPC&utm_campaign=pbd cold scale,
660892,1007,5250,Meta,02/08/2026 07:46,0.58,https://valuetainment.com/?utm_source=META&utm_medium=ppc&utm_campaign=vtsummitlastcall,
810469,1002,5228,google,2025-10-02 20:55:16,4.61,https://valuetainment.com/?utm_campaign=brand_gs&utm_medium=Paid_Social,
841901,1010,5238,META,2026-02-13T00:59:07Z,4.31,https://valuetainment.com/?utm_source=facebook&utm_campaign=pbd cold scale,68.14
120762,1006,5759,tiktok,2026-05-25 06:51:19,0.77,https://valuetainment.com/?utm_source=google&utm_campaign=ceo_bootcamp_prosp&utm_medium=ppc,
236435,1013,5142,google,2026-02-15T07:46:22Z,7.52,https://valuetainment.com/?utm_campaign=pat_lib_&utm_medium=Paid_Social&utm_source=facebook,263.72
379434,1013,5095,meta,12/04/2025 05:05,11.11,https://valuetainment.com/?utm_source=google&utm_campaign=Pat_lib_bundle,
366939,1013,5238,META,01/21/2026 18:17,,https://valuetainment.com/?utm_campaign= pat_lib_bundle &utm_source=google&utm_medium=ppc,121.91
144995,1001,5281,meta,2026-05-26 06:21:31,7.28,https://valuetainment.com/?utm_source=facebook&utm_medium=ppc&utm_campaign=pbd_pod_prosp_q1,305.2
287356,1008,5203,tik_tok,10/13/2025 06:57,8.38,https://valuetainment.com/?utm_campaign=brand_fx&utm_source=google,289.61
347085,1009,5603,Google,12/25/2025 03:48,12.34,https://valuetainment.com/?utm_source=google&utm_campaign=leadersh,495.14
769655,1006,5089,Meta,04/15/2026 04:06,7.78,https://valuetainment.com/?utm_medium=cpc&utm_campaign=ceo-bootcamp-prosp&utm_source=tik_tok,549.36
360820,1015,5603,Google,02/18/2026 23:20,2.3,https://valuetainment.com/?utm_campaign=pbd yt remarketing&utm_source=tik_tok,
812909,1001,5828,TIKTOK,2026-02-13 15:24:48,9.57,https://valuetainment.com/?utm_medium=CPC&utm_campaign= pbd_pod_prosp_q1 &utm_source=tik_tok,370.36
643754,1014,5517,tiktok,2026-03-23 05:52:12,10.87,https://valuetainment.com/?utm_medium=Paid_Social&utm_campaign=brandproteinq2&utm_source=TikTok,152.81
136829,1007,5604,meta,12/22/2025 18:58,2.02,https://valuetainment.com/?utm_source=META&utm_campaign=vt--summit--lastcall!!,239.61
246286,1006,5459,TikTok,04/28/2026 19:54,,https://valuetainment.com/?utm_campaign=ce0_b00tc@mp_pr0sp&utm_medium=Paid_Social&utm_source=facebook,
147169,1014,5030,meta,2025-12-17 09:24:09,4.0,https://valuetainment.com/?utm_campaign=br@nd_pr0tein_q2&utm_source=tiktok&utm_medium=paid,52.51
305307,1006,5459,Meta,05/29/2026 11:29,4.53,https://valuetainment.com/?utm_source=TikTok&utm_campaign=ceo_bootcamp_prosp&utm_medium=cpc,113.55
781223,1014,5558,google,2026-02-26T18:31:49Z,2.78,https://valuetainment.com/?utm_source=META&utm_campaign=Brand_protein_q2&utm_medium=paid,2.24
854533,1015,5777,Meta,2026-05-22T06:16:50Z,0.8,https://valuetainment.com/?utm_campaign=pbd yt remarketing&utm_source=tiktok&utm_medium=paid,
816270,1008,5095,META ,10/02/2025 21:51,9.23,https://valuetainment.com/?utm_source=google&utm_medium=paid&utm_campaign=brand--fx--sponsor!!,
980649,1011,5913,meta,2026-05-19T20:25:02Z,10.75,https://valuetainment.com/?utm_source=tik_tok&utm_medium=CPC&utm_campaign=consult--dfy--retgt!!,487.03
872806,1004,5025,META ,2025-11-19 22:35:25,7.48,https://valuetainment.com/?utm_source=Google&utm_medium=cpc&utm_campaign=sales_ma,
497108,1008,5828,GOOGLE,2025-12-27 14:35:00,4.97,https://valuetainment.com/?utm_source=meta&utm_campaign=brand_fx_sponsor&utm_medium=Paid_Social,630.98
765432,1006,5095,google,2026-01-12 03:34:50,4.48,https://valuetainment.com/?utm_medium=CPC&utm_source=meta&utm_campaign=ceo_bootcamp_prosp,507.85
484270,1004,5517,Google,2026-02-23 04:53:21,,https://valuetainment.com/?utm_medium=CPC&utm_campaign=s@les_m@stery_lnch&utm_source=tik_tok,6.93
691359,1006,5759,META ,2026-03-05 01:06:54,7.85,https://valuetainment.com/?utm_medium=ppc&utm_campaign=ceo--bootcamp--prosp!!&utm_source=Google,
668977,1005,5089,Meta,04/26/2026 15:02,0.45,https://valuetainment.com/?utm_medium=ppc&utm_campaign=pbdretargetwarm,768.12
205148,1014,5758,META ,2025-12-26 02:18:36,1.62,https://valuetainment.com/?utm_source=tik_tok&utm_campaign=brandproteinq2,
847164,1005,5913,TikTok,11/08/2025 12:04,5.7,https://valuetainment.com/?utm_medium=CPC&utm_source=Google&utm_campaign=pbd_reta,
547454,1011,5777,Meta,04/10/2026 00:24,9.89,https://valuetainment.com/?utm_source=tiktok&utm_campaign=CONSULT_DFY_RETGT,
520823,1015,5890,Google,2026-01-02 15:22:38,5.05,https://valuetainment.com/?utm_source=TikTok&utm_campaign=pbd_yt_rem@rketing&utm_medium=ppc,774.27
996212,1009,5114,GOOGLE,2026-02-20 09:23:01,3.92,https://valuetainment.com/?utm_campaign=leadership-101-ev&utm_medium=paid&utm_source=Google,
848831,1005,5558,Meta,2025-12-18T11:24:37Z,,https://valuetainment.com/?utm_medium=CPC&utm_campaign=pbd_reta,524.78
486254,1012,5429,google,2026-03-21T22:12:57Z,3.82,https://valuetainment.com/?utm_source=tik_tok&utm_medium=CPC&utm_campaign=vt-summit-vip,
976166,1013,5616,meta,2026-04-09T10:49:09Z,10.69,https://valuetainment.com/?utm_medium=cpc&utm_source=tik_tok&utm_campaign=PAT_LIB_BUNDLE,763.38
285374,1001,5654,meta,2025-11-07T04:56:23Z,5.79,https://valuetainment.com/?utm_source=tik_tok&utm_campaign=pbd pod prosp q1&utm_medium=cpc,303.09
268194,1015,5616,META ,2026-03-21T22:57:51Z,12.35,https://valuetainment.com/?utm_medium=cpc&utm_campaign= pbd_yt_remarketing ,
168788,1007,5603,google,12/24/2025 11:31,3.61,https://valuetainment.com/?utm_medium=paid&utm_campaign=vt_summi&utm_source=meta,742.0
744889,1005,5095,META,2026-03-29T11:32:32Z,3.18,https://valuetainment.com/?utm_campaign=Pbd_retarget_warm&utm_medium=ppc,
424495,1008,5754,TikTok,2026-04-17T16:37:40Z,10.07,https://valuetainment.com/?utm_campaign=brand_fx&utm_source=tik_tok&utm_medium=ppc,128.04
447193,1001,5429,TikTok,2025-11-13 16:41:52,11.31,https://valuetainment.com/?utm_medium=Paid_Social&utm_campaign=pbd-pod-prosp-q1&utm_source=tiktok,421.6
108500,1005,5654,meta,2026-02-07 13:47:11,2.82,https://valuetainment.com/?utm_campaign=pbd_ret@rget_w@rm&utm_medium=Paid_Social&utm_source=google,
588505,1013,5890,META ,2025-10-12T12:10:22Z,12.29,https://valuetainment.com/?utm_campaign=pat lib bundle&utm_medium=Paid_Social&utm_source=meta,662.72
702466,1015,5459,META,03/12/2026 20:12,,https://valuetainment.com/?utm_campaign=pbd_yt_r,570.7
621786,1005,5459,meta,2025-12-13 01:01:20,9.74,https://valuetainment.com/?utm_campaign=pbd-retarget-warm&utm_medium=CPC,559.12
558916,1001,5238,Google,2025-11-01 21:40:34,,https://valuetainment.com/?utm_campaign=pbd pod prosp q1&utm_medium=CPC&utm_source=META,607.69
516395,1004,5718,Meta,2025-12-08 00:31:50,2.16,https://valuetainment.com/?utm_medium=CPC&utm_campaign=SALES_MASTERY_LNCH&utm_source=google,763.59
716884,1003,5006,google,2026-03-21 08:11:42,5.68,https://valuetainment.com/?utm_campaign=vt_summit_earlybird&utm_source=TikTok,213.57
257352,1005,5225,TikTok,2026-04-16T08:36:07Z,0.76,https://valuetainment.com/?utm_campaign=pbdretargetwarm&utm_source=tiktok,646.43
410244,1010,5032,meta,2026-05-08T18:50:26Z,4.01,https://valuetainment.com/?utm_campaign= pbd_cold_scale &utm_source=facebook,526.58
407943,1014,5828,GOOGLE,06/05/2026 00:01,5.17,https://valuetainment.com/?utm_medium=Paid_Social&utm_source=META&utm_campaign=brand-protein-q2,389.86
128673,1013,5759,meta,05/03/2026 21:04,10.44,https://valuetainment.com/?utm_campaign=Pat_lib_bundle&utm_source=Google,342.04
564457,1009,5238,meta,2026-05-24 10:21:04,4.41,https://valuetainment.com/?utm_campaign=leadership--101--ev!!&utm_source=google&utm_medium=ppc,248.67
661654,1002,5006,GOOGLE,2025-10-16 08:36:35,2.75,https://valuetainment.com/?utm_campaign=brandgspromo&utm_medium=paid,
818487,1004,5225,META ,01/15/2026 15:13,10.9,https://valuetainment.com/?utm_medium=CPC&utm_campaign=SALES_MASTERY_LNCH&utm_source=Google,
260965,1001,5616,TIKTOK,01/17/2026 19:30,3.98,https://valuetainment.com/?utm_source=TikTok&utm_medium=Paid_Social&utm_campaign=pbd-pod-prosp-q1,674.06
716881,1002,5616,google,2026-04-29 11:28:28,,https://valuetainment.com/?utm_medium=CPC&utm_campaign= brand_gs_promo &utm_source=META,34.02
239546,1007,5913,META ,2026-03-22T20:24:28Z,11.41,https://valuetainment.com/?utm_campaign=vt--summit--lastcall!!&utm_medium=Paid_Social&utm_source=meta,330.41
615566,1015,5604,meta,2026-05-28 08:59:15,7.64,https://valuetainment.com/?utm_medium=cpc&utm_source=facebook&utm_campaign= pbd_yt_remarketing ,533.62
167518,1002,5654,Meta,04/23/2026 22:34,3.06,https://valuetainment.com/?utm_campaign=brand gs promo&utm_medium=paid&utm_source=tiktok,737.93
983325,1010,5281,META ,2026-01-25 05:36:49,7.62,https://valuetainment.com/?utm_source=facebook&utm_campaign=pbd_cold&utm_medium=ppc,
114549,1003,5114,Meta,2026-04-05T20:20:14Z,10.28,https://valuetainment.com/?utm_medium=paid&utm_campaign=vt summit earlybird&utm_source=google,150.58
771740,1009,5692,google,2025-11-28T08:10:35Z,12.03,https://valuetainment.com/?utm_source=tik_tok&utm_medium=paid&utm_campaign=Leadership_101_ev,
693906,1010,5027,meta,2026-04-17T20:02:34Z,5.42,https://valuetainment.com/?utm_source=google&utm_medium=Paid_Social&utm_campaign=pbd_c0ld_sc@le,330.65
601233,1013,5225,Google,05/05/2026 15:07,,https://valuetainment.com/?utm_campaign=pat-lib-bundle&utm_source=META&utm_medium=Paid_Social,188.01
780836,1009,5754,TIKTOK,2026-04-10T12:42:43Z,9.16,https://valuetainment.com/?utm_campaign=leadership 101 ev&utm_medium=ppc&utm_source=tik_tok,163.38
573566,1007,5604,meta,02/21/2026 08:45,7.46,https://valuetainment.com/?utm_source=TikTok&utm_medium=ppc&utm_campaign=Vt_summit_lastcall,
993506,1001,5616,META,02/08/2026 21:12,3.61,https://valuetainment.com/?utm_source=facebook&utm_campaign=pbd_p0d_pr0sp_q1&utm_medium=cpc,
490784,1014,5828,Google,11/02/2025 15:38,11.49,https://valuetainment.com/?utm_campaign=BRAND_PROTEIN_Q2&utm_medium=CPC&utm_source=tiktok,592.93
858643,1010,5603,tik_tok,2026-04-10 21:38:07,2.45,https://valuetainment.com/?utm_medium=CPC&utm_source=tiktok&utm_campaign=pbdcoldscale,357.07
739247,1010,5114,tik_tok,2026-01-19T18:36:24Z,,https://valuetainment.com/?utm_medium=CPC&utm_campaign=PBD_COLD_SCALE&utm_source=google,234.24
293807,1001,5238,TIKTOK,2026-03-11 04:17:30,0.77,https://valuetainment.com/?utm_medium=ppc&utm_campaign= pbd_pod_prosp_q1 &utm_source=META,468.87
135773,1011,5250,google,2026-01-01T18:38:14Z,8.74,https://valuetainment.com/?utm_campaign= consult_dfy_retgt &utm_medium=paid,779.99
288428,1012,5733,tik_tok,2025-12-01T01:27:33Z,10.9,https://valuetainment.com/?utm_campaign=Vt_summit_vip&utm_source=tiktok,18.64
695503,1012,5027,META,05/04/2026 02:24,2.1,https://valuetainment.com/?utm_campaign= vt_summit_vip &utm_source=Google&utm_medium=cpc,
513647,1006,5459,google,2026-02-05T23:39:54Z,11.17,https://valuetainment.com/?utm_campaign=ceo--bootcamp--prosp!!&utm_source=google&utm_medium=Paid_Social,732.29
807346,1002,5733,META ,06/07/2026 17:10,3.59,https://valuetainment.com/?utm_medium=Paid_Social&utm_source=tik_tok&utm_campaign=br@nd_gs_pr0m0,
815106,1001,5142,meta,2025-10-08T17:29:29Z,10.85,https://valuetainment.com/?utm_medium=CPC&utm_campaign=pbdpodprospq1&utm_source=facebook,338.62
533544,1004,5733,Google,12/13/2025 12:09,1.85,https://valuetainment.com/?utm_campaign=sales mastery lnch&utm_source=meta,486.04
388671,1010,5030,meta,12/25/2025 20:04,9.62,https://valuetainment.com/?utm_source=tiktok&utm_campaign=pbd_cold&utm_medium=ppc,
327756,1004,5517,meta,2026-05-21T18:16:12Z,2.77,https://valuetainment.com/?utm_medium=ppc&utm_source=TikTok&utm_campaign=sales-mastery-lnch,764.9
523579,1008,5281,Google,01/23/2026 06:37,3.6,https://valuetainment.com/?utm_campaign=brand_fx&utm_medium=cpc,85.17
366878,1014,5459,meta,2026-04-30T18:42:48Z,,https://valuetainment.com/?utm_medium=paid&utm_campaign= brand_protein_q2 &utm_source=Google,525.43
126372,1002,5030,META,2026-05-21T22:07:33Z,9.44,https://valuetainment.com/?utm_campaign=Brand_gs_promo&utm_medium=Paid_Social&utm_source=tiktok,242.04
413842,1014,5203,TikTok,2026-01-06 14:01:19,7.24,https://valuetainment.com/?utm_medium=cpc&utm_source=TikTok&utm_campaign=brand-protein-q2,49.15
616740,1008,5089,Google,2025-11-20 09:53:40,10.72,https://valuetainment.com/?utm_campaign=BRAND_FX_SPONSOR&utm_medium=paid&utm_source=meta,
959078,1006,5114,tiktok,05/01/2026 12:39,9.6,https://valuetainment.com/?utm_source=facebook&utm_medium=Paid_Social&utm_campaign=ceo_bootcamp_prosp,337.33
170411,1015,5228,META ,2025-11-05T12:16:16Z,11.37,https://valuetainment.com/?utm_campaign=pbdytremarketing&utm_medium=Paid_Social,
691240,1015,5284,meta,2026-03-29T06:37:51Z,12.47,https://valuetainment.com/?utm_medium=paid&utm_campaign=pbd_yt_r&utm_source=TikTok,
329126,1011,5777,meta,2026-04-05 18:54:04,0.94,https://valuetainment.com/?utm_medium=Paid_Social&utm_source=facebook&utm_campaign=consultdfyretgt,
190996,1004,5558,Google,2026-05-13 13:06:30,4.88,https://valuetainment.com/?utm_source=tiktok&utm_campaign= sales_mastery_lnch &utm_medium=paid,466.33
521412,1011,5758,google,2026-06-05T20:00:12Z,4.84,https://valuetainment.com/?utm_campaign=consult-dfy-retgt&utm_source=TikTok&utm_medium=cpc,709.21
783735,1006,5828,Google,2025-12-28 10:04:20,3.64,https://valuetainment.com/?utm_campaign=ceobootcampprosp&utm_medium=cpc&utm_source=tiktok,759.7
143553,1006,5225,META ,2026-03-13T02:56:04Z,1.11,https://valuetainment.com/?utm_source=TikTok&utm_campaign=CEO_BOOTCAMP_PROSP&utm_medium=Paid_Social,527.62
315546,1008,5759,Meta,04/08/2026 09:22,10.58,https://valuetainment.com/?utm_medium=ppc&utm_source=meta&utm_campaign=brand--fx--sponsor!!,
266240,1001,5429,META ,01/14/2026 17:54,1.28,https://valuetainment.com/?utm_source=TikTok&utm_campaign=pbd_pod_&utm_medium=ppc,619.68
993884,1005,5025,Google,01/01/2026 12:20,8.98,https://valuetainment.com/?utm_source=META&utm_medium=cpc&utm_campaign=pbd_reta,136.89
847140,1010,5758,Google,11/18/2025 05:02,,https://valuetainment.com/?utm_medium=ppc&utm_source=tiktok&utm_campaign=pbd-cold-scale,215.24
875926,1012,5604,GOOGLE,04/26/2026 18:27,11.04,https://valuetainment.com/?utm_source=facebook&utm_medium=cpc&utm_campaign=vtsummitvip,285.89
354196,1010,5250,Meta,2025-12-10 04:48:09,9.94,https://valuetainment.com/?utm_source=meta&utm_campaign=pbd cold scale,
578856,1006,5089,Meta,10/08/2025 15:33,10.42,https://valuetainment.com/?utm_medium=paid&utm_source=Google&utm_campaign=ce0_b00tc@mp_pr0sp,78.89
999281,1015,5250,GOOGLE,2025-10-07T06:28:45Z,7.37,https://valuetainment.com/?utm_campaign=Pbd_yt_remarketing&utm_medium=Paid_Social,
879319,1002,5754,GOOGLE,2026-05-21T06:51:03Z,2.94,https://valuetainment.com/?utm_medium=ppc&utm_source=tik_tok&utm_campaign=brand gs promo,30.21
808729,1005,5225,Google,2026-06-02 03:58:14,4.45,https://valuetainment.com/?utm_medium=ppc&utm_source=tik_tok&utm_campaign=Pbd_retarget_warm,230.83
388523,1004,5692,tiktok,2026-03-26T06:21:40Z,9.39,https://valuetainment.com/?utm_source=facebook&utm_medium=CPC&utm_campaign=Sales_mastery_lnch,41.34
980664,1001,5228,TIKTOK,2025-12-25 23:57:57,3.71,https://valuetainment.com/?utm_medium=ppc&utm_campaign= pbd_pod_prosp_q1 ,286.86
817663,1004,5692,meta,2025-12-27 04:42:03,11.1,https://valuetainment.com/?utm_campaign=SALES_MASTERY_LNCH&utm_medium=CPC&utm_source=tiktok,89.93
978409,1007,5225,meta,2026-01-12 13:13:37,1.19,https://valuetainment.com/?utm_source=TikTok&utm_campaign=vt_summit_lastcall&utm_medium=paid,
118683,1004,5006,meta,2025-12-10T03:37:21Z,8.0,https://valuetainment.com/?utm_source=tiktok&utm_medium=cpc&utm_campaign=sales_mastery_lnch,
738221,1010,5604,meta,04/03/2026 13:21,5.29,https://valuetainment.com/?utm_campaign=pbd_c0ld_sc@le&utm_source=facebook&utm_medium=CPC,703.17
697606,1008,5913,meta,2026-04-27T21:13:05Z,3.49,https://valuetainment.com/?utm_source=META&utm_campaign=brand-fx-sponsor,1.59
742848,1015,5890,META,2026-04-16T00:31:06Z,5.19,https://valuetainment.com/?utm_campaign= pbd_yt_remarketing &utm_source=TikTok&utm_medium=ppc,674.08
427423,1014,5604,Google,01/13/2026 21:48,9.83,https://valuetainment.com/?utm_campaign=Brand_protein_q2&utm_source=meta,794.98
842222,1009,5654,meta,2026-05-23 08:52:48,4.87,https://valuetainment.com/?utm_source=tiktok&utm_medium=paid&utm_campaign=Leadership_101_ev,
889016,1005,5032,META,2026-02-21T15:25:16Z,10.06,https://valuetainment.com/?utm_source=TikTok&utm_campaign=pbdretargetwarm,2.42
859068,1003,5758,tiktok,2025-12-26 13:46:01,3.83,https://valuetainment.com/?utm_source=facebook&utm_medium=ppc&utm_campaign=vt summit earlybird,570.18
701596,1013,5238,tiktok,2025-11-13T14:51:26Z,10.08,https://valuetainment.com/?utm_medium=Paid_Social&utm_campaign=pat-lib-bundle&utm_source=facebook,737.83
818894,1012,5027,meta,2025-11-12 03:56:48,5.91,https://valuetainment.com/?utm_campaign=Vt_summit_vip&utm_medium=paid,183.85
130094,1006,5432,META,2026-01-17T14:36:21Z,4.37,https://valuetainment.com/?utm_source=Google&utm_campaign=Ceo_bootcamp_prosp,283.86
180777,1012,5616,google,01/27/2026 19:38,2.86,https://valuetainment.com/?utm_campaign=vt_summi,460.43
985715,1013,5692,META,12/29/2025 10:12,9.49,https://valuetainment.com/?utm_medium=Paid_Social&utm_campaign=Pat_lib_bundle&utm_source=tik_tok,600.56
498929,1011,5692,Google,2025-10-29 11:18:06,3.0,https://valuetainment.com/?utm_campaign=consult--dfy--retgt!!&utm_medium=CPC,487.64
890966,1007,5006,google,12/17/2025 20:29,,https://valuetainment.com/?utm_campaign=vt--summit--lastcall!!&utm_medium=ppc&utm_source=tik_tok,419.0
267404,1013,5459,GOOGLE,2026-03-08 19:12:30,10.26,https://valuetainment.com/?utm_campaign=pat lib bundle&utm_source=facebook&utm_medium=cpc,588.12
722567,1010,5281,meta,11/20/2025 20:39,5.32,https://valuetainment.com/?utm_source=facebook&utm_campaign=pbd--cold--scale!!&utm_medium=CPC,626.88
211668,1007,5654,Google,05/08/2026 03:41,0.5,https://valuetainment.com/?utm_medium=paid&utm_source=facebook&utm_campaign=vt--summit--lastcall!!,654.55
970504,1008,5104,Meta,2025-10-29 09:48:12,11.4,https://valuetainment.com/?utm_campaign=brand fx sponsor&utm_source=Google&utm_medium=paid,430.3
926901,1003,5025,meta,2026-01-27 14:25:20,8.68,https://valuetainment.com/?utm_campaign=vtsummitearlybird&utm_source=META,128.13
452453,1007,5665,Google,02/11/2026 09:57,5.81,https://valuetainment.com/?utm_campaign=VT_SUMMIT_LASTCALL&utm_source=TikTok&utm_medium=paid,587.99
425042,1006,5027,google,2026-03-16 05:09:44,1.74,https://valuetainment.com/?utm_medium=CPC&utm_source=google&utm_campaign= ceo_bootcamp_prosp ,77.86
144454,1008,5754,Google,02/02/2026 01:34,,https://valuetainment.com/?utm_campaign=brand_fx_sponsor&utm_medium=Paid_Social&utm_source=tik_tok,759.97
998746,1014,5828,GOOGLE,04/03/2026 07:00,11.34,https://valuetainment.com/?utm_medium=cpc&utm_source=tiktok&utm_campaign= brand_protein_q2 ,
444412,1010,5654,GOOGLE,2026-04-04 01:34:18,,https://valuetainment.com/?utm_campaign=pbd cold scale&utm_medium=cpc&utm_source=META,517.15
424909,1004,5142,TIKTOK,01/16/2026 05:47,1.58,https://valuetainment.com/?utm_campaign=sales-mastery-lnch&utm_source=Google&utm_medium=Paid_Social,
316339,1003,5758,google,2025-10-01 11:23:54,7.77,https://valuetainment.com/?utm_campaign=vt-summit-earlybird&utm_source=TikTok&utm_medium=Paid_Social,
806664,1009,5777,META ,2025-10-03T21:02:58Z,9.25,https://valuetainment.com/?utm_source=Google&utm_campaign=leadership-101-ev,10.89
908597,1001,5027,Google,2026-01-10 12:37:41,6.1,https://valuetainment.com/?utm_medium=cpc&utm_campaign=PBD_POD_PROSP_Q1,263.56
977336,1012,5238,google,2026-04-16T10:30:07Z,0.51,https://valuetainment.com/?utm_campaign=Vt_summit_vip,339.21
571228,1012,5225,GOOGLE,12/02/2025 02:22,1.48,https://valuetainment.com/?utm_source=tik_tok&utm_medium=ppc&utm_campaign=vt_summit_vip,581.5
433871,1011,5754,meta,2026-04-06T21:15:39Z,8.42,https://valuetainment.com/?utm_medium=paid&utm_source=TikTok&utm_campaign=consult-dfy-retgt,349.1
740202,1008,5828,meta,2025-10-09 07:51:06,8.86,https://valuetainment.com/?utm_medium=ppc&utm_source=meta&utm_campaign=brand_fx_sponsor,
489641,1004,5558,Meta,2025-10-26T21:24:03Z,11.3,https://valuetainment.com/?utm_campaign=sales_mastery_lnch&utm_medium=cpc,
998734,1011,5104,Google,2026-05-11T02:25:32Z,1.66,https://valuetainment.com/?utm_source=facebook&utm_campaign=consult-dfy-retgt&utm_medium=ppc,485.74
725279,1012,5777,google,2026-01-27T13:49:39Z,0.49,https://valuetainment.com/?utm_medium=paid&utm_campaign=vt_summit_vip&utm_source=META,
580024,1012,5032,google,2026-04-21T04:17:38Z,12.33,https://valuetainment.com/?utm_campaign=VT_SUMMIT_VIP&utm_source=Google&utm_medium=paid,401.78
692738,1006,5459,meta,2025-12-28 05:10:42,1.58,https://valuetainment.com/?utm_campaign=ceobootcampprosp&utm_medium=Paid_Social,
633376,1003,5429,META,2025-10-19T18:04:34Z,3.82,https://valuetainment.com/?utm_campaign= vt_summit_earlybird &utm_medium=ppc,185.81
170695,1009,5574,Google,10/20/2025 06:33,5.84,https://valuetainment.com/?utm_source=META&utm_medium=paid&utm_campaign=leadersh,
874914,1007,5030,Google,2026-02-04T17:09:11Z,,https://valuetainment.com/?utm_source=tik_tok&utm_campaign=vt_summit_lastcall&utm_medium=paid,
170971,1008,5654,META,2026-01-23 02:20:58,2.18,https://valuetainment.com/?utm_campaign=brand_fx,
645686,1006,5025,tiktok,2025-11-21 07:47:52,4.4,https://valuetainment.com/?utm_source=tiktok&utm_medium=Paid_Social&utm_campaign=ceo-bootcamp-prosp,441.73
325595,1004,5006,GOOGLE,04/01/2026 18:11,1.04,https://valuetainment.com/?utm_source=facebook&utm_campaign=SALES_MASTERY_LNCH&utm_medium=ppc,
842842,1001,5603,GOOGLE,06/05/2026 16:22,9.64,https://valuetainment.com/?utm_campaign=pbd_pod_&utm_medium=cpc,659.14
397407,1001,5281,meta,10/03/2025 05:30,1.05,https://valuetainment.com/?utm_medium=ppc&utm_campaign=pbd pod prosp q1&utm_source=tiktok,
404293,1005,5228,Google,12/16/2025 08:00,8.31,https://valuetainment.com/?utm_medium=paid&utm_campaign= pbd_retarget_warm &utm_source=META,
110068,1010,5665,TIKTOK,2026-06-07 13:43:15,10.83,https://valuetainment.com/?utm_campaign=pbd_cold_scale&utm_source=TikTok&utm_medium=ppc,
663462,1010,5114,tiktok,02/02/2026 01:35,11.77,https://valuetainment.com/?utm_medium=CPC&utm_source=tiktok&utm_campaign= pbd_cold_scale ,
200992,1015,5517,Meta,2026-03-04 03:20:34,3.35,https://valuetainment.com/?utm_medium=CPC&utm_campaign=pbd--yt--remarketing!!&utm_source=tik_tok,201.93
604817,1006,5758,TikTok,2026-04-14T06:47:21Z,2.59,https://valuetainment.com/?utm_campaign=ceo-bootcamp-prosp&utm_source=google,
852253,1013,5142,Meta,2025-10-21T10:37:56Z,1.88,https://valuetainment.com/?utm_medium=CPC&utm_campaign= pat_lib_bundle ,
504051,1011,5025,META ,2026-06-03T00:54:19Z,9.31,https://valuetainment.com/?utm_campaign=consult-dfy-retgt&utm_source=facebook,
997830,1008,5517,tik_tok,01/31/2026 11:14,4.92,https://valuetainment.com/?utm_campaign= brand_fx_sponsor &utm_source=tik_tok&utm_medium=CPC,
211486,1012,5754,TikTok,2026-03-08 22:07:14,,https://valuetainment.com/?utm_source=google&utm_medium=CPC&utm_campaign=vtsummitvip,
697935,1009,5459,Meta,12/14/2025 09:21,,https://valuetainment.com/?utm_medium=paid&utm_campaign=leadership_101_ev,610.6
660857,1011,5828,Google,2025-11-18T10:14:08Z,9.04,https://valuetainment.com/?utm_campaign=consult-dfy-retgt&utm_source=facebook&utm_medium=paid,526.75
461908,1007,5604,Meta,2025-12-31T02:50:10Z,5.41,https://valuetainment.com/?utm_source=meta&utm_campaign=VT_SUMMIT_LASTCALL&utm_medium=CPC,
117585,1015,5030,meta,2026-03-21T20:31:44Z,5.66,https://valuetainment.com/?utm_medium=Paid_Social&utm_campaign=pbd yt remarketing,349.18
874757,1011,5718,Meta,01/25/2026 11:11,3.43,https://valuetainment.com/?utm_source=TikTok&utm_campaign=consult_&utm_medium=Paid_Social,311.25
357619,1004,5225,TikTok,2025-10-27 15:19:20,6.3,https://valuetainment.com/?utm_source=META&utm_campaign=sales-mastery-lnch,516.7
192627,1013,5238,META,2025-12-05T11:59:48Z,5.27,https://valuetainment.com/?utm_medium=Paid_Social&utm_source=TikTok&utm_campaign=pat lib bundle,
525993,1010,5733,META,2025-11-13T08:06:58Z,4.29,https://valuetainment.com/?utm_campaign=Pbd_cold_scale&utm_medium=Paid_Social&utm_source=TikTok,622.92
415823,1007,5284,GOOGLE,2025-10-01 21:26:01,9.62,https://valuetainment.com/?utm_medium=Paid_Social&utm_campaign=vtsummitlastcall&utm_source=google,325.24
562440,1014,5284,GOOGLE,2025-10-03 07:40:26,10.58,https://valuetainment.com/?utm_campaign=brand_pr,
173591,1013,5032,meta,01/20/2026 01:15,5.77,https://valuetainment.com/?utm_source=meta&utm_campaign=p@t_lib_bundle&utm_medium=cpc,
684745,1008,5517,google,11/28/2025 22:40,,https://valuetainment.com/?utm_source=TikTok&utm_campaign=brandfxsponsor,
936194,1001,5025,GOOGLE,2026-04-11 08:24:34,8.48,https://valuetainment.com/?utm_medium=CPC&utm_campaign=pbd_pod_prosp_q1&utm_source=tik_tok,720.25
462623,1014,5759,META,2026-04-05 23:11:21,3.46,https://valuetainment.com/?utm_source=TikTok&utm_medium=CPC&utm_campaign=BRAND_PROTEIN_Q2,600.55
706082,1001,5616,meta,11/09/2025 20:12,0.57,https://valuetainment.com/?utm_campaign=pbd_p0d_pr0sp_q1&utm_source=facebook&utm_medium=CPC,
367758,1006,5432,meta,2026-04-17T22:54:32Z,2.3,https://valuetainment.com/?utm_medium=ppc&utm_source=TikTok&utm_campaign=ceo_boot,689.26
259077,1004,5027,Google,2026-05-26T20:25:57Z,5.18,https://valuetainment.com/?utm_source=google&utm_campaign=sales mastery lnch,
200550,1005,5203,GOOGLE,2026-05-11T14:06:18Z,0.52,https://valuetainment.com/?utm_source=meta&utm_medium=Paid_Social&utm_campaign=pbdretargetwarm,523.36
208111,1002,5203,Google,2026-04-07 22:10:25,1.78,https://valuetainment.com/?utm_source=facebook&utm_campaign=brand-gs-promo&utm_medium=cpc,554.69
721826,1011,5203,META ,12/10/2025 15:19,10.08,https://valuetainment.com/?utm_medium=Paid_Social&utm_source=google&utm_campaign=consult_dfy_retgt,
740590,1008,5604,Meta,2026-04-22 23:08:34,11.49,https://valuetainment.com/?utm_medium=cpc&utm_campaign=brand_fx,240.89
709080,1004,5006,TIKTOK,02/05/2026 14:51,4.85,https://valuetainment.com/?utm_campaign=sales-mastery-lnch&utm_medium=Paid_Social&utm_source=tiktok,109.39
250869,1008,5095,meta,01/24/2026 22:43,5.16,https://valuetainment.com/?utm_medium=ppc&utm_source=Google&utm_campaign=brand--fx--sponsor!!,359.01
692887,1003,5574,Google,04/26/2026 04:54,7.7,https://valuetainment.com/?utm_source=google&utm_medium=cpc&utm_campaign=vtsummitearlybird,210.84
108139,1001,5281,meta,2026-04-16T03:03:23Z,2.81,https://valuetainment.com/?utm_medium=ppc&utm_campaign= pbd_pod_prosp_q1 ,544.61
266383,1013,5574,Google,2026-02-27 00:29:16,9.1,https://valuetainment.com/?utm_campaign=PAT_LIB_BUNDLE&utm_medium=ppc&utm_source=google,185.21
316996,1011,5654,Meta,11/04/2025 05:45,,https://valuetainment.com/?utm_campaign=Consult_dfy_retgt,296.37
789605,1001,5095,Meta,2026-04-05T11:03:21Z,10.05,https://valuetainment.com/?utm_medium=paid&utm_source=facebook&utm_campaign=pbd--pod--prosp--q1!!,768.58
389861,1001,5025,TIKTOK,2025-12-26T10:35:29Z,10.46,https://valuetainment.com/?utm_source=tik_tok&utm_medium=cpc&utm_campaign= pbd_pod_prosp_q1 ,728.52
643791,1003,5142,meta,10/12/2025 15:26,9.39,https://valuetainment.com/?utm_campaign=vt summit earlybird&utm_medium=paid&utm_source=Google,145.29
989208,1011,5223,google,2026-01-23T19:42:22Z,11.3,https://valuetainment.com/?utm_campaign=consult dfy retgt&utm_medium=paid&utm_source=google,533.51
919744,1006,5025,GOOGLE,03/04/2026 11:03,7.62,https://valuetainment.com/?utm_source=tik_tok&utm_campaign= ceo_bootcamp_prosp &utm_medium=ppc,773.12
581285,1002,5429,google,2025-10-06 09:34:48,4.34,https://valuetainment.com/?utm_source=TikTok&utm_campaign=br@nd_gs_pr0m0,
285469,1002,5225,Meta,2026-04-26T03:43:52Z,12.3,https://valuetainment.com/?utm_source=tik_tok&utm_campaign=brand_gs_promo,
213017,1011,5665,TikTok,05/14/2026 00:49,,https://valuetainment.com/?utm_medium=ppc&utm_source=tik_tok&utm_campaign=Consult_dfy_retgt,
152616,1012,5142,Google,03/31/2026 01:47,9.87,https://valuetainment.com/?utm_campaign=vt_summit_vip&utm_medium=ppc,650.28
582860,1007,5114,google,02/13/2026 05:33,1.85,https://valuetainment.com/?utm_campaign=vt-summit-lastcall&utm_source=tiktok,
930892,1001,5250,Meta,2026-01-01 17:45:43,,https://valuetainment.com/?utm_campaign=PBD_POD_PROSP_Q1&utm_source=META,701.18
245051,1004,5142,meta,2026-06-01 16:13:15,1.55,https://valuetainment.com/?utm_source=tik_tok&utm_campaign= sales_mastery_lnch ,
706889,1008,5665,tiktok,11/23/2025 09:52,10.54,https://valuetainment.com/?utm_source=google&utm_medium=Paid_Social&utm_campaign=brand_fx_sponsor,
699932,1001,5142,GOOGLE,2026-05-05 04:21:10,9.38,https://valuetainment.com/?utm_medium=Paid_Social&utm_campaign=pbd--pod--prosp--q1!!&utm_source=Google,
892640,1013,5032,meta,2025-10-04T01:39:11Z,5.91,https://valuetainment.com/?utm_medium=paid&utm_campaign=Pat_lib_bundle&utm_source=Google,598.18
694677,1015,5027,Google,04/01/2026 16:53,6.61,https://valuetainment.com/?utm_campaign=pbdytremarketing&utm_medium=CPC&utm_source=google,
967958,1001,5006,google,11/13/2025 19:00,9.01,https://valuetainment.com/?utm_campaign=pbd_pod_prosp_q1,619.62
400513,1001,5142,meta,2026-04-28T03:47:58Z,9.56,https://valuetainment.com/?utm_medium=cpc&utm_campaign=PBD_POD_PROSP_Q1&utm_source=tik_tok,587.7
952118,1001,5692,meta,10/24/2025 08:52,10.44,https://valuetainment.com/?utm_source=Google&utm_campaign=pbd pod prosp q1&utm_medium=CPC,
525463,1003,5692,meta,2025-12-29T06:00:04Z,7.33,https://valuetainment.com/?utm_campaign=vt--summit--earlybird!!&utm_medium=Paid_Social&utm_source=facebook,
322862,1014,5032,google,2025-10-20 19:55:01,11.49,https://valuetainment.com/?utm_campaign=brand-protein-q2&utm_source=google&utm_medium=Paid_Social,328.58
227728,1001,5604,Google,2026-01-10T01:54:23Z,6.28,https://valuetainment.com/?utm_source=TikTok&utm_campaign= pbd_pod_prosp_q1 ,
376549,1001,5718,meta,2025-10-01 19:59:25,7.01,https://valuetainment.com/?utm_campaign=pbd--pod--prosp--q1!!&utm_source=tik_tok&utm_medium=paid,
381261,1010,5718,Meta,05/06/2026 00:49,,https://valuetainment.com/?utm_campaign=pbdcoldscale&utm_medium=cpc,640.61
939703,1010,5429,TIKTOK,2026-04-16 10:32:54,10.56,https://valuetainment.com/?utm_campaign= pbd_cold_scale &utm_source=facebook,252.99
855009,1014,5718,TIKTOK,2026-03-24T17:38:45Z,2.05,https://valuetainment.com/?utm_source=META&utm_medium=Paid_Social&utm_campaign=br@nd_pr0tein_q2,
148823,1005,5603,Google,2025-10-13 18:40:00,8.7,https://valuetainment.com/?utm_medium=CPC&utm_campaign=pbdretargetwarm&utm_source=facebook,
303639,1007,5025,meta,2025-12-29T22:39:43Z,6.2,https://valuetainment.com/?utm_medium=cpc&utm_campaign=VT_SUMMIT_LASTCALL&utm_source=facebook,
574410,1014,5890,meta,02/02/2026 10:23,6.03,https://valuetainment.com/?utm_campaign=Brand_protein_q2&utm_medium=ppc&utm_source=facebook,
957276,1010,5429,GOOGLE,02/21/2026 08:22,11.0,https://valuetainment.com/?utm_source=meta&utm_campaign=pbd_cold_scale,
582270,1003,5250,google,05/18/2026 17:27,4.76,https://valuetainment.com/?utm_campaign=vt_summi&utm_source=tik_tok&utm_medium=ppc,194.24
817696,1014,5025,Meta,2025-10-23 18:38:13,0.54,https://valuetainment.com/?utm_campaign=brand protein q2&utm_source=tiktok&utm_medium=cpc,693.16
641882,1012,5250,tiktok,2026-04-23T10:49:00Z,3.01,https://valuetainment.com/?utm_campaign=vt summit vip&utm_source=TikTok&utm_medium=Paid_Social,65.2
270651,1005,5777,google,2026-05-19T12:31:03Z,2.69,https://valuetainment.com/?utm_campaign=pbd retarget warm&utm_source=tik_tok,
752228,1014,5459,google,2025-12-15 02:23:49,7.49,https://valuetainment.com/?utm_source=facebook&utm_campaign=brandproteinq2&utm_medium=Paid_Social,472.63
494888,1008,5104,TikTok,2026-04-01 03:32:23,1.52,https://valuetainment.com/?utm_campaign=brand_fx&utm_source=TikTok,
671808,1012,5089,META,2025-10-05 14:07:35,2.2,https://valuetainment.com/?utm_source=meta&utm_campaign=Vt_summit_vip,183.55
666579,1005,5225,meta,2025-11-15 13:01:13,5.72,https://valuetainment.com/?utm_campaign=pbd retarget warm&utm_medium=ppc,760.47
466413,1002,5604,Meta,2026-02-12T20:17:56Z,,https://valuetainment.com/?utm_campaign=brand_gs,677.36
868516,1006,5665,meta,11/04/2025 06:22,,https://valuetainment.com/?utm_medium=ppc&utm_campaign= ceo_bootcamp_prosp &utm_source=tiktok,344.08
135124,1012,5604,tik_tok,2026-01-21T19:42:01Z,4.94,https://valuetainment.com/?utm_campaign=vtsummitvip&utm_medium=CPC&utm_source=tiktok,404.99
917018,1007,5828,Google,2025-12-05T20:37:38Z,11.31,https://valuetainment.com/?utm_campaign=vt-summit-lastcall&utm_source=META&utm_medium=Paid_Social,782.54
242350,1011,5238,Meta,2026-05-12T16:26:56Z,8.08,https://valuetainment.com/?utm_campaign=consult dfy retgt&utm_medium=cpc&utm_source=tiktok,636.43
551574,1012,5517,meta,2026-03-04T04:58:17Z,5.03,https://valuetainment.com/?utm_source=tik_tok&utm_campaign=vt_summit_vip&utm_medium=cpc,400.21
858359,1013,5654,TikTok,10/29/2025 16:12,6.54,https://valuetainment.com/?utm_campaign= pat_lib_bundle &utm_source=Google&utm_medium=cpc,719.57
887574,1006,5027,meta,2025-11-12 14:47:01,11.08,https://valuetainment.com/?utm_source=META&utm_campaign=ceo-bootcamp-prosp&utm_medium=cpc,738.85
507329,1003,5604,META,2026-01-20T13:52:27Z,,https://valuetainment.com/?utm_source=META&utm_campaign=vt-summit-earlybird&utm_medium=Paid_Social,113.37
369756,1010,5284,Google,2026-04-26T06:08:28Z,1.67,https://valuetainment.com/?utm_campaign=pbd_c0ld_sc@le&utm_medium=cpc&utm_source=meta,
949767,1008,5733,tiktok,2026-03-06T15:40:08Z,4.72,https://valuetainment.com/?utm_medium=ppc&utm_campaign=br@nd_fx_sp0ns0r&utm_source=Google,
276277,1006,5654,tiktok,2026-05-01T23:42:58Z,7.03,https://valuetainment.com/?utm_medium=ppc&utm_campaign=ceo_bootcamp_prosp&utm_source=tik_tok,634.88
312018,1014,5459,google,04/04/2026 01:43,12.01,https://valuetainment.com/?utm_medium=CPC&utm_source=META&utm_campaign=brand_pr,237.2
789991,1013,5759,Google,05/26/2026 23:21,12.15,https://valuetainment.com/?utm_medium=cpc&utm_source=Google&utm_campaign= pat_lib_bundle ,331.81
280121,1013,5459,google,05/20/2026 03:56,7.8,https://valuetainment.com/?utm_campaign=patlibbundle&utm_source=Google,
736408,1009,5759,Meta,04/11/2026 04:41,9.46,https://valuetainment.com/?utm_medium=cpc&utm_campaign=leadership--101--ev!!&utm_source=google,
823180,1003,5759,google,2026-04-24T16:10:09Z,9.36,https://valuetainment.com/?utm_campaign=VT_SUMMIT_EARLYBIRD&utm_source=META&utm_medium=ppc,293.58
842510,1003,5558,META ,02/05/2026 04:58,4.67,https://valuetainment.com/?utm_campaign=vtsummitearlybird&utm_medium=paid&utm_source=facebook,379.88
288269,1013,5429,META ,2026-02-08T02:30:55Z,1.05,https://valuetainment.com/?utm_campaign=pat--lib--bundle!!&utm_medium=CPC&utm_source=google,486.95
978861,1005,5558,Meta,2026-04-08 15:38:11,3.55,https://valuetainment.com/?utm_medium=paid&utm_campaign=pbd retarget warm,
544466,1009,5603,tiktok,01/01/2026 22:54,11.45,https://valuetainment.com/?utm_source=facebook&utm_campaign= leadership_101_ev &utm_medium=ppc,237.61
898898,1003,5604,meta,2026-01-21 11:36:15,9.68,https://valuetainment.com/?utm_source=tik_tok&utm_campaign=vt--summit--earlybird!!,271.27
168533,1013,5250,META,2026-02-16 12:39:03,0.55,https://valuetainment.com/?utm_campaign=patlibbundle&utm_source=META,42.2
777192,1001,5223,meta,05/25/2026 20:31,3.62,https://valuetainment.com/?utm_medium=Paid_Social&utm_source=Google&utm_campaign=pbd_pod_,680.1
674016,1015,5890,Google,2026-06-07T05:14:29Z,0.6,https://valuetainment.com/?utm_campaign=pbd--yt--remarketing!!&utm_source=meta&utm_medium=CPC,351.91
815411,1014,5517,meta,2026-03-02 22:09:25,7.9,https://valuetainment.com/?utm_medium=CPC&utm_campaign=brand--protein--q2!!,555.28
105543,1007,5913,google,2026-05-01 15:39:51,10.99,https://valuetainment.com/?utm_campaign=vtsummitlastcall&utm_medium=cpc&utm_source=tik_tok,583.88
591018,1002,5616,google,2026-01-08T10:24:21Z,3.02,https://valuetainment.com/?utm_source=tiktok&utm_campaign=brand-gs-promo&utm_medium=paid,632.53
776838,1003,5228,google,2026-01-09 14:01:12,2.18,https://valuetainment.com/?utm_campaign=VT_SUMMIT_EARLYBIRD&utm_medium=cpc&utm_source=meta,174.71
715895,1001,5025,meta,2026-03-04T13:23:45Z,,https://valuetainment.com/?utm_campaign=pbd pod prosp q1&utm_medium=CPC,
132832,1004,5104,tik_tok,2026-03-31 15:40:44,,https://valuetainment.com/?utm_medium=Paid_Social&utm_campaign=salesmasterylnch&utm_source=tik_tok,72.83
887116,1004,5558,META ,2025-10-25T12:25:08Z,9.21,https://valuetainment.com/?utm_source=google&utm_campaign=sales_mastery_lnch,229.94
567404,1006,5616,google,11/03/2025 04:27,3.91,https://valuetainment.com/?utm_source=google&utm_medium=CPC&utm_campaign=ceo-bootcamp-prosp,463.98
472566,1007,5429,TikTok,2025-12-31T22:40:10Z,5.57,https://valuetainment.com/?utm_campaign=vt summit lastcall&utm_medium=ppc&utm_source=Google,
886171,1011,5114,meta,2026-03-05 21:46:19,10.12,https://valuetainment.com/?utm_medium=CPC&utm_campaign=consult dfy retgt,
122838,1002,5027,Meta,01/31/2026 05:14,3.62,https://valuetainment.com/?utm_campaign=brand--gs--promo!!&utm_source=META&utm_medium=paid,610.34
922670,1014,5095,meta,2026-01-05 14:19:28,5.1,https://valuetainment.com/?utm_campaign=br@nd_pr0tein_q2&utm_source=Google&utm_medium=cpc,581.51
584566,1002,5718,google,2025-10-10 00:16:38,8.11,https://valuetainment.com/?utm_medium=CPC&utm_campaign=brandgspromo,
385025,1009,5733,META ,01/28/2026 13:23,0.64,https://valuetainment.com/?utm_medium=cpc&utm_campaign=leadership--101--ev!!&utm_source=META,434.89
187984,1008,5603,meta,2026-01-04T05:04:14Z,6.48,https://valuetainment.com/?utm_medium=Paid_Social&utm_campaign=brand--fx--sponsor!!,113.89
513533,1012,5006,tik_tok,2025-12-13 18:20:15,4.98,https://valuetainment.com/?utm_medium=ppc&utm_campaign=VT_SUMMIT_VIP&utm_source=facebook,
788801,1009,5228,Meta,2026-06-06T17:36:25Z,3.09,https://valuetainment.com/?utm_medium=Paid_Social&utm_campaign=leadership101ev&utm_source=META,326.4
186924,1007,5030,META,2026-01-26 15:31:16,6.16,https://valuetainment.com/?utm_source=META&utm_campaign=vt-summit-lastcall&utm_medium=cpc,663.3
692487,1003,5913,Meta,01/23/2026 12:58,3.17,https://valuetainment.com/?utm_source=TikTok&utm_campaign=vt_summi,
179765,1010,5223,TIKTOK,2025-11-11T07:25:12Z,5.98,https://valuetainment.com/?utm_source=google&utm_campaign=pbd_cold,
362496,1011,5223,tiktok,2026-02-28 07:47:45,,https://valuetainment.com/?utm_source=meta&utm_campaign= consult_dfy_retgt ,738.74
162200,1007,5558,Google,05/31/2026 22:34,4.52,https://valuetainment.com/?utm_source=facebook&utm_campaign= vt_summit_lastcall &utm_medium=cpc,
757774,1012,5032,TikTok,2025-11-27 23:16:32,1.99,https://valuetainment.com/?utm_campaign=vt--summit--vip!!&utm_source=META&utm_medium=paid,782.94
637795,1002,5228,meta,2025-10-09T13:40:03Z,,https://valuetainment.com/?utm_medium=cpc&utm_campaign=brand_gs&utm_source=TikTok,657.37
283489,1003,5104,Google,12/14/2025 19:12,3.87,https://valuetainment.com/?utm_source=Google&utm_medium=ppc&utm_campaign=vt_summit_earlybird,376.83
284160,1014,5558,meta,2026-06-08 17:54:53,10.5,https://valuetainment.com/?utm_campaign=brand--protein--q2!!&utm_medium=Paid_Social&utm_source=META,383.29
429221,1005,5006,tik_tok,2026-05-14T09:36:57Z,5.76,https://valuetainment.com/?utm_medium=Paid_Social&utm_campaign=Pbd_retarget_warm&utm_source=META,415.55
357836,1012,5890,TikTok,11/17/2025 09:27,11.91,https://valuetainment.com/?utm_source=facebook&utm_medium=Paid_Social&utm_campaign=vt_summit_vip,246.43
518233,1002,5114,Meta,12/03/2025 06:43,3.34,https://valuetainment.com/?utm_source=Google&utm_medium=Paid_Social&utm_campaign=brand-gs-promo,319.13
903650,1006,5777,Meta,2026-05-10T18:11:03Z,1.69,https://valuetainment.com/?utm_source=tiktok&utm_medium=paid&utm_campaign=ceo-bootcamp-prosp,
870678,1005,5558,Meta,11/29/2025 19:36,1.27,https://valuetainment.com/?utm_campaign=pbd retarget warm&utm_medium=Paid_Social&utm_source=META,482.97
384608,1013,5665,google,2026-05-29T15:46:32Z,2.19,https://valuetainment.com/?utm_campaign= pat_lib_bundle &utm_medium=ppc&utm_source=TikTok,144.74
498297,1010,5828,meta,2026-05-12T14:02:58Z,4.09,https://valuetainment.com/?utm_medium=cpc&utm_campaign=pbd-cold-scale,150.6
211278,1012,5225,google,2026-03-19 16:56:36,12.49,https://valuetainment.com/?utm_medium=cpc&utm_campaign=vt_summi&utm_source=tik_tok,237.56
170360,1002,5616,google,2026-01-23T17:17:32Z,9.0,https://valuetainment.com/?utm_medium=CPC&utm_source=tiktok&utm_campaign=brand-gs-promo,
761183,1007,5142,TikTok,11/06/2025 06:51,1.02,https://valuetainment.com/?utm_source=google&utm_campaign=VT_SUMMIT_LASTCALL,558.72
642277,1003,5250,tiktok,2026-01-24T18:10:18Z,1.59,https://valuetainment.com/?utm_campaign=VT_SUMMIT_EARLYBIRD&utm_medium=paid&utm_source=Google,
907940,1015,5025,meta,2026-02-14T14:58:01Z,1.3,https://valuetainment.com/?utm_source=tik_tok&utm_campaign=pbdytremarketing,
524542,1015,5616,meta,01/29/2026 01:43,10.59,https://valuetainment.com/?utm_source=TikTok&utm_medium=paid&utm_campaign=pbd_yt_rem@rketing,207.01
638362,1004,5692,meta,2026-01-01T17:48:50Z,6.72,https://valuetainment.com/?utm_campaign=sales--mastery--lnch!!&utm_source=Google&utm_medium=CPC,391.69
787984,1011,5604,meta,2026-01-14T02:01:33Z,5.33,https://valuetainment.com/?utm_medium=CPC&utm_campaign=consult_,
983472,1003,5558,Google,03/27/2026 02:19,1.27,https://valuetainment.com/?utm_medium=cpc&utm_source=TikTok&utm_campaign=vt--summit--earlybird!!,
846087,1005,5558,tiktok,2026-05-01T18:23:10Z,12.39,https://valuetainment.com/?utm_campaign=Pbd_retarget_warm&utm_source=meta&utm_medium=cpc,68.06
589824,1012,5517,TikTok,05/06/2026 19:32,12.44,https://valuetainment.com/?utm_medium=Paid_Social&utm_campaign=VT_SUMMIT_VIP&utm_source=TikTok,32.63
397886,1004,5733,Google,04/19/2026 19:56,12.13,https://valuetainment.com/?utm_source=Google&utm_medium=cpc&utm_campaign=s@les_m@stery_lnch,710.07
114575,1007,5603,tik_tok,2026-02-12 00:11:53,11.43,https://valuetainment.com/?utm_campaign= vt_summit_lastcall ,571.33
661652,1014,5429,Google,05/25/2026 11:56,11.03,https://valuetainment.com/?utm_source=META&utm_campaign=brand_pr&utm_medium=cpc,
385693,1001,5032,meta,2025-10-30 17:17:02,10.25,https://valuetainment.com/?utm_medium=ppc&utm_source=tik_tok&utm_campaign=pbd_pod_prosp_q1,320.6
632261,1008,5089,meta,2025-10-22 11:57:37,4.67,https://valuetainment.com/?utm_campaign= brand_fx_sponsor &utm_medium=paid,625.23
560625,1001,5616,GOOGLE,04/16/2026 08:37,11.25,https://valuetainment.com/?utm_source=Google&utm_campaign=pbd-pod-prosp-q1&utm_medium=cpc,
969494,1015,5104,TIKTOK,2025-12-13T21:35:59Z,7.22,https://valuetainment.com/?utm_source=tiktok&utm_campaign=PBD_YT_REMARKETING&utm_medium=CPC,78.6
485781,1015,5032,Meta,03/26/2026 23:44,9.04,https://valuetainment.com/?utm_campaign=Pbd_yt_remarketing&utm_source=meta&utm_medium=paid,
106945,1010,5558,META ,05/30/2026 01:02,6.97,https://valuetainment.com/?utm_source=Google&utm_medium=Paid_Social&utm_campaign=pbd--cold--scale!!,
226219,1008,5228,google,2026-01-21 10:06:34,2.8,https://valuetainment.com/?utm_source=facebook&utm_campaign=brand_fx,614.28
909375,1001,5238,google,2025-10-10 20:54:00,10.66,https://valuetainment.com/?utm_campaign=Pbd_pod_prosp_q1&utm_medium=ppc&utm_source=tiktok,780.19
789295,1011,5759,google,2026-05-23 15:13:32,11.23,https://valuetainment.com/?utm_medium=CPC&utm_campaign=Consult_dfy_retgt&utm_source=Google,203.69
516357,1004,5574,Google,2026-02-21T07:49:56Z,,https://valuetainment.com/?utm_source=META&utm_medium=CPC&utm_campaign=sales_ma,90.83
229489,1001,5654,meta,2026-06-08T00:08:51Z,11.02,https://valuetainment.com/?utm_source=facebook&utm_campaign=pbd--pod--prosp--q1!!&utm_medium=Paid_Social,
672660,1009,5616,tik_tok,2026-03-10 07:25:08,10.28,https://valuetainment.com/?utm_medium=paid&utm_source=facebook&utm_campaign=Leadership_101_ev,396.13
424022,1009,5089,Google,2026-03-03T21:11:16Z,0.87,https://valuetainment.com/?utm_campaign=Leadership_101_ev&utm_medium=ppc&utm_source=TikTok,151.68
527910,1005,5281,Google,2025-11-26 18:38:32,5.98,https://valuetainment.com/?utm_medium=Paid_Social&utm_campaign=Pbd_retarget_warm,
885408,1001,5281,TIKTOK,2025-10-16 15:13:58,12.5,https://valuetainment.com/?utm_medium=paid&utm_campaign=pbd_pod_prosp_q1&utm_source=google,
932036,1003,5558,tiktok,10/14/2025 21:38,8.74,https://valuetainment.com/?utm_campaign= vt_summit_earlybird &utm_medium=cpc&utm_source=facebook,
351919,1015,5228,tik_tok,2025-11-11 20:03:11,11.48,https://valuetainment.com/?utm_source=Google&utm_campaign= pbd_yt_remarketing &utm_medium=CPC,156.82
761779,1009,5281,google,2025-10-08 16:10:57,5.66,https://valuetainment.com/?utm_campaign=leadersh&utm_medium=CPC&utm_source=Google,
263183,1004,5223,Meta,04/24/2026 07:33,10.85,https://valuetainment.com/?utm_source=meta&utm_medium=ppc&utm_campaign=SALES_MASTERY_LNCH,295.77
801881,1009,5913,meta,2025-12-08T12:40:44Z,8.53,https://valuetainment.com/?utm_campaign=leadership 101 ev&utm_source=Google,
644103,1006,5284,Meta,2025-11-18T14:40:18Z,10.64,https://valuetainment.com/?utm_medium=CPC&utm_campaign=CEO_BOOTCAMP_PROSP,
171603,1008,5517,Google,10/29/2025 19:30,8.06,https://valuetainment.com/?utm_source=TikTok&utm_medium=Paid_Social&utm_campaign=brand_fx_sponsor,473.14
945718,1014,5692,Meta,2026-05-08T22:49:55Z,8.69,https://valuetainment.com/?utm_campaign=brand--protein--q2!!&utm_source=META,112.3
434808,1010,5142,META ,05/15/2026 03:21,9.59,https://valuetainment.com/?utm_medium=CPC&utm_campaign=pbd-cold-scale&utm_source=TikTok,166.65
673409,1002,5692,Google,05/02/2026 04:05,,https://valuetainment.com/?utm_campaign=Brand_gs_promo,410.56
727794,1005,5574,Google,2026-04-16 17:31:41,10.09,https://valuetainment.com/?utm_medium=CPC&utm_campaign= pbd_retarget_warm &utm_source=Google,492.3
234278,1012,5203,tiktok,2025-12-31 05:03:15,6.28,https://valuetainment.com/?utm_source=Google&utm_medium=CPC&utm_campaign=Vt_summit_vip,391.34
854701,1001,5095,google,04/26/2026 08:40,3.32,https://valuetainment.com/?utm_source=facebook&utm_medium=cpc&utm_campaign=pbd_p0d_pr0sp_q1,634.19
596585,1005,5777,google,2026-06-09T20:22:24Z,1.33,https://valuetainment.com/?utm_medium=CPC&utm_source=Google&utm_campaign=pbd_reta,
346260,1013,5828,meta,2026-06-08 12:18:02,6.08,https://valuetainment.com/?utm_campaign=pat--lib--bundle!!&utm_medium=Paid_Social&utm_source=google,40.92
712555,1014,5616,meta,2026-01-26 17:38:48,,https://valuetainment.com/?utm_campaign=brand protein q2,
682504,1014,5890,META ,03/01/2026 15:28,10.15,https://valuetainment.com/?utm_campaign=BRAND_PROTEIN_Q2,
793856,1007,5104,Google,2026-05-27 00:46:21,6.26,https://valuetainment.com/?utm_campaign=Vt_summit_lastcall&utm_source=META&utm_medium=cpc,513.12
540460,1013,5025,tik_tok,10/29/2025 07:18,1.2,https://valuetainment.com/?utm_source=facebook&utm_campaign=pat-lib-bundle&utm_medium=CPC,
432944,1014,5654,Google,2026-03-13 04:54:42,1.47,https://valuetainment.com/?utm_source=tik_tok&utm_medium=paid&utm_campaign=br@nd_pr0tein_q2,619.92
745912,1003,5777,Meta,01/12/2026 10:37,2.14,https://valuetainment.com/?utm_source=google&utm_medium=CPC&utm_campaign=vt_summit_e@rlybird,
375834,1008,5142,META ,2025-10-31T16:57:30Z,2.1,https://valuetainment.com/?utm_source=meta&utm_medium=paid&utm_campaign=br@nd_fx_sp0ns0r,
440014,1004,5104,google,2025-12-29T23:48:58Z,7.46,https://valuetainment.com/?utm_source=tik_tok&utm_campaign=s@les_m@stery_lnch,602.32
177464,1007,5517,tik_tok,2026-02-08 05:32:38,8.21,https://valuetainment.com/?utm_medium=paid&utm_campaign=vt-summit-lastcall&utm_source=Google,222.0
234370,1008,5203,google,2025-12-23T12:26:16Z,7.54,https://valuetainment.com/?utm_source=tiktok&utm_medium=cpc&utm_campaign=brandfxsponsor,765.85
555069,1013,5142,TIKTOK,06/04/2026 02:50,7.11,https://valuetainment.com/?utm_campaign=pat lib bundle&utm_source=tiktok,
498756,1007,5095,TIKTOK,2026-04-21 08:00:14,6.91,https://valuetainment.com/?utm_medium=paid&utm_source=Google&utm_campaign=vt-summit-lastcall,364.27
468503,1013,5142,Google,2026-02-22 09:26:28,8.18,https://valuetainment.com/?utm_medium=ppc&utm_source=META&utm_campaign=pat--lib--bundle!!,47.2
476764,1005,5281,meta,2025-10-20 00:16:36,,https://valuetainment.com/?utm_source=facebook&utm_medium=Paid_Social&utm_campaign=Pbd_retarget_warm,
332108,1012,5890,Google,2025-10-15T18:31:32Z,8.18,https://valuetainment.com/?utm_medium=paid&utm_source=meta&utm_campaign=vtsummitvip,525.83
902598,1003,5095,google,2026-03-09T19:40:03Z,9.41,https://valuetainment.com/?utm_source=TikTok&utm_campaign=vt_summit_earlybird&utm_medium=CPC,558.85
408200,1013,5006,meta,01/14/2026 05:17,4.19,https://valuetainment.com/?utm_campaign=pat--lib--bundle!!&utm_medium=Paid_Social&utm_source=facebook,229.29
538535,1015,5665,TIKTOK,10/03/2025 13:14,10.43,https://valuetainment.com/?utm_campaign=Pbd_yt_remarketing&utm_medium=ppc&utm_source=tik_tok,58.15
800318,1002,5692,Google,2026-02-03 10:47:22,4.15,https://valuetainment.com/?utm_medium=paid&utm_campaign=brand_gs&utm_source=tik_tok,580.79
167556,1004,5284,meta,2025-10-20 07:36:54,4.83,https://valuetainment.com/?utm_campaign=sales mastery lnch&utm_source=facebook,12.26
312146,1007,5032,meta,02/17/2026 23:30,11.41,https://valuetainment.com/?utm_source=tiktok&utm_medium=cpc&utm_campaign=vt-summit-lastcall,241.49
288484,1008,5104,meta,06/01/2026 02:09,11.97,https://valuetainment.com/?utm_source=google&utm_campaign=br@nd_fx_sp0ns0r,
286391,1015,5238,tiktok,2025-11-16 21:43:02,8.27,https://valuetainment.com/?utm_medium=ppc&utm_source=tiktok&utm_campaign=Pbd_yt_remarketing,417.13
780614,1001,5095,Meta,2026-06-04T11:06:01Z,9.48,https://valuetainment.com/?utm_campaign=pbd_pod_&utm_medium=ppc,621.59
869040,1015,5030,META ,04/26/2026 22:44,10.52,https://valuetainment.com/?utm_medium=cpc&utm_source=meta&utm_campaign=pbd-yt-remarketing,
496739,1010,5027,TikTok,10/23/2025 13:04,11.84,https://valuetainment.com/?utm_medium=Paid_Social&utm_source=Google&utm_campaign=PBD_COLD_SCALE,175.3
976497,1002,5758,meta,12/05/2025 12:23,7.92,https://valuetainment.com/?utm_campaign=brand--gs--promo!!&utm_source=google&utm_medium=ppc,137.95
416181,1013,5104,meta,06/09/2026 15:17,9.93,https://valuetainment.com/?utm_medium=cpc&utm_source=META&utm_campaign=p@t_lib_bundle,146.93
884930,1012,5759,tik_tok,11/14/2025 19:58,11.82,https://valuetainment.com/?utm_medium=CPC&utm_source=META&utm_campaign=vt summit vip,
928840,1012,5616,GOOGLE,05/16/2026 16:03,2.93,https://valuetainment.com/?utm_campaign=vt_summit_vip&utm_source=META&utm_medium=ppc,725.05
703304,1009,5777,meta,2026-05-01T00:32:40Z,6.69,https://valuetainment.com/?utm_medium=cpc&utm_campaign=leadersh&utm_source=TikTok,249.79
471007,1013,5284,meta,2026-02-27T10:17:15Z,1.59,https://valuetainment.com/?utm_campaign= pat_lib_bundle &utm_source=meta,728.98
220962,1013,5758,META,2026-05-23T02:19:39Z,,https://valuetainment.com/?utm_medium=paid&utm_campaign=pat-lib-bundle&utm_source=TikTok,269.43
698401,1015,5828,TIKTOK,2026-02-16 19:51:55,12.32,https://valuetainment.com/?utm_medium=Paid_Social&utm_source=google&utm_campaign=pbd_yt_rem@rketing,
289624,1004,5114,meta,11/02/2025 15:44,7.18,https://valuetainment.com/?utm_campaign=sales_ma&utm_source=TikTok&utm_medium=ppc,189.39
837487,1014,5603,Google,2025-10-22 02:33:09,1.33,https://valuetainment.com/?utm_medium=ppc&utm_campaign=brand protein q2,128.43
166246,1008,5228,TIKTOK,2025-10-01 10:50:52,5.3,https://valuetainment.com/?utm_medium=paid&utm_campaign=brand_fx_sponsor&utm_source=TikTok,423.69
378607,1004,5006,meta,04/04/2026 00:04,,https://valuetainment.com/?utm_medium=Paid_Social&utm_source=tiktok&utm_campaign=SALES_MASTERY_LNCH,785.36
242007,1013,5027,google,02/24/2026 14:31,12.24,https://valuetainment.com/?utm_campaign=pat-lib-bundle&utm_medium=cpc,336.29
248233,1013,5574,TIKTOK,02/26/2026 05:32,3.35,https://valuetainment.com/?utm_campaign=pat_lib_bundle&utm_source=google&utm_medium=ppc,85.24
132903,1001,5718,GOOGLE,2026-03-04T08:52:18Z,10.13,https://valuetainment.com/?utm_campaign=pbd-pod-prosp-q1&utm_source=TikTok&utm_medium=CPC,650.02
735988,1008,5203,Google,2025-11-25T10:10:24Z,10.9,https://valuetainment.com/?utm_medium=paid&utm_campaign=brand_fx,
694315,1011,5616,meta,2025-12-08 19:57:15,4.54,https://valuetainment.com/?utm_medium=ppc&utm_source=Google&utm_campaign=consult dfy retgt,
253143,1013,5754,TIKTOK,04/01/2026 04:25,3.91,https://valuetainment.com/?utm_source=facebook&utm_medium=ppc&utm_campaign=PAT_LIB_BUNDLE,556.86
165261,1011,5238,Google,2026-05-04T16:37:18Z,12.33,https://valuetainment.com/?utm_medium=cpc&utm_campaign=CONSULT_DFY_RETGT&utm_source=tik_tok,138.45
781121,1012,5913,Meta,10/13/2025 12:24,10.72,https://valuetainment.com/?utm_medium=cpc&utm_source=Google&utm_campaign=vt summit vip,110.01
390819,1002,5828,tiktok,2026-05-23T04:06:41Z,6.4,https://valuetainment.com/?utm_medium=paid&utm_source=meta&utm_campaign= brand_gs_promo ,527.87
309613,1001,5616,google,2025-10-02T23:20:18Z,12.16,https://valuetainment.com/?utm_medium=CPC&utm_campaign=pbd pod prosp q1&utm_source=META,
116209,1001,5006,Google,11/22/2025 21:24,11.46,https://valuetainment.com/?utm_medium=Paid_Social&utm_campaign=Pbd_pod_prosp_q1,
986552,1001,5574,google,2025-10-17 10:07:34,,https://valuetainment.com/?utm_medium=CPC&utm_source=Google&utm_campaign=pbd_pod_prosp_q1,82.02
485883,1003,5203,tiktok,12/20/2025 03:30,2.4,https://valuetainment.com/?utm_campaign=VT_SUMMIT_EARLYBIRD&utm_source=google&utm_medium=CPC,
896567,1013,5692,GOOGLE,02/05/2026 06:18,10.17,https://valuetainment.com/?utm_medium=paid&utm_source=META&utm_campaign=pat-lib-bundle,
430582,1011,5574,GOOGLE,2025-10-09T23:09:18Z,5.48,https://valuetainment.com/?utm_source=tik_tok&utm_campaign=CONSULT_DFY_RETGT,104.91
704413,1004,5828,meta,03/29/2026 08:01,,https://valuetainment.com/?utm_medium=paid&utm_campaign=sales_mastery_lnch&utm_source=tik_tok,
195385,1011,5027,Google,2026-04-17 13:59:30,0.72,https://valuetainment.com/?utm_medium=paid&utm_campaign=c0nsult_dfy_retgt&utm_source=TikTok,631.9
879238,1011,5203,GOOGLE,11/08/2025 10:56,6.96,https://valuetainment.com/?utm_source=tik_tok&utm_medium=ppc&utm_campaign=consult_,581.28
938116,1003,5223,GOOGLE,11/09/2025 12:40,3.43,https://valuetainment.com/?utm_source=Google&utm_medium=CPC&utm_campaign= vt_summit_earlybird ,709.53
997670,1005,5517,Meta,2025-11-19T21:37:59Z,11.99,https://valuetainment.com/?utm_campaign=PBD_RETARGET_WARM&utm_medium=ppc&utm_source=tik_tok,172.83
101121,1012,5142,tiktok,2026-02-08T09:56:30Z,4.64,https://valuetainment.com/?utm_campaign=vt_summi&utm_medium=ppc&utm_source=Google,454.66
139713,1007,5104,META,2026-04-11T00:40:19Z,5.4,https://valuetainment.com/?utm_campaign=vt-summit-lastcall&utm_source=META,139.67
787757,1014,5223,Meta,03/02/2026 12:14,10.89,https://valuetainment.com/?utm_campaign=brand protein q2&utm_source=Google&utm_medium=paid,
293132,1011,5558,META,2026-04-17 22:49:51,2.15,https://valuetainment.com/?utm_source=Google&utm_campaign=CONSULT_DFY_RETGT&utm_medium=cpc,
188501,1006,5203,TIKTOK,2026-02-26 19:22:30,7.63,https://valuetainment.com/?utm_source=TikTok&utm_campaign=ceo-bootcamp-prosp,670.09
357393,1003,5733,Google,2026-01-24T17:48:14Z,0.95,https://valuetainment.com/?utm_campaign=vt summit earlybird&utm_medium=Paid_Social&utm_source=TikTok,411.39
975302,1001,5718,Google,2026-05-02 21:18:40,9.67,https://valuetainment.com/?utm_medium=CPC&utm_source=tiktok&utm_campaign=pbd_pod_prosp_q1,675.62
351734,1006,5718,META ,2026-05-28T17:45:37Z,10.28,https://valuetainment.com/?utm_source=META&utm_campaign=ceo_boot,716.62
783576,1010,5754,TikTok,04/26/2026 18:01,6.69,https://valuetainment.com/?utm_medium=Paid_Social&utm_campaign= pbd_cold_scale &utm_source=TikTok,
745543,1012,5238,Meta,2026-01-29 13:19:11,9.26,https://valuetainment.com/?utm_medium=Paid_Social&utm_source=tik_tok&utm_campaign=vt-summit-vip,
201574,1010,5089,META,2026-05-05T12:29:58Z,10.84,https://valuetainment.com/?utm_source=meta&utm_medium=paid&utm_campaign= pbd_cold_scale ,278.39
882296,1001,5913,Google,2026-02-07T23:23:42Z,11.23,https://valuetainment.com/?utm_medium=paid&utm_campaign=pbd pod prosp q1&utm_source=tiktok,590.59
180253,1001,5228,META ,2026-04-18T02:04:44Z,0.91,https://valuetainment.com/?utm_campaign=pbd_pod_&utm_source=tiktok&utm_medium=cpc,579.05
279988,1011,5777,Google,2025-12-29 03:24:47,9.31,https://valuetainment.com/?utm_medium=Paid_Social&utm_campaign=consult-dfy-retgt&utm_source=google,75.25
689526,1006,5758,Google,2026-05-24 18:35:44,5.29,https://valuetainment.com/?utm_campaign=ceo-bootcamp-prosp&utm_medium=Paid_Social&utm_source=META,
525969,1008,5913,meta,11/07/2025 04:13,7.74,https://valuetainment.com/?utm_campaign=brand-fx-sponsor&utm_medium=CPC&utm_source=TikTok,645.14
108454,1001,5754,google,2025-10-28 12:10:03,10.3,https://valuetainment.com/?utm_source=meta&utm_medium=Paid_Social&utm_campaign=PBD_POD_PROSP_Q1,337.85
970793,1012,5759,TikTok,10/11/2025 10:48,4.71,https://valuetainment.com/?utm_medium=Paid_Social&utm_source=Google&utm_campaign=VT_SUMMIT_VIP,466.4
632029,1008,5284,meta,02/24/2026 23:05,11.56,https://valuetainment.com/?utm_source=Google&utm_campaign=brandfxsponsor&utm_medium=ppc,333.31
464519,1009,5665,META ,2025-10-05 22:36:32,10.88,https://valuetainment.com/?utm_campaign=leadership_101_ev&utm_medium=cpc&utm_source=google,
650081,1003,5616,Google,2026-02-09T03:15:57Z,4.37,https://valuetainment.com/?utm_medium=CPC&utm_source=tiktok&utm_campaign=vt_summit_e@rlybird,553.96
297377,1010,5758,google,2025-10-15 17:50:51,10.22,https://valuetainment.com/?utm_medium=cpc&utm_source=google&utm_campaign= pbd_cold_scale ,433.7
164989,1009,5558,tiktok,2025-10-18 21:30:23,6.59,https://valuetainment.com/?utm_source=meta&utm_medium=ppc&utm_campaign=leadership101ev,
355943,1004,5228,google,2025-12-01T05:50:46Z,,https://valuetainment.com/?utm_medium=Paid_Social&utm_source=META&utm_campaign=Sales_mastery_lnch,309.96
256992,1006,5114,GOOGLE,2025-12-03 18:29:51,3.78,https://valuetainment.com/?utm_campaign=CEO_BOOTCAMP_PROSP&utm_source=tiktok&utm_medium=paid,219.48
267188,1013,5517,meta,12/27/2025 21:18,5.16,https://valuetainment.com/?utm_medium=paid&utm_campaign=PAT_LIB_BUNDLE&utm_source=tik_tok,
960556,1013,5692,Google,2026-01-02T09:21:47Z,5.25,https://valuetainment.com/?utm_campaign=p@t_lib_bundle&utm_medium=Paid_Social,
601204,1014,5616,Google,2026-05-29 18:51:21,4.61,https://valuetainment.com/?utm_source=TikTok&utm_medium=Paid_Social&utm_campaign=BRAND_PROTEIN_Q2,126.15
827021,1011,5006,Meta,02/22/2026 19:03,8.38,https://valuetainment.com/?utm_source=meta&utm_medium=ppc&utm_campaign=c0nsult_dfy_retgt,774.98
779395,1008,5032,tik_tok,2025-10-23T05:45:26Z,4.12,https://valuetainment.com/?utm_campaign=brand--fx--sponsor!!&utm_source=Google,
948844,1003,5692,meta,05/19/2026 02:46,0.78,https://valuetainment.com/?utm_source=meta&utm_campaign=vt_summit_e@rlybird&utm_medium=cpc,580.1
408224,1003,5104,TikTok,03/10/2026 09:42,9.68,https://valuetainment.com/?utm_source=facebook&utm_campaign=vt_summi&utm_medium=CPC,384.59
380019,1013,5225,Meta,2026-06-01 03:07:39,2.24,https://valuetainment.com/?utm_medium=cpc&utm_source=META&utm_campaign=pat--lib--bundle!!,618.52
348237,1015,5114,Meta,02/07/2026 00:11,12.21,https://valuetainment.com/?utm_source=google&utm_campaign=pbd_yt_r,705.13
674240,1015,5223,tiktok,2026-05-25 08:16:32,5.96,https://valuetainment.com/?utm_medium=CPC&utm_campaign= pbd_yt_remarketing ,
415753,1007,5104,tiktok,04/06/2026 10:51,2.32,https://valuetainment.com/?utm_campaign=VT_SUMMIT_LASTCALL&utm_source=google&utm_medium=CPC,122.43
262272,1007,5777,meta,2026-04-17T10:11:44Z,11.8,https://valuetainment.com/?utm_source=TikTok&utm_campaign=vt summit lastcall,
698149,1009,5517,GOOGLE,2025-12-05 04:49:04,11.88,https://valuetainment.com/?utm_campaign=leadership101ev&utm_source=google&utm_medium=cpc,87.22
911338,1008,5459,google,2025-12-22T21:15:44Z,11.13,https://valuetainment.com/?utm_medium=ppc&utm_source=facebook&utm_campaign=BRAND_FX_SPONSOR,534.14
818439,1004,5432,Google,2026-06-05T11:44:50Z,0.8,https://valuetainment.com/?utm_campaign=Sales_mastery_lnch&utm_medium=cpc,42.34
110901,1014,5089,meta,2025-11-04 04:22:31,12.42,https://valuetainment.com/?utm_source=tiktok&utm_campaign=Brand_protein_q2,579.4
659583,1013,5228,Meta,2026-02-25T18:50:12Z,11.14,https://valuetainment.com/?utm_campaign= pat_lib_bundle &utm_source=TikTok&utm_medium=paid,644.03
119172,1009,5574,tiktok,2026-06-06T00:10:49Z,6.19,https://valuetainment.com/?utm_campaign=leadersh&utm_medium=Paid_Social&utm_source=tik_tok,
715490,1013,5027,META ,2025-10-08 15:48:45,3.27,https://valuetainment.com/?utm_campaign=pat_lib_bundle&utm_medium=ppc,145.3
728492,1004,5203,META,04/16/2026 04:27,11.05,https://valuetainment.com/?utm_campaign=sales_ma&utm_medium=cpc&utm_source=Google,221.0
101662,1005,5777,Google,2026-01-13T09:59:57Z,6.98,https://valuetainment.com/?utm_medium=Paid_Social&utm_campaign=Pbd_retarget_warm&utm_source=facebook,
745485,1001,5777,meta,2026-06-01T19:41:49Z,5.03,https://valuetainment.com/?utm_campaign= pbd_pod_prosp_q1 &utm_medium=Paid_Social&utm_source=TikTok,
726111,1008,5114,meta,2026-01-05T01:51:42Z,2.7,https://valuetainment.com/?utm_source=tiktok&utm_campaign=brand--fx--sponsor!!&utm_medium=CPC,366.39
988970,1014,5604,Meta,2025-11-29T20:43:08Z,5.38,https://valuetainment.com/?utm_campaign=BRAND_PROTEIN_Q2&utm_source=tik_tok&utm_medium=Paid_Social,506.67
509392,1007,5759,meta,2026-02-21 09:36:20,6.56,https://valuetainment.com/?utm_campaign=vt summit lastcall&utm_source=tiktok&utm_medium=ppc,478.31
323337,1007,5030,Meta,2026-03-28 01:42:30,4.38,https://valuetainment.com/?utm_medium=ppc&utm_source=facebook&utm_campaign=vt_summi,637.41
461642,1005,5616,meta,04/20/2026 20:26,9.16,https://valuetainment.com/?utm_source=facebook&utm_campaign=pbd--retarget--warm!!,701.78
327552,1002,5459,meta,2026-04-14 01:17:34,11.78,https://valuetainment.com/?utm_campaign=brand_gs_promo&utm_source=facebook,720.96
934739,1010,5104,tiktok,2026-03-29 20:27:46,7.52,https://valuetainment.com/?utm_source=meta&utm_campaign=pbdcoldscale,232.1
335435,1003,5203,meta,2026-05-24T03:05:53Z,,https://valuetainment.com/?utm_campaign= vt_summit_earlybird &utm_medium=Paid_Social&utm_source=google,
734886,1007,5758,meta,2026-03-26T02:16:15Z,10.75,https://valuetainment.com/?utm_campaign=vt_summit_lastcall&utm_medium=ppc&utm_source=Google,643.67
391707,1003,5281,Google,11/13/2025 09:05,5.51,https://valuetainment.com/?utm_source=tik_tok&utm_campaign= vt_summit_earlybird &utm_medium=paid,
950117,1002,5692,Google,2025-11-05T12:48:18Z,9.45,https://valuetainment.com/?utm_source=google&utm_campaign=BRAND_GS_PROMO,
818362,1001,5558,meta,2025-11-08 15:02:01,4.41,https://valuetainment.com/?utm_campaign=pbd-pod-prosp-q1&utm_source=Google,
488371,1006,5574,Google,12/23/2025 02:53,3.29,https://valuetainment.com/?utm_medium=Paid_Social&utm_source=google&utm_campaign=ceo_boot,393.49
766347,1013,5777,meta,2026-01-16 23:38:30,9.27,https://valuetainment.com/?utm_campaign=pat_lib_,
980671,1006,5718,google,03/18/2026 10:14,5.78,https://valuetainment.com/?utm_medium=paid&utm_campaign=ceo_bootcamp_prosp,480.37
654711,1004,5114,Meta,2026-04-19T18:54:19Z,6.52,https://valuetainment.com/?utm_source=google&utm_medium=Paid_Social&utm_campaign=sales-mastery-lnch,41.69
414527,1015,5616,Google,2025-12-27 02:05:00,9.03,https://valuetainment.com/?utm_source=META&utm_campaign=pbdytremarketing&utm_medium=paid,510.16
242217,1015,5281,META,04/25/2026 04:37,9.06,https://valuetainment.com/?utm_source=tik_tok&utm_medium=paid&utm_campaign=pbd yt remarketing,
249119,1003,5089,meta,10/18/2025 02:14,2.82,https://valuetainment.com/?utm_source=META&utm_campaign=vtsummitearlybird&utm_medium=cpc,220.61
584082,1007,5006,Meta,2026-03-06T08:26:42Z,,https://valuetainment.com/?utm_medium=Paid_Social&utm_source=tik_tok&utm_campaign= vt_summit_lastcall ,
852058,1015,5114,TikTok,2025-11-27T06:03:09Z,4.44,https://valuetainment.com/?utm_source=tik_tok&utm_campaign=pbd_yt_remarketing&utm_medium=ppc,707.67
475925,1011,5228,META ,2026-03-26T11:21:48Z,8.82,https://valuetainment.com/?utm_medium=paid&utm_source=facebook&utm_campaign=Consult_dfy_retgt,152.8
768159,1006,5574,google,04/14/2026 23:31,2.34,https://valuetainment.com/?utm_source=facebook&utm_campaign=ce0_b00tc@mp_pr0sp,582.15
314860,1015,5828,google,2025-10-17T02:43:43Z,12.48,https://valuetainment.com/?utm_campaign= pbd_yt_remarketing ,368.76
875795,1009,5432,META,2026-06-06T18:24:26Z,0.77,https://valuetainment.com/?utm_source=meta&utm_campaign=leadersh&utm_medium=Paid_Social,
116217,1011,5006,google,2025-10-21 14:44:39,2.02,https://valuetainment.com/?utm_medium=ppc&utm_campaign=c0nsult_dfy_retgt&utm_source=meta,798.44
781526,1015,5754,google,05/01/2026 18:26,5.36,https://valuetainment.com/?utm_campaign=pbd--yt--remarketing!!&utm_source=TikTok&utm_medium=cpc,
286255,1003,5758,tiktok,11/08/2025 04:26,0.49,https://valuetainment.com/?utm_source=tik_tok&utm_campaign=vt summit earlybird&utm_medium=ppc,610.35
281973,1015,5095,google,2026-05-14T02:36:49Z,3.82,https://valuetainment.com/?utm_medium=Paid_Social&utm_source=TikTok&utm_campaign=pbdytremarketing,
331314,1004,5284,meta,11/06/2025 18:03,7.86,https://valuetainment.com/?utm_campaign=sales mastery lnch&utm_medium=cpc&utm_source=META,641.94
953531,1008,5032,tik_tok,2026-03-16 09:56:29,10.45,https://valuetainment.com/?utm_medium=Paid_Social&utm_campaign= brand_fx_sponsor &utm_source=tik_tok,
176633,1013,5665,tik_tok,2025-11-29T02:39:22Z,5.64,https://valuetainment.com/?utm_campaign=pat-lib-bundle&utm_medium=CPC&utm_source=meta,
627683,1008,5759,TikTok,2026-01-19 08:22:42,10.6,https://valuetainment.com/?utm_campaign=BRAND_FX_SPONSOR&utm_source=google,254.48
804737,1003,5284,Meta,2026-03-26T20:03:22Z,8.41,https://valuetainment.com/?utm_source=tiktok&utm_medium=ppc&utm_campaign=vt_summit_earlybird,457.83
302273,1009,5250,tiktok,2026-02-01T17:41:49Z,3.66,https://valuetainment.com/?utm_medium=cpc&utm_source=facebook&utm_campaign=leadership-101-ev,735.02
430378,1010,5228,meta,2025-11-06T17:30:06Z,1.92,https://valuetainment.com/?utm_source=TikTok&utm_campaign=Pbd_cold_scale&utm_medium=ppc,645.36
363592,1007,5759,Google,2025-12-08 07:23:28,10.15,https://valuetainment.com/?utm_medium=cpc&utm_source=TikTok&utm_campaign=Vt_summit_lastcall,34.65
256147,1014,5754,tiktok,2026-04-03 11:21:09,,https://valuetainment.com/?utm_campaign=brand_pr&utm_source=facebook&utm_medium=cpc,419.69
573016,1004,5032,TIKTOK,02/04/2026 09:51,12.26,https://valuetainment.com/?utm_source=Google&utm_campaign=Sales_mastery_lnch&utm_medium=cpc,
111466,1010,5913,Google,10/02/2025 17:43,4.3,https://valuetainment.com/?utm_campaign=pbd cold scale&utm_source=META&utm_medium=Paid_Social,
202362,1012,5758,Meta,2025-12-10 01:51:06,,https://valuetainment.com/?utm_medium=CPC&utm_campaign=vtsummitvip,406.11
918433,1014,5718,meta,04/21/2026 19:22,10.45,https://valuetainment.com/?utm_campaign=br@nd_pr0tein_q2&utm_medium=paid,607.6
668756,1004,5228,tik_tok,01/15/2026 13:21,6.73,https://valuetainment.com/?utm_campaign=sales--mastery--lnch!!&utm_source=tik_tok,731.13
800151,1001,5281,meta,11/15/2025 08:30,5.68,https://valuetainment.com/?utm_medium=ppc&utm_source=google&utm_campaign=PBD_POD_PROSP_Q1,708.19
306308,1006,5089,Meta,04/21/2026 20:04,7.11,https://valuetainment.com/?utm_medium=ppc&utm_source=tiktok&utm_campaign= ceo_bootcamp_prosp ,707.87
455412,1003,5692,meta,2025-11-24 23:50:15,6.2,https://valuetainment.com/?utm_campaign=Vt_summit_earlybird&utm_source=Google&utm_medium=ppc,189.6
157349,1002,5006,meta,2026-01-21T20:22:23Z,12.33,https://valuetainment.com/?utm_medium=Paid_Social&utm_source=tiktok&utm_campaign=brand_gs_promo,
595155,1005,5225,meta,2026-04-03 03:15:28,5.43,https://valuetainment.com/?utm_medium=CPC&utm_campaign=PBD_RETARGET_WARM,767.47
856981,1012,5228,Meta,2026-03-14 18:54:07,9.45,https://valuetainment.com/?utm_source=Google&utm_medium=ppc&utm_campaign=Vt_summit_vip,205.86
753999,1011,5104,META,01/26/2026 20:20,,https://valuetainment.com/?utm_campaign=consult dfy retgt&utm_medium=Paid_Social&utm_source=tik_tok,350.64
842749,1005,5281,meta,2026-03-09 08:58:37,4.2,https://valuetainment.com/?utm_source=TikTok&utm_medium=paid&utm_campaign=pbd-retarget-warm,490.49
111429,1006,5228,tiktok,11/03/2025 15:35,5.16,https://valuetainment.com/?utm_campaign=ceo--bootcamp--prosp!!&utm_medium=Paid_Social&utm_source=META,
360722,1006,5665,google,2025-10-23 20:02:39,,https://valuetainment.com/?utm_medium=ppc&utm_source=tik_tok&utm_campaign=ceo--bootcamp--prosp!!,213.01
135507,1015,5228,Google,01/11/2026 17:07,11.89,https://valuetainment.com/?utm_campaign=Pbd_yt_remarketing&utm_source=facebook&utm_medium=Paid_Social,495.29
998960,1013,5114,GOOGLE,04/12/2026 03:51,7.68,https://valuetainment.com/?utm_source=tik_tok&utm_campaign=pat lib bundle&utm_medium=CPC,544.6
556592,1014,5654,meta,2026-05-15 08:32:51,6.91,https://valuetainment.com/?utm_medium=ppc&utm_campaign=brand_pr&utm_source=tiktok,238.36
953370,1007,5114,GOOGLE,2025-11-07 08:42:21,9.97,https://valuetainment.com/?utm_campaign=vt_summit_lastcall&utm_source=META&utm_medium=cpc,
175124,1004,5142,tiktok,03/10/2026 14:51,5.63,https://valuetainment.com/?utm_campaign=salesmasterylnch&utm_source=tiktok&utm_medium=CPC,460.81
812559,1011,5025,meta,2026-05-01 21:39:54,2.01,https://valuetainment.com/?utm_source=Google&utm_campaign= consult_dfy_retgt &utm_medium=Paid_Social,
181470,1004,5030,Google,2026-01-04 12:40:21,10.64,https://valuetainment.com/?utm_campaign=sales-mastery-lnch&utm_medium=paid&utm_source=tiktok,368.71
136299,1013,5142,meta,2026-04-16T15:47:39Z,11.18,https://valuetainment.com/?utm_source=Google&utm_campaign=pat_lib_&utm_medium=paid,
910891,1012,5759,Meta,2026-05-24 16:34:17,,https://valuetainment.com/?utm_campaign=vt--summit--vip!!&utm_medium=paid&utm_source=tik_tok,399.07
439320,1008,5032,META,2026-01-26T06:20:21Z,0.53,https://valuetainment.com/?utm_campaign=brand_fx&utm_source=facebook,357.39
488446,1001,5616,meta,2025-11-15 11:08:14,12.04,https://valuetainment.com/?utm_source=META&utm_campaign=pbd_pod_&utm_medium=CPC,255.68
710658,1009,5733,google,2025-11-01 19:48:10,9.83,https://valuetainment.com/?utm_source=tik_tok&utm_campaign=leadership-101-ev&utm_medium=cpc,117.24
996867,1015,5759,Meta,2025-12-12T05:36:05Z,11.36,https://valuetainment.com/?utm_source=tik_tok&utm_medium=ppc&utm_campaign=pbd-yt-remarketing,
734907,1004,5828,Google,05/27/2026 23:20,4.9,https://valuetainment.com/?utm_campaign= sales_mastery_lnch &utm_source=META&utm_medium=ppc,
596016,1013,5429,Meta,03/27/2026 21:36,11.27,https://valuetainment.com/?utm_source=facebook&utm_medium=paid&utm_campaign=Pat_lib_bundle,426.13
749886,1014,5758,META,2026-01-07T12:15:43Z,9.25,https://valuetainment.com/?utm_campaign=brand--protein--q2!!&utm_source=Google&utm_medium=CPC,653.73
325265,1005,5890,META,10/14/2025 01:27,1.39,https://valuetainment.com/?utm_campaign=pbd-retarget-warm&utm_source=tiktok,
273451,1014,5432,Meta,2026-01-26T00:10:39Z,4.22,https://valuetainment.com/?utm_campaign=brandproteinq2&utm_medium=ppc&utm_source=Google,331.58
983238,1011,5758,google,02/24/2026 15:40,11.4,https://valuetainment.com/?utm_campaign=Consult_dfy_retgt&utm_medium=CPC&utm_source=Google,171.98
229339,1003,5203,META ,2025-10-05 16:30:56,6.42,https://valuetainment.com/?utm_source=meta&utm_medium=Paid_Social&utm_campaign=vt summit earlybird,
154843,1001,5459,meta,2026-01-22T01:54:08Z,5.83,https://valuetainment.com/?utm_campaign=PBD_POD_PROSP_Q1&utm_source=tiktok&utm_medium=cpc,647.44
795582,1014,5228,google,2026-03-14T15:11:55Z,4.84,https://valuetainment.com/?utm_source=Google&utm_medium=CPC&utm_campaign=brand protein q2,
388979,1007,5459,TIKTOK,06/08/2026 03:22,2.59,https://valuetainment.com/?utm_campaign=vt_summi&utm_source=TikTok,607.96
256826,1014,5603,Google,2025-11-15 15:19:56,2.59,https://valuetainment.com/?utm_medium=Paid_Social&utm_campaign= brand_protein_q2 &utm_source=META,479.85
775559,1005,5114,META,2026-02-15 14:23:39,,https://valuetainment.com/?utm_medium=ppc&utm_campaign=pbd--retarget--warm!!&utm_source=tiktok,135.32
358087,1013,5558,Meta,2025-11-27 14:48:08,9.12,https://valuetainment.com/?utm_medium=paid&utm_campaign=patlibbundle&utm_source=TikTok,281.8
711150,1012,5250,Meta,2025-12-08 21:40:04,9.39,https://valuetainment.com/?utm_campaign=vtsummitvip&utm_medium=CPC&utm_source=facebook,
754494,1012,5032,meta,2026-05-02T22:04:09Z,3.67,https://valuetainment.com/?utm_source=tiktok&utm_campaign= vt_summit_vip ,
271069,1014,5603,tiktok,2026-01-12T20:52:35Z,6.22,https://valuetainment.com/?utm_medium=ppc&utm_source=meta&utm_campaign=brand_protein_q2,
626781,1005,5558,GOOGLE,12/23/2025 18:31,1.94,https://valuetainment.com/?utm_source=tik_tok&utm_campaign=pbd_retarget_warm&utm_medium=CPC,565.22
644176,1010,5228,Google,2026-06-07 14:11:27,8.49,https://valuetainment.com/?utm_source=meta&utm_medium=ppc&utm_campaign=PBD_COLD_SCALE,
913755,1008,5228,META ,2026-03-06T02:19:32Z,5.15,https://valuetainment.com/?utm_campaign=brand fx sponsor&utm_source=Google,309.67
216890,1001,5654,Meta,2025-11-11T08:26:40Z,9.68,https://valuetainment.com/?utm_campaign=pbd_pod_&utm_source=tiktok,
368562,1005,5228,tiktok,2025-12-16T21:51:52Z,11.69,https://valuetainment.com/?utm_campaign=pbdretargetwarm&utm_medium=ppc&utm_source=meta,
864916,1014,5574,google,2025-10-03T14:42:34Z,9.91,https://valuetainment.com/?utm_source=tik_tok&utm_campaign=brandproteinq2,
679577,1005,5142,Google,12/31/2025 19:14,8.15,https://valuetainment.com/?utm_campaign=pbd retarget warm&utm_source=facebook&utm_medium=Paid_Social,722.53
262241,1011,5104,meta,04/10/2026 08:53,9.59,https://valuetainment.com/?utm_medium=Paid_Social&utm_source=TikTok&utm_campaign=consultdfyretgt,579.77
283607,1004,5777,google,2026-02-02 10:52:51,4.78,https://valuetainment.com/?utm_source=TikTok&utm_medium=cpc&utm_campaign=s@les_m@stery_lnch,192.85
462021,1012,5095,meta,2025-10-15T08:35:13Z,9.87,https://valuetainment.com/?utm_campaign=vt-summit-vip&utm_medium=CPC&utm_source=tik_tok,157.84
662761,1005,5718,Meta,2026-03-29 10:22:19,5.18,https://valuetainment.com/?utm_medium=CPC&utm_source=tiktok&utm_campaign=pbd_retarget_warm,195.45
208633,1006,5228,META,05/05/2026 00:46,3.01,https://valuetainment.com/?utm_source=Google&utm_medium=cpc&utm_campaign= ceo_bootcamp_prosp ,179.4
219049,1003,5095,GOOGLE,02/02/2026 14:41,11.78,https://valuetainment.com/?utm_source=Google&utm_medium=cpc&utm_campaign=vtsummitearlybird,
285710,1002,5281,meta,2025-10-06T05:20:13Z,2.31,https://valuetainment.com/?utm_campaign=brand-gs-promo&utm_medium=CPC&utm_source=meta,623.1
563434,1008,5558,meta,2025-10-08 15:41:33,10.48,https://valuetainment.com/?utm_source=google&utm_campaign=BRAND_FX_SPONSOR&utm_medium=Paid_Social,298.62
516102,1001,5238,Google,2026-04-16T02:24:25Z,,https://valuetainment.com/?utm_campaign=Pbd_pod_prosp_q1&utm_source=Google&utm_medium=paid,635.88
611703,1002,5890,google,2025-10-04 01:05:22,,https://valuetainment.com/?utm_source=META&utm_campaign=brand gs promo,667.1
427541,1001,5604,meta,01/22/2026 00:24,10.58,https://valuetainment.com/?utm_medium=Paid_Social&utm_source=META&utm_campaign=pbd_p0d_pr0sp_q1,88.97
196366,1005,5758,meta,2025-11-24T17:24:24Z,7.59,https://valuetainment.com/?utm_medium=Paid_Social&utm_campaign=Pbd_retarget_warm&utm_source=tiktok,348.59
699166,1003,5228,TikTok,2026-01-13 20:06:28,7.39,https://valuetainment.com/?utm_medium=ppc&utm_source=tik_tok&utm_campaign=vt summit earlybird,
211005,1014,5095,tik_tok,2026-02-09 20:29:35,7.55,https://valuetainment.com/?utm_medium=CPC&utm_campaign=BRAND_PROTEIN_Q2&utm_source=META,316.61
638938,1013,5828,Google,2025-10-27 03:10:50,,https://valuetainment.com/?utm_campaign=pat--lib--bundle!!&utm_medium=Paid_Social&utm_source=tiktok,582.93
707863,1008,5718,Meta,2025-12-12 12:43:40,4.51,https://valuetainment.com/?utm_campaign=brand fx sponsor&utm_medium=ppc&utm_source=google,789.56
109958,1005,5828,tik_tok,2026-01-12 20:04:05,9.04,https://valuetainment.com/?utm_campaign=pbdretargetwarm&utm_source=tiktok,114.14
294213,1006,5758,tiktok,2026-02-27T09:56:41Z,9.08,https://valuetainment.com/?utm_campaign=ceo_boot&utm_medium=cpc&utm_source=tiktok,565.28
824049,1015,5828,Meta,2025-10-19 20:04:58,5.51,https://valuetainment.com/?utm_campaign=pbd--yt--remarketing!!&utm_source=tik_tok,224.49
631815,1014,5558,meta,05/03/2026 05:13,10.24,https://valuetainment.com/?utm_medium=ppc&utm_campaign=brand--protein--q2!!,615.36
336828,1012,5025,meta,03/07/2026 09:28,10.43,https://valuetainment.com/?utm_medium=Paid_Social&utm_campaign=vt--summit--vip!!,
850045,1014,5604,Meta,2026-05-31T02:41:18Z,11.0,https://valuetainment.com/?utm_medium=ppc&utm_campaign=brandproteinq2&utm_source=Google,
263482,1008,5032,google,01/04/2026 10:55,3.37,https://valuetainment.com/?utm_medium=paid&utm_source=meta&utm_campaign=brandfxsponsor,293.75
804219,1012,5890,Meta,05/07/2026 10:37,10.17,https://valuetainment.com/?utm_source=Google&utm_campaign=vt summit vip,397.47
288288,1001,5250,META,2026-04-13T20:47:16Z,3.65,https://valuetainment.com/?utm_medium=ppc&utm_source=meta&utm_campaign=pbd_pod_,
862195,1010,5654,meta,2026-04-11 00:38:16,11.13,https://valuetainment.com/?utm_source=facebook&utm_campaign= pbd_cold_scale &utm_medium=ppc,
303442,1007,5025,META,2026-05-15 12:46:24,9.83,https://valuetainment.com/?utm_source=META&utm_campaign=vt summit lastcall&utm_medium=paid,548.2
511110,1007,5238,Google,10/27/2025 03:37,10.13,https://valuetainment.com/?utm_source=tiktok&utm_medium=Paid_Social&utm_campaign=Vt_summit_lastcall,
386270,1007,5890,Google,2025-12-25T01:30:06Z,5.7,https://valuetainment.com/?utm_medium=CPC&utm_campaign=Vt_summit_lastcall&utm_source=Google,358.24
846209,1003,5777,TIKTOK,01/09/2026 12:24,10.26,https://valuetainment.com/?utm_source=tik_tok&utm_medium=ppc&utm_campaign= vt_summit_earlybird ,21.7
253806,1013,5203,GOOGLE,2026-05-02T02:48:28Z,10.37,https://valuetainment.com/?utm_medium=cpc&utm_source=tik_tok&utm_campaign=pat-lib-bundle,450.5
945236,1013,5754,META,2026-04-01T21:06:32Z,11.63,https://valuetainment.com/?utm_medium=Paid_Social&utm_campaign=pat_lib_bundle&utm_source=facebook,512.57
807684,1013,5718,META ,2025-11-10T16:22:09Z,,https://valuetainment.com/?utm_medium=paid&utm_source=TikTok&utm_campaign=Pat_lib_bundle,585.13
407504,1009,5089,google,2026-03-20 18:39:52,8.82,https://valuetainment.com/?utm_source=TikTok&utm_medium=cpc&utm_campaign=le@dership_101_ev,82.32
104296,1005,5142,Google,2026-02-05T04:16:41Z,3.03,https://valuetainment.com/?utm_campaign= pbd_retarget_warm &utm_medium=Paid_Social,
518795,1011,5718,Google,2026-02-27T15:56:12Z,8.48,https://valuetainment.com/?utm_campaign=consult_dfy_retgt&utm_source=facebook,297.47
643870,1014,5238,meta,2026-02-26 21:17:36,4.31,https://valuetainment.com/?utm_source=meta&utm_medium=ppc&utm_campaign=brand--protein--q2!!,339.09
244167,1010,5032,google,2026-03-11 04:34:08,8.84,https://valuetainment.com/?utm_source=tiktok&utm_medium=Paid_Social&utm_campaign=pbd_cold_scale,
965594,1010,5114,Google,2026-02-18T21:44:04Z,5.57,https://valuetainment.com/?utm_source=google&utm_medium=CPC&utm_campaign=pbd cold scale,545.74
835276,1004,5032,TikTok,06/09/2026 09:49,8.21,https://valuetainment.com/?utm_medium=cpc&utm_source=META&utm_campaign=salesmasterylnch,377.09
964406,1007,5238,Meta,2026-03-11 04:49:52,,https://valuetainment.com/?utm_campaign= vt_summit_lastcall &utm_source=TikTok,
127845,1011,5225,META,04/14/2026 20:18,8.62,https://valuetainment.com/?utm_medium=ppc&utm_campaign=consult_&utm_source=facebook,58.0
113329,1011,5032,meta,2026-01-20T15:26:50Z,11.85,https://valuetainment.com/?utm_medium=ppc&utm_source=META&utm_campaign= consult_dfy_retgt ,196.55
393065,1015,5284,google,03/08/2026 18:48,11.15,https://valuetainment.com/?utm_campaign=pbd yt remarketing&utm_medium=cpc,788.46
612256,1007,5758,Meta,2025-11-27 08:42:05,2.06,https://valuetainment.com/?utm_source=tiktok&utm_medium=CPC&utm_campaign=vtsummitlastcall,564.85
131020,1001,5025,TIKTOK,2025-11-16 19:18:16,10.91,https://valuetainment.com/?utm_campaign=pbd_pod_&utm_medium=ppc&utm_source=tiktok,204.17
855939,1007,5032,META,2025-10-12 15:14:54,1.42,https://valuetainment.com/?utm_medium=cpc&utm_campaign=vt_summit_lastcall&utm_source=facebook,368.72
636258,1002,5223,tik_tok,2025-11-18 14:14:24,,https://valuetainment.com/?utm_medium=Paid_Social&utm_campaign=brand_gs&utm_source=META,570.24
642347,1009,5754,tik_tok,2026-01-13T09:03:59Z,9.14,https://valuetainment.com/?utm_campaign=le@dership_101_ev&utm_source=facebook&utm_medium=cpc,
941022,1015,5759,TIKTOK,2026-04-17 16:18:07,2.63,https://valuetainment.com/?utm_campaign=pbd_yt_remarketing&utm_medium=CPC,
785810,1011,5281,meta,2026-04-22T21:31:40Z,12.33,https://valuetainment.com/?utm_medium=Paid_Social&utm_campaign=consult_dfy_retgt&utm_source=TikTok,
627377,1015,5032,meta,2025-10-25T23:58:19Z,6.34,https://valuetainment.com/?utm_campaign=Pbd_yt_remarketing&utm_source=Google,365.88
486996,1014,5281,META,2025-10-31 06:24:37,1.15,https://valuetainment.com/?utm_medium=ppc&utm_campaign=BRAND_PROTEIN_Q2&utm_source=meta,423.22
570726,1002,5238,tiktok,2026-02-02T06:09:13Z,9.16,https://valuetainment.com/?utm_source=TikTok&utm_campaign=brand gs promo&utm_medium=paid,
155660,1013,5228,tik_tok,2026-03-17T07:01:44Z,11.31,https://valuetainment.com/?utm_medium=Paid_Social&utm_campaign=pat lib bundle&utm_source=TikTok,
505903,1010,5913,meta,03/13/2026 00:48,2.27,https://valuetainment.com/?utm_campaign=pbd_cold_scale&utm_medium=cpc,
180951,1012,5828,meta,2026-05-20T03:57:24Z,10.0,https://valuetainment.com/?utm_source=facebook&utm_campaign= vt_summit_vip &utm_medium=CPC,
151721,1009,5025,Meta,12/02/2025 20:24,1.69,https://valuetainment.com/?utm_campaign=leadership 101 ev&utm_source=tiktok&utm_medium=CPC,459.44
436168,1005,5225,Meta,2026-05-12 22:22:58,1.88,https://valuetainment.com/?utm_source=facebook&utm_medium=CPC&utm_campaign=Pbd_retarget_warm,550.26
197955,1004,5030,meta,2025-12-17 20:35:22,11.55,https://valuetainment.com/?utm_campaign=sales-mastery-lnch,
240438,1004,5250,meta,04/04/2026 17:29,1.58,https://valuetainment.com/?utm_medium=Paid_Social&utm_source=tiktok&utm_campaign=s@les_m@stery_lnch,450.79
149175,1010,5223,meta,06/06/2026 03:55,10.46,https://valuetainment.com/?utm_source=tik_tok&utm_medium=Paid_Social&utm_campaign=pbd_cold_scale,407.2
285793,1007,5616,Meta,2026-03-22 15:45:50,10.23,https://valuetainment.com/?utm_campaign=vt_summi&utm_medium=paid&utm_source=facebook,99.81
834733,1012,5558,Google,2025-10-21 21:41:22,2.99,https://valuetainment.com/?utm_medium=Paid_Social&utm_campaign=VT_SUMMIT_VIP,76.44
272666,1013,5284,google,2025-11-01 04:45:20,,https://valuetainment.com/?utm_source=tik_tok&utm_medium=paid&utm_campaign=p@t_lib_bundle,205.67
678113,1013,5913,tiktok,2026-06-01 07:56:48,11.63,https://valuetainment.com/?utm_medium=Paid_Social&utm_campaign=pat lib bundle,726.27
735256,1002,5223,Google,2025-11-11T19:43:39Z,4.85,https://valuetainment.com/?utm_campaign=brand_gs_promo&utm_source=meta&utm_medium=cpc,69.79
103534,1009,5203,Google,2026-02-10 13:06:42,0.69,https://valuetainment.com/?utm_source=google&utm_medium=Paid_Social&utm_campaign=leadership-101-ev,615.75
550181,1002,5142,Google,2026-03-17 15:00:19,8.57,https://valuetainment.com/?utm_source=meta&utm_campaign=Brand_gs_promo,
216890,1001,5654,Meta,2025-11-11T08:26:40Z,9.68,https://valuetainment.com/?utm_campaign=pbd_pod_&utm_source=tiktok,
676566,1013,5228,google,02/22/2026 22:27,12.37,https://valuetainment.com/?utm_source=tiktok&utm_medium=ppc&utm_campaign=pat-lib-bundle,95.05
783082,1005,5754,Google,2026-05-29T17:39:14Z,9.83,https://valuetainment.com/?utm_campaign=pbdretargetwarm&utm_source=TikTok,
327575,1002,5558,META ,2026-01-02T23:33:07Z,6.59,https://valuetainment.com/?utm_campaign=br@nd_gs_pr0m0&utm_medium=cpc&utm_source=facebook,454.68
954393,1006,5654,Google,2026-03-04 22:45:58,9.86,https://valuetainment.com/?utm_medium=CPC&utm_source=tiktok&utm_campaign=CEO_BOOTCAMP_PROSP,
369581,1011,5692,META ,11/07/2025 21:44,11.37,https://valuetainment.com/?utm_medium=CPC&utm_campaign=Consult_dfy_retgt,
662976,1004,5114,META,2025-11-22T06:42:28Z,10.09,https://valuetainment.com/?utm_campaign= sales_mastery_lnch &utm_source=google,379.27
935703,1003,5089,google,2025-12-11T04:21:54Z,6.57,https://valuetainment.com/?utm_medium=paid&utm_campaign=vt_summi,
216613,1014,5025,META ,05/28/2026 11:41,7.01,https://valuetainment.com/?utm_source=tik_tok&utm_medium=Paid_Social&utm_campaign=brand-protein-q2,577.93
361829,1015,5203,meta,10/06/2025 15:42,3.32,https://valuetainment.com/?utm_medium=paid&utm_source=meta&utm_campaign=pbdytremarketing,
820547,1013,5574,Google,2026-05-14 11:11:07,4.58,https://valuetainment.com/?utm_campaign=pat_lib_bundle&utm_medium=cpc,
368354,1008,5284,Meta,2025-12-18T19:50:37Z,1.59,https://valuetainment.com/?utm_medium=Paid_Social&utm_campaign=BRAND_FX_SPONSOR&utm_source=meta,716.79
325365,1001,5604,Meta,2025-10-31 03:30:37,3.48,https://valuetainment.com/?utm_source=META&utm_medium=CPC&utm_campaign=pbd_pod_,638.58
741613,1014,5281,META ,2026-04-23 23:34:04,12.13,https://valuetainment.com/?utm_source=Google&utm_campaign=BRAND_PROTEIN_Q2&utm_medium=ppc,38.33
795941,1010,5890,tik_tok,2025-12-20T09:49:31Z,11.29,https://valuetainment.com/?utm_medium=Paid_Social&utm_source=META&utm_campaign=PBD_COLD_SCALE,
297447,1007,5759,GOOGLE,2025-10-19T02:43:43Z,0.49,https://valuetainment.com/?utm_campaign=vt-summit-lastcall&utm_source=tiktok,
490935,1009,5142,Meta,2026-03-14T16:34:24Z,9.03,https://valuetainment.com/?utm_source=meta&utm_medium=Paid_Social&utm_campaign=leadership-101-ev,777.42
936355,1015,5032,meta,2025-11-17 10:14:01,4.61,https://valuetainment.com/?utm_campaign=pbd_yt_r&utm_medium=cpc&utm_source=meta,
297377,1010,5758,google,2025-10-15 17:50:51,10.22,https://valuetainment.com/?utm_medium=cpc&utm_source=google&utm_campaign= pbd_cold_scale ,433.7
786642,1005,5142,meta,03/13/2026 16:17,2.04,https://valuetainment.com/?utm_medium=ppc&utm_campaign=pbd_retarget_warm&utm_source=google,419.92
165942,1013,5913,tiktok,2025-10-02 16:42:46,4.85,https://valuetainment.com/?utm_campaign=PAT_LIB_BUNDLE&utm_source=google&utm_medium=Paid_Social,
295262,1003,5025,google,10/06/2025 08:26,7.71,https://valuetainment.com/?utm_source=google&utm_campaign=VT_SUMMIT_EARLYBIRD&utm_medium=Paid_Social,
992136,1007,5025,meta,2025-12-24T00:21:33Z,10.23,https://valuetainment.com/?utm_campaign=vt-summit-lastcall&utm_medium=CPC&utm_source=facebook,
482252,1013,5032,tiktok,2026-04-22T14:04:07Z,6.42,https://valuetainment.com/?utm_campaign=patlibbundle&utm_medium=Paid_Social&utm_source=tiktok,4.45
763756,1011,5432,meta,2026-05-24 09:48:55,5.89,https://valuetainment.com/?utm_medium=ppc&utm_source=facebook&utm_campaign=c0nsult_dfy_retgt,
853185,1005,5718,meta,2026-05-01T10:51:29Z,3.27,https://valuetainment.com/?utm_medium=paid&utm_source=meta&utm_campaign=Pbd_retarget_warm,504.39
841856,1007,5654,Google,04/05/2026 17:54,3.94,https://valuetainment.com/?utm_campaign=vt_summi&utm_medium=paid&utm_source=tiktok,14.71
175469,1006,5754,google,2026-04-03 03:12:08,0.7,https://valuetainment.com/?utm_campaign=CEO_BOOTCAMP_PROSP&utm_source=META,212.67
872387,1012,5777,google,2026-02-20 00:59:39,4.32,https://valuetainment.com/?utm_source=meta&utm_medium=ppc&utm_campaign=vt summit vip,208.46
152505,1006,5238,tiktok,2026-01-24 00:15:58,8.72,https://valuetainment.com/?utm_campaign=ceo-bootcamp-prosp&utm_source=Google&utm_medium=ppc,
145474,1013,5223,meta,2026-02-23T08:45:57Z,3.74,https://valuetainment.com/?utm_source=META&utm_medium=ppc&utm_campaign=pat_lib_,
706366,1013,5032,META,2026-04-24T22:29:55Z,9.09,https://valuetainment.com/?utm_campaign=pat_lib_bundle&utm_medium=CPC&utm_source=facebook,73.85
334606,1007,5759,meta,2026-05-09 21:47:15,8.59,https://valuetainment.com/?utm_campaign=VT_SUMMIT_LASTCALL&utm_source=TikTok&utm_medium=paid,587.94
705909,1013,5665,meta,2025-10-07 18:39:54,5.22,https://valuetainment.com/?utm_campaign=patlibbundle&utm_source=TikTok,782.8
822081,1012,5238,meta,2026-04-09 03:28:10,7.46,https://valuetainment.com/?utm_campaign=vt_summit_vip&utm_medium=ppc&utm_source=TikTok,587.56
241647,1009,5089,Meta,2026-01-31 07:07:27,4.09,https://valuetainment.com/?utm_source=Google&utm_campaign=Leadership_101_ev,
283402,1001,5759,GOOGLE,2026-01-01 15:11:05,5.24,https://valuetainment.com/?utm_campaign=PBD_POD_PROSP_Q1&utm_medium=ppc&utm_source=Google,
742363,1007,5432,meta,2026-04-09T15:24:53Z,12.15,https://valuetainment.com/?utm_campaign=vt--summit--lastcall!!&utm_source=google&utm_medium=ppc,428.3
944714,1011,5604,Google,2026-05-05 08:37:54,7.01,https://valuetainment.com/?utm_medium=Paid_Social&utm_campaign=consult_dfy_retgt&utm_source=TikTok,48.6
732319,1002,5228,Google,2026-02-14 15:20:06,1.3,https://valuetainment.com/?utm_source=TikTok&utm_campaign=br@nd_gs_pr0m0&utm_medium=CPC,226.49
783735,1006,5828,Google,2025-12-28 10:04:20,3.64,https://valuetainment.com/?utm_campaign=ceobootcampprosp&utm_medium=cpc&utm_source=tiktok,759.7
176323,1014,5777,Meta,2026-02-05 22:29:41,,https://valuetainment.com/?utm_source=meta&utm_campaign= brand_protein_q2 &utm_medium=CPC,
436320,1012,5429,META,05/14/2026 20:21,2.4,https://valuetainment.com/?utm_medium=paid&utm_campaign=vtsummitvip,397.86
441327,1005,5089,meta,11/30/2025 02:43,5.38,https://valuetainment.com/?utm_source=tik_tok&utm_medium=paid&utm_campaign=PBD_RETARGET_WARM,295.75
631468,1008,5604,google,2025-12-14T00:59:41Z,6.42,https://valuetainment.com/?utm_campaign=brand fx sponsor&utm_medium=cpc&utm_source=tiktok,600.16
851062,1004,5104,Meta,10/02/2025 00:52,4.71,https://valuetainment.com/?utm_campaign=SALES_MASTERY_LNCH&utm_medium=paid&utm_source=facebook,435.81
212002,1003,5890,meta,2026-04-09T10:28:23Z,12.14,https://valuetainment.com/?utm_campaign=vt_summit_e@rlybird&utm_medium=CPC&utm_source=meta,203.44
294115,1010,5225,Meta,2025-12-26T12:27:48Z,7.79,https://valuetainment.com/?utm_source=tik_tok&utm_campaign=pbd_c0ld_sc@le&utm_medium=paid,
652916,1006,5089,google,01/10/2026 07:23,4.9,https://valuetainment.com/?utm_campaign=ceo--bootcamp--prosp!!&utm_medium=CPC,402.12
455784,1012,5603,google,11/24/2025 10:35,1.77,https://valuetainment.com/?utm_medium=paid&utm_source=Google&utm_campaign=vt--summit--vip!!,
990844,1001,5718,TikTok,11/29/2025 09:58,6.36,https://valuetainment.com/?utm_campaign=pbd_pod_&utm_medium=paid,289.75
141877,1004,5238,GOOGLE,01/16/2026 15:26,7.28,https://valuetainment.com/?utm_source=google&utm_medium=Paid_Social&utm_campaign=salesmasterylnch,
538782,1010,5027,google,2025-10-04T09:00:40Z,12.49,https://valuetainment.com/?utm_medium=cpc&utm_source=tik_tok&utm_campaign=pbd-cold-scale,65.07
612967,1013,5890,TIKTOK,2026-05-29T00:04:52Z,12.22,https://valuetainment.com/?utm_campaign=pat--lib--bundle!!&utm_medium=ppc&utm_source=google,16.58
123643,1004,5225,google,12/15/2025 12:24,10.69,https://valuetainment.com/?utm_campaign=sales_mastery_lnch&utm_medium=CPC,766.1
648454,1003,5095,GOOGLE,2025-11-29 02:30:02,8.13,https://valuetainment.com/?utm_campaign=VT_SUMMIT_EARLYBIRD,145.99
909676,1002,5104,META ,2026-06-04 04:23:04,10.07,https://valuetainment.com/?utm_campaign=br@nd_gs_pr0m0&utm_source=tik_tok,65.63
479798,1008,5114,meta,2025-11-16T06:56:07Z,8.62,https://valuetainment.com/?utm_source=tik_tok&utm_campaign=brand fx sponsor&utm_medium=Paid_Social,204.29
104483,1012,5225,google,2025-12-22T02:43:34Z,7.26,https://valuetainment.com/?utm_medium=CPC&utm_campaign=Vt_summit_vip&utm_source=tiktok,618.24
664495,1008,5225,Google,04/01/2026 12:01,3.53,https://valuetainment.com/?utm_source=tiktok&utm_medium=ppc&utm_campaign=brand_fx_sponsor,629.97
321575,1011,5228,google,2025-12-30T16:53:47Z,5.57,https://valuetainment.com/?utm_medium=Paid_Social&utm_campaign=consult--dfy--retgt!!&utm_source=facebook,694.51
835294,1012,5032,Google,03/01/2026 15:53,6.34,https://valuetainment.com/?utm_campaign=vt_summit_vip&utm_source=google&utm_medium=ppc,
484036,1014,5654,meta,2026-02-02 14:45:12,0.83,https://valuetainment.com/?utm_medium=CPC&utm_campaign=Brand_protein_q2&utm_source=tiktok,705.87
887769,1014,5665,tiktok,2026-01-04 15:46:40,5.63,https://valuetainment.com/?utm_campaign=brand protein q2&utm_source=tiktok,764.5
853768,1014,5890,meta,2026-06-07 16:08:39,5.89,https://valuetainment.com/?utm_campaign=brand--protein--q2!!&utm_medium=ppc,795.15
552917,1004,5250,google,2026-05-10T22:12:44Z,5.2,https://valuetainment.com/?utm_campaign=sales mastery lnch&utm_medium=cpc,
520557,1006,5604,meta,2026-02-26T04:40:36Z,10.72,https://valuetainment.com/?utm_source=tik_tok&utm_campaign=ce0_b00tc@mp_pr0sp&utm_medium=paid,388.09
278837,1010,5718,META,03/06/2026 14:29,,https://valuetainment.com/?utm_source=TikTok&utm_medium=Paid_Social&utm_campaign=pbd-cold-scale,371.96
850971,1009,5758,meta,2026-05-06T18:48:08Z,,https://valuetainment.com/?utm_source=TikTok&utm_campaign=LEADERSHIP_101_EV,377.66
608042,1003,5913,GOOGLE,2025-11-04T10:51:10Z,9.29,https://valuetainment.com/?utm_campaign=vt_summit_earlybird&utm_source=google,
135207,1010,5025,google,2026-03-20 11:25:47,8.55,https://valuetainment.com/?utm_source=google&utm_medium=ppc&utm_campaign=pbd_cold_scale,195.79
365431,1008,5281,google,11/18/2025 11:54,6.12,https://valuetainment.com/?utm_source=facebook&utm_medium=CPC&utm_campaign=brand_fx_sponsor,454.4
400820,1013,5104,Google,2026-04-10T22:16:48Z,1.87,https://valuetainment.com/?utm_medium=paid&utm_source=META&utm_campaign=pat--lib--bundle!!,404.02
711207,1002,5429,META,04/16/2026 17:34,5.68,https://valuetainment.com/?utm_campaign=brand_gs&utm_medium=cpc&utm_source=google,141.98
636087,1011,5517,Google,2026-04-06 20:51:11,,https://valuetainment.com/?utm_campaign=consult-dfy-retgt&utm_source=META&utm_medium=CPC,504.93
376066,1006,5025,meta,2025-12-11 17:24:00,9.4,https://valuetainment.com/?utm_campaign=Ceo_bootcamp_prosp&utm_source=META&utm_medium=cpc,
936932,1009,5225,Google,2025-10-06 20:19:38,7.2,https://valuetainment.com/?utm_campaign= leadership_101_ev &utm_source=META,
209902,1009,5225,META,2026-03-18T17:03:49Z,9.2,https://valuetainment.com/?utm_source=meta&utm_medium=cpc&utm_campaign= leadership_101_ev ,167.94
826871,1002,5603,Google,2025-11-20 00:10:25,10.81,https://valuetainment.com/?utm_source=TikTok&utm_campaign=Brand_gs_promo&utm_medium=ppc,197.52
966473,1014,5142,Google,2025-12-08T19:46:42Z,10.36,https://valuetainment.com/?utm_source=tiktok&utm_campaign=brand protein q2,
699596,1002,5733,meta,2026-01-06 02:01:16,12.38,https://valuetainment.com/?utm_medium=paid&utm_source=tiktok&utm_campaign=brand_gs,
316125,1011,5754,google,2026-05-17T16:23:57Z,6.57,https://valuetainment.com/?utm_source=tik_tok&utm_campaign=consultdfyretgt,228.14
334784,1003,5574,tiktok,2026-02-20 03:44:41,4.4,https://valuetainment.com/?utm_medium=CPC&utm_campaign=vt--summit--earlybird!!,
537256,1006,5223,GOOGLE,04/03/2026 22:23,11.83,https://valuetainment.com/?utm_source=tiktok&utm_campaign= ceo_bootcamp_prosp &utm_medium=ppc,728.12
391497,1003,5758,Meta,2026-05-14T22:02:04Z,2.99,https://valuetainment.com/?utm_medium=CPC&utm_source=TikTok&utm_campaign=vt-summit-earlybird,
423359,1001,5284,google,12/09/2025 22:23,3.29,https://valuetainment.com/?utm_source=TikTok&utm_campaign=PBD_POD_PROSP_Q1&utm_medium=paid,736.82
154086,1014,5027,TikTok,12/07/2025 11:09,7.41,https://valuetainment.com/?utm_campaign=brand-protein-q2&utm_medium=CPC,
763055,1003,5250,META,2026-03-17T16:48:28Z,6.62,https://valuetainment.com/?utm_campaign=vt_summit_earlybird&utm_medium=paid&utm_source=google,
236511,1014,5432,GOOGLE,2025-11-10 02:51:28,4.9,https://valuetainment.com/?utm_campaign=br@nd_pr0tein_q2&utm_source=facebook,534.39
301751,1006,5913,google,10/16/2025 02:52,7.92,https://valuetainment.com/?utm_source=META&utm_campaign=ceo_boot&utm_medium=CPC,
201426,1008,5616,GOOGLE,2026-05-06 04:22:29,3.98,https://valuetainment.com/?utm_source=Google&utm_campaign=br@nd_fx_sp0ns0r&utm_medium=cpc,565.81
194397,1002,5228,google,03/07/2026 13:18,7.26,https://valuetainment.com/?utm_medium=cpc&utm_source=meta&utm_campaign=Brand_gs_promo,461.01
607266,1015,5604,meta,2025-10-11T10:23:23Z,12.37,https://valuetainment.com/?utm_campaign=Pbd_yt_remarketing&utm_medium=CPC&utm_source=TikTok,
976162,1014,5104,META ,2026-02-25T19:54:02Z,11.46,https://valuetainment.com/?utm_medium=ppc&utm_source=meta&utm_campaign=brand_pr,
558250,1010,5225,META,2026-02-24 00:47:51,10.66,https://valuetainment.com/?utm_source=TikTok&utm_medium=CPC&utm_campaign=pbd_c0ld_sc@le,
635164,1005,5574,meta,01/30/2026 04:32,7.85,https://valuetainment.com/?utm_medium=paid&utm_campaign=Pbd_retarget_warm,
456371,1003,5228,meta,11/14/2025 23:26,8.6,https://valuetainment.com/?utm_campaign=vt_summit_e@rlybird&utm_medium=paid&utm_source=tiktok,37.38
377319,1015,5828,Google,12/15/2025 14:19,9.65,https://valuetainment.com/?utm_campaign=PBD_YT_REMARKETING&utm_source=Google&utm_medium=ppc,320.47
420349,1011,5228,meta,12/22/2025 21:13,9.55,https://valuetainment.com/?utm_source=META&utm_medium=cpc&utm_campaign= consult_dfy_retgt ,72.96
969082,1007,5758,Google,2026-01-06T08:44:45Z,9.7,https://valuetainment.com/?utm_campaign=vt-summit-lastcall&utm_medium=cpc&utm_source=META,188.66
466586,1002,5692,tik_tok,04/16/2026 13:46,10.91,https://valuetainment.com/?utm_medium=ppc&utm_source=google&utm_campaign= brand_gs_promo ,
816884,1007,5223,Meta,05/06/2026 01:14,3.77,https://valuetainment.com/?utm_medium=cpc&utm_campaign=vt_summit_l@stc@ll,5.05
564412,1004,5758,meta,2026-02-04 12:53:12,9.23,https://valuetainment.com/?utm_medium=paid&utm_campaign= sales_mastery_lnch &utm_source=META,524.32
378121,1014,5030,GOOGLE,10/18/2025 02:31,10.38,https://valuetainment.com/?utm_source=Google&utm_medium=cpc&utm_campaign=brand--protein--q2!!,357.69
453750,1004,5758,TikTok,2025-10-26T03:43:37Z,9.96,https://valuetainment.com/?utm_source=Google&utm_campaign= sales_mastery_lnch &utm_medium=ppc,691.2
183328,1010,5089,meta,2026-04-09T23:08:58Z,4.22,https://valuetainment.com/?utm_campaign=PBD_COLD_SCALE&utm_source=Google,494.77
153339,1003,5142,Google,2025-11-03T20:52:28Z,4.59,https://valuetainment.com/?utm_source=google&utm_campaign=Vt_summit_earlybird,169.68
951496,1015,5429,Google,2026-06-02 05:04:58,10.79,https://valuetainment.com/?utm_source=tiktok&utm_campaign=pbd_yt_remarketing&utm_medium=Paid_Social,
895536,1001,5558,GOOGLE,03/02/2026 14:52,11.88,https://valuetainment.com/?utm_campaign= pbd_pod_prosp_q1 &utm_medium=CPC&utm_source=google,671.83
129117,1007,5228,TikTok,2026-03-22 22:32:31,12.49,https://valuetainment.com/?utm_campaign=vtsummitlastcall&utm_medium=Paid_Social&utm_source=google,
922123,1010,5238,TikTok,2026-06-04 17:48:48,3.43,https://valuetainment.com/?utm_source=tik_tok&utm_medium=cpc&utm_campaign= pbd_cold_scale ,
184216,1011,5223,GOOGLE,2026-04-08T12:00:00Z,10.72,https://valuetainment.com/?utm_campaign=consultdfyretgt&utm_medium=cpc&utm_source=meta,304.01
556511,1005,5284,google,2025-10-05 04:36:53,1.82,https://valuetainment.com/?utm_medium=Paid_Social&utm_source=META&utm_campaign=Pbd_retarget_warm,46.87
360253,1003,5089,meta,2025-11-23T13:01:18Z,9.6,https://valuetainment.com/?utm_source=meta&utm_campaign=Vt_summit_earlybird&utm_medium=Paid_Social,2.22
840538,1010,5203,meta,2026-05-27T07:14:18Z,10.99,https://valuetainment.com/?utm_source=google&utm_campaign=pbd--cold--scale!!&utm_medium=paid,27.68
246566,1002,5429,meta,2025-11-07 17:53:42,,https://valuetainment.com/?utm_campaign=brand gs promo&utm_source=META&utm_medium=ppc,
273438,1014,5032,meta,2026-04-15 20:55:25,,https://valuetainment.com/?utm_medium=ppc&utm_source=tik_tok&utm_campaign=brand protein q2,192.71
967204,1014,5223,Google,11/29/2025 21:28,2.98,https://valuetainment.com/?utm_source=META&utm_campaign= brand_protein_q2 &utm_medium=ppc,797.41
362375,1013,5654,google,2026-06-06 18:48:57,12.34,https://valuetainment.com/?utm_campaign=p@t_lib_bundle&utm_source=facebook&utm_medium=ppc,336.42
405359,1009,5429,Google,01/06/2026 06:51,6.35,https://valuetainment.com/?utm_medium=Paid_Social&utm_campaign=leadership_101_ev&utm_source=TikTok,
871780,1011,5104,GOOGLE,2025-10-17 16:08:47,2.7,https://valuetainment.com/?utm_source=google&utm_medium=cpc&utm_campaign=CONSULT_DFY_RETGT,128.14
653274,1004,5654,META,2026-01-17T04:09:26Z,9.93,https://valuetainment.com/?utm_campaign=sales mastery lnch&utm_source=Google,304.09
666657,1004,5890,meta,2025-10-24T07:12:47Z,3.08,https://valuetainment.com/?utm_campaign=sales-mastery-lnch&utm_source=google&utm_medium=Paid_Social,
950588,1010,5281,Meta,01/09/2026 00:34,2.01,https://valuetainment.com/?utm_campaign=pbd-cold-scale,45.2
376852,1015,5032,Google,2025-10-17T18:33:08Z,4.55,https://valuetainment.com/?utm_medium=CPC&utm_source=TikTok&utm_campaign=pbdytremarketing,241.76
344720,1012,5777,meta,2025-12-18T19:03:34Z,8.53,https://valuetainment.com/?utm_campaign=vt summit vip,791.22
287934,1011,5692,META,2025-11-28 13:04:10,7.04,https://valuetainment.com/?utm_medium=CPC&utm_campaign=consult_&utm_source=meta,30.18
749908,1014,5616,Meta,2026-03-02 16:52:43,4.4,https://valuetainment.com/?utm_campaign=brandproteinq2&utm_medium=Paid_Social,
809893,1001,5890,meta,2026-03-11 10:27:01,5.01,https://valuetainment.com/?utm_source=Google&utm_campaign=Pbd_pod_prosp_q1&utm_medium=CPC,384.83
572053,1014,5006,Meta,2025-10-09T13:14:26Z,10.88,https://valuetainment.com/?utm_source=Google&utm_campaign=brand_pr,
271200,1004,5250,google,2026-05-31 20:25:58,8.23,https://valuetainment.com/?utm_campaign=sales_ma&utm_medium=ppc&utm_source=Google,176.47
780667,1007,5025,Meta,10/30/2025 09:02,5.74,https://valuetainment.com/?utm_campaign=VT_SUMMIT_LASTCALL&utm_source=google&utm_medium=cpc,610.61
909296,1008,5429,meta,2026-06-08T08:24:22Z,,https://valuetainment.com/?utm_source=tik_tok&utm_campaign=brandfxsponsor,544.85
458175,1006,5718,TikTok,12/26/2025 17:44,5.39,https://valuetainment.com/?utm_medium=cpc&utm_campaign=Ceo_bootcamp_prosp,663.23
781834,1004,5228,meta,2026-06-02T11:54:42Z,7.49,https://valuetainment.com/?utm_medium=ppc&utm_campaign=sales_mastery_lnch&utm_source=meta,
712024,1011,5223,Meta,01/12/2026 03:42,4.26,https://valuetainment.com/?utm_source=Google&utm_campaign=consult--dfy--retgt!!&utm_medium=paid,
795027,1010,5459,tiktok,2026-01-18 16:42:12,,https://valuetainment.com/?utm_source=meta&utm_medium=paid&utm_campaign=pbd-cold-scale,334.94
346595,1014,5913,tiktok,2026-03-07 03:01:02,9.48,https://valuetainment.com/?utm_campaign=brand_pr&utm_source=facebook&utm_medium=CPC,666.96
858077,1002,5558,TikTok,2026-03-01T11:18:19Z,1.12,https://valuetainment.com/?utm_source=google&utm_campaign=BRAND_GS_PROMO&utm_medium=CPC,166.09
891634,1015,5733,meta,12/08/2025 10:15,5.51,https://valuetainment.com/?utm_campaign=pbd_yt_rem@rketing&utm_medium=CPC&utm_source=meta,197.92
920351,1002,5032,GOOGLE,2026-06-05T00:25:47Z,4.03,https://valuetainment.com/?utm_source=tik_tok&utm_campaign=brand gs promo,147.18
813322,1004,5733,Google,2026-05-11T22:09:08Z,9.97,https://valuetainment.com/?utm_source=META&utm_campaign=sales_ma&utm_medium=ppc,679.87
576157,1005,5095,Google,2026-02-15T21:47:42Z,8.5,https://valuetainment.com/?utm_source=Google&utm_campaign=pbd_reta&utm_medium=Paid_Social,
445947,1015,5032,meta,2026-02-14 10:55:26,6.6,https://valuetainment.com/?utm_medium=paid&utm_source=meta&utm_campaign=pbd_yt_rem@rketing,766.72
877462,1009,5104,google,2026-02-17 01:36:45,1.38,https://valuetainment.com/?utm_source=facebook&utm_medium=paid&utm_campaign=Leadership_101_ev,541.91
651429,1012,5223,google,2026-04-28T21:56:26Z,0.73,https://valuetainment.com/?utm_medium=cpc&utm_source=google&utm_campaign=vt--summit--vip!!,64.24
234278,1012,5203,tiktok,2025-12-31 05:03:15,6.28,https://valuetainment.com/?utm_source=Google&utm_medium=CPC&utm_campaign=Vt_summit_vip,391.34
652605,1004,5027,GOOGLE,2025-10-09T19:14:23Z,2.84,https://valuetainment.com/?utm_campaign=sales_ma&utm_medium=cpc&utm_source=Google,
132498,1012,5759,meta,2026-02-06 14:01:30,8.33,https://valuetainment.com/?utm_campaign=Vt_summit_vip&utm_medium=paid&utm_source=tik_tok,347.36
378031,1008,5733,meta,2025-12-16T16:37:41Z,10.64,https://valuetainment.com/?utm_campaign=brand fx sponsor&utm_medium=ppc&utm_source=tiktok,
492096,1003,5142,tik_tok,05/11/2026 12:16,,https://valuetainment.com/?utm_source=google&utm_medium=Paid_Social&utm_campaign=vt-summit-earlybird,793.05
537521,1006,5203,google,02/15/2026 15:27,4.72,https://valuetainment.com/?utm_source=meta&utm_medium=ppc&utm_campaign=ceobootcampprosp,697.36
871066,1013,5913,META ,05/11/2026 11:05,,https://valuetainment.com/?utm_campaign=p@t_lib_bundle&utm_source=META,
110371,1010,5604,GOOGLE,03/01/2026 10:41,10.9,https://valuetainment.com/?utm_campaign=pbd cold scale&utm_source=meta&utm_medium=paid,655.33
789893,1001,5238,Meta,2025-10-26 03:19:44,7.23,https://valuetainment.com/?utm_source=Google&utm_medium=Paid_Social&utm_campaign=pbdpodprospq1,
168917,1013,5432,meta,2026-06-06 06:59:25,10.26,https://valuetainment.com/?utm_campaign=pat_lib_bundle&utm_source=facebook&utm_medium=CPC,
288238,1007,5250,META,2025-11-09T09:09:50Z,8.67,https://valuetainment.com/?utm_source=facebook&utm_campaign=vt-summit-lastcall&utm_medium=Paid_Social,371.94
459482,1009,5616,meta,11/18/2025 14:25,2.24,https://valuetainment.com/?utm_campaign=leadership101ev,595.71
667379,1004,5095,META,2026-01-08 00:55:41,5.76,https://valuetainment.com/?utm_source=google&utm_campaign=sales--mastery--lnch!!,
145873,1007,5142,Google,2026-05-03T06:19:17Z,7.13,https://valuetainment.com/?utm_medium=cpc&utm_source=facebook&utm_campaign=vtsummitlastcall,435.0
770623,1002,5025,Google,2026-03-30T08:09:38Z,8.46,https://valuetainment.com/?utm_medium=paid&utm_campaign=brand-gs-promo&utm_source=facebook,445.22
331612,1002,5665,META,11/17/2025 08:23,9.34,https://valuetainment.com/?utm_medium=paid&utm_campaign=br@nd_gs_pr0m0&utm_source=google,
102188,1001,5616,tiktok,2026-02-16T17:48:57Z,0.84,https://valuetainment.com/?utm_source=meta&utm_medium=ppc&utm_campaign=pbd_pod_prosp_q1,
442230,1013,5665,google,12/28/2025 14:24,,https://valuetainment.com/?utm_source=tik_tok&utm_medium=ppc&utm_campaign=pat lib bundle,
153223,1004,5284,meta,2026-02-09T16:45:09Z,7.76,https://valuetainment.com/?utm_campaign=sales_ma&utm_source=meta&utm_medium=ppc,193.2
874167,1015,5517,tiktok,2026-06-02T05:38:26Z,2.16,https://valuetainment.com/?utm_medium=cpc&utm_source=google&utm_campaign=Pbd_yt_remarketing,251.79
579247,1004,5203,meta,2026-06-03T22:13:44Z,2.75,https://valuetainment.com/?utm_source=meta&utm_campaign=sales--mastery--lnch!!&utm_medium=ppc,
864828,1004,5006,meta,01/05/2026 04:29,11.6,https://valuetainment.com/?utm_medium=ppc&utm_campaign=sales_ma&utm_source=tik_tok,149.22
191177,1014,5733,META,12/25/2025 04:42,12.34,https://valuetainment.com/?utm_campaign=brand_protein_q2&utm_medium=ppc&utm_source=google,
350020,1005,5558,Meta,2026-02-20T14:24:58Z,7.17,https://valuetainment.com/?utm_source=Google&utm_campaign=Pbd_retarget_warm,714.0
207216,1012,5665,meta,06/08/2026 15:45,7.07,https://valuetainment.com/?utm_medium=paid&utm_campaign=vt--summit--vip!!&utm_source=meta,
820223,1001,5142,tik_tok,2026-01-04T16:46:14Z,6.42,https://valuetainment.com/?utm_medium=ppc&utm_campaign= pbd_pod_prosp_q1 &utm_source=TikTok,84.66
444827,1006,5558,meta,2025-10-24 16:11:01,,https://valuetainment.com/?utm_campaign=Ceo_bootcamp_prosp&utm_medium=cpc,
527683,1002,5027,Meta,2025-12-09T03:23:30Z,6.37,https://valuetainment.com/?utm_medium=ppc&utm_campaign=brand--gs--promo!!,721.66
575973,1011,5890,meta,02/28/2026 09:01,8.61,https://valuetainment.com/?utm_source=TikTok&utm_medium=ppc&utm_campaign=consult-dfy-retgt,738.56
269546,1002,5574,META,2026-05-26T13:43:23Z,1.14,https://valuetainment.com/?utm_medium=ppc&utm_source=META&utm_campaign=brand_gs_promo,601.09
289511,1014,5665,meta,2026-05-23 10:31:40,7.17,https://valuetainment.com/?utm_campaign=brand protein q2&utm_source=facebook&utm_medium=Paid_Social,266.6
273571,1001,5142,Meta,2026-05-10T23:48:40Z,10.14,https://valuetainment.com/?utm_medium=cpc&utm_source=Google&utm_campaign=PBD_POD_PROSP_Q1,162.49
195005,1001,5574,meta,2025-10-24T14:57:33Z,9.78,https://valuetainment.com/?utm_medium=paid&utm_campaign=PBD_POD_PROSP_Q1&utm_source=tik_tok,
376511,1011,5027,Google,2025-12-22T18:16:00Z,1.79,https://valuetainment.com/?utm_source=META&utm_medium=Paid_Social&utm_campaign=consult_,69.18
279983,1014,5558,Google,04/09/2026 00:09,2.45,https://valuetainment.com/?utm_source=tiktok&utm_campaign=brand_protein_q2&utm_medium=ppc,284.72
244122,1001,5089,Meta,2026-05-04T21:17:53Z,5.32,https://valuetainment.com/?utm_medium=paid&utm_campaign=pbd_p0d_pr0sp_q1&utm_source=meta,
462066,1011,5758,Google,2026-04-29T16:23:13Z,2.05,https://valuetainment.com/?utm_campaign=CONSULT_DFY_RETGT&utm_source=tiktok,780.14
617077,1005,5095,google,10/30/2025 20:57,2.46,https://valuetainment.com/?utm_medium=CPC&utm_campaign=pbd--retarget--warm!!&utm_source=google,
988544,1011,5517,google,2026-03-29 08:31:25,10.93,https://valuetainment.com/?utm_medium=cpc&utm_source=Google&utm_campaign=consult_,488.97
157105,1005,5429,Google,2026-04-23 13:02:15,,https://valuetainment.com/?utm_campaign=Pbd_retarget_warm&utm_medium=Paid_Social,
333090,1009,5432,meta,11/30/2025 16:34,0.84,https://valuetainment.com/?utm_medium=ppc&utm_campaign=le@dership_101_ev,743.7
936598,1009,5238,Meta,2026-03-14T11:32:43Z,9.88,https://valuetainment.com/?utm_campaign=leadership-101-ev&utm_medium=paid&utm_source=facebook,188.34
778569,1011,5429,meta,2025-12-22 12:24:53,2.93,https://valuetainment.com/?utm_campaign=consult--dfy--retgt!!&utm_source=google,
896976,1008,5517,Meta,2026-03-05T03:03:17Z,7.6,https://valuetainment.com/?utm_source=google&utm_medium=Paid_Social&utm_campaign=brandfxsponsor,
135395,1014,5142,meta,2025-12-19T06:35:06Z,9.26,https://valuetainment.com/?utm_source=TikTok&utm_medium=ppc&utm_campaign=br@nd_pr0tein_q2,174.18
970455,1011,5459,google,2026-06-06 02:48:29,6.44,https://valuetainment.com/?utm_campaign=consultdfyretgt&utm_source=meta,626.66
379069,1015,5733,Google,2025-10-10 19:33:50,5.24,https://valuetainment.com/?utm_medium=Paid_Social&utm_source=TikTok&utm_campaign=pbd_yt_remarketing,61.95
183723,1009,5228,meta,2026-04-01T11:49:20Z,1.86,https://valuetainment.com/?utm_campaign=le@dership_101_ev&utm_source=facebook&utm_medium=Paid_Social,
975522,1004,5030,Meta,2026-01-25 22:55:57,11.78,https://valuetainment.com/?utm_campaign=sales mastery lnch&utm_medium=cpc&utm_source=google,338.6
142210,1009,5238,google,04/20/2026 16:31,,https://valuetainment.com/?utm_campaign=leadership-101-ev&utm_medium=paid,
518740,1012,5142,TikTok,11/23/2025 00:05,5.23,https://valuetainment.com/?utm_campaign=vt--summit--vip!!&utm_source=TikTok,
395123,1011,5718,meta,2026-03-25 19:45:43,3.59,https://valuetainment.com/?utm_source=Google&utm_campaign=consult_&utm_medium=CPC,
659699,1009,5250,Google,2026-03-13T19:50:27Z,6.91,https://valuetainment.com/?utm_source=google&utm_medium=ppc&utm_campaign=LEADERSHIP_101_EV,
119369,1009,5284,Meta,04/05/2026 06:28,5.26,https://valuetainment.com/?utm_campaign= leadership_101_ev &utm_source=Google,
295515,1007,5095,meta,02/04/2026 05:32,11.37,https://valuetainment.com/?utm_campaign=vt summit lastcall&utm_medium=CPC,566.3
360703,1008,5284,Google,2026-05-06 06:17:11,0.77,https://valuetainment.com/?utm_medium=cpc&utm_campaign=brand--fx--sponsor!!,
296052,1012,5692,TIKTOK,05/16/2026 20:32,5.48,https://valuetainment.com/?utm_medium=CPC&utm_campaign=VT_SUMMIT_VIP,15.87
629115,1001,5095,Meta,2026-03-12T23:19:15Z,3.97,https://valuetainment.com/?utm_medium=Paid_Social&utm_campaign=pbd-pod-prosp-q1&utm_source=facebook,
382719,1013,5604,TIKTOK,2026-02-05T15:15:06Z,9.54,https://valuetainment.com/?utm_campaign=pat-lib-bundle&utm_source=TikTok,684.54
792559,1012,5284,google,2025-11-02T00:28:21Z,4.17,https://valuetainment.com/?utm_campaign=vtsummitvip&utm_source=tik_tok,157.58
139569,1002,5890,Meta,12/30/2025 11:39,2.33,https://valuetainment.com/?utm_source=meta&utm_campaign= brand_gs_promo &utm_medium=CPC,
180541,1007,5754,meta,2026-03-05T21:49:02Z,,https://valuetainment.com/?utm_source=TikTok&utm_campaign=vt_summi&utm_medium=ppc,717.7
619320,1001,5025,google,2026-03-27 15:23:55,11.32,https://valuetainment.com/?utm_campaign=Pbd_pod_prosp_q1&utm_source=META&utm_medium=paid,
500604,1004,5104,meta,2025-12-20T00:46:54Z,2.71,https://valuetainment.com/?utm_campaign=SALES_MASTERY_LNCH,549.72
138361,1003,5225,Meta,2026-01-15T00:11:39Z,10.58,https://valuetainment.com/?utm_campaign=vt summit earlybird&utm_source=META&utm_medium=CPC,28.1
265409,1005,5459,meta,05/04/2026 09:16,7.0,https://valuetainment.com/?utm_campaign=pbd-retarget-warm&utm_source=meta,
741193,1013,5654,meta,2026-01-29 15:59:29,,https://valuetainment.com/?utm_medium=cpc&utm_campaign=p@t_lib_bundle&utm_source=meta,365.55
675478,1004,5225,tik_tok,11/10/2025 09:48,1.95,https://valuetainment.com/?utm_medium=CPC&utm_campaign=sales_mastery_lnch&utm_source=tik_tok,292.73
794693,1014,5238,Meta,2026-06-06 22:31:12,7.28,https://valuetainment.com/?utm_campaign=br@nd_pr0tein_q2&utm_medium=ppc&utm_source=tiktok,677.53
290706,1003,5203,GOOGLE,06/05/2026 05:34,4.7,https://valuetainment.com/?utm_campaign=vt summit earlybird&utm_source=google&utm_medium=paid,385.03
812530,1014,5432,meta,04/02/2026 01:35,2.57,https://valuetainment.com/?utm_source=TikTok&utm_campaign=brand protein q2&utm_medium=CPC,85.65
165014,1014,5238,META,03/23/2026 14:36,9.03,https://valuetainment.com/?utm_campaign=brand--protein--q2!!&utm_source=TikTok,357.31
669171,1013,5032,META ,2026-01-13T08:54:24Z,7.33,https://valuetainment.com/?utm_campaign=PAT_LIB_BUNDLE&utm_source=facebook&utm_medium=CPC,
118276,1001,5517,google,2026-03-15T09:45:14Z,2.64,https://valuetainment.com/?utm_medium=Paid_Social&utm_source=Google&utm_campaign=pbd--pod--prosp--q1!!,422.5
836828,1015,5692,TikTok,2025-12-20 09:40:26,1.18,https://valuetainment.com/?utm_campaign=PBD_YT_REMARKETING&utm_source=facebook,
708358,1008,5142,Meta,2026-03-01T01:59:23Z,8.42,https://valuetainment.com/?utm_source=tiktok&utm_campaign=brand-fx-sponsor,
441820,1001,5429,Google,2026-05-24 20:08:15,4.7,https://valuetainment.com/?utm_medium=cpc&utm_campaign=pbd--pod--prosp--q1!!&utm_source=google,256.94
239911,1006,5281,Meta,12/14/2025 21:33,4.73,https://valuetainment.com/?utm_campaign=ceo_boot&utm_source=TikTok&utm_medium=ppc,83.47
261520,1002,5114,meta,03/24/2026 22:03,7.51,https://valuetainment.com/?utm_medium=Paid_Social&utm_campaign= brand_gs_promo &utm_source=Google,
512015,1009,5603,tik_tok,03/08/2026 01:06,6.09,https://valuetainment.com/?utm_medium=CPC&utm_source=Google&utm_campaign= leadership_101_ev ,489.86
313923,1008,5225,META ,2025-11-12T00:43:57Z,12.36,https://valuetainment.com/?utm_campaign= brand_fx_sponsor &utm_medium=Paid_Social&utm_source=tik_tok,
145561,1013,5284,META,2026-06-02T03:20:51Z,6.91,https://valuetainment.com/?utm_medium=CPC&utm_source=google&utm_campaign=PAT_LIB_BUNDLE,302.83
634456,1009,5616,Google,2026-01-07T23:00:44Z,2.19,https://valuetainment.com/?utm_campaign=Leadership_101_ev&utm_source=Google&utm_medium=cpc,
401195,1004,5558,TikTok,11/16/2025 08:08,,https://valuetainment.com/?utm_campaign=sales-mastery-lnch,
492022,1001,5027,tiktok,2026-05-07T22:12:32Z,3.67,https://valuetainment.com/?utm_campaign=pbd_p0d_pr0sp_q1&utm_source=TikTok&utm_medium=CPC,622.69
954221,1004,5281,Meta,2026-06-03 03:17:07,7.23,https://valuetainment.com/?utm_campaign=sales_ma&utm_source=Google&utm_medium=cpc,
739202,1001,5025,meta,2025-10-19T17:28:56Z,7.51,https://valuetainment.com/?utm_campaign=pbd_p0d_pr0sp_q1&utm_medium=ppc,
887324,1006,5203,GOOGLE,2026-03-03T18:53:45Z,,https://valuetainment.com/?utm_medium=paid&utm_campaign=CEO_BOOTCAMP_PROSP,49.72
244104,1014,5089,META,2026-02-15 17:21:05,2.75,https://valuetainment.com/?utm_medium=CPC&utm_source=meta&utm_campaign=brand_pr,50.24
247554,1009,5142,meta,2026-02-14T09:10:55Z,,https://valuetainment.com/?utm_medium=paid&utm_source=META&utm_campaign=leadership101ev,153.74
523531,1008,5604,Meta,11/07/2025 12:17,4.03,https://valuetainment.com/?utm_source=TikTok&utm_medium=cpc&utm_campaign=br@nd_fx_sp0ns0r,329.54
611333,1004,5223,TIKTOK,2026-01-30T02:25:25Z,2.96,https://valuetainment.com/?utm_medium=Paid_Social&utm_source=META&utm_campaign=Sales_mastery_lnch,422.12
423174,1004,5238,google,2026-05-04T21:39:32Z,1.88,https://valuetainment.com/?utm_source=TikTok&utm_medium=Paid_Social&utm_campaign=SALES_MASTERY_LNCH,
730519,1005,5913,meta,2026-04-02T09:43:18Z,5.49,https://valuetainment.com/?utm_campaign= pbd_retarget_warm &utm_medium=cpc&utm_source=meta,641.74
495737,1004,5114,Meta,2026-04-29 05:07:47,9.84,https://valuetainment.com/?utm_medium=Paid_Social&utm_campaign=sales mastery lnch&utm_source=google,
428154,1011,5574,TikTok,2026-01-17 04:03:39,11.82,https://valuetainment.com/?utm_medium=CPC&utm_campaign=consult_dfy_retgt&utm_source=facebook,
266492,1003,5250,meta,2026-03-13T15:37:29Z,6.7,https://valuetainment.com/?utm_campaign=vt_summi&utm_source=facebook&utm_medium=ppc,594.0
971395,1005,5459,meta,2026-02-23 12:54:07,8.14,https://valuetainment.com/?utm_medium=ppc&utm_source=META&utm_campaign=pbd--retarget--warm!!,
602657,1001,5228,GOOGLE,10/17/2025 11:38,,https://valuetainment.com/?utm_campaign=pbd--pod--prosp--q1!!,638.33
553876,1007,5654,GOOGLE,03/02/2026 14:54,8.5,https://valuetainment.com/?utm_medium=CPC&utm_campaign=VT_SUMMIT_LASTCALL&utm_source=meta,73.62
745441,1008,5104,META,2026-01-10 04:51:55,9.57,https://valuetainment.com/?utm_campaign=brand--fx--sponsor!!&utm_source=tik_tok,227.5
108830,1001,5284,meta,2026-05-03T05:50:53Z,2.37,https://valuetainment.com/?utm_source=meta&utm_medium=CPC&utm_campaign=Pbd_pod_prosp_q1,
342587,1004,5203,Meta,2025-12-06T06:06:49Z,6.2,https://valuetainment.com/?utm_medium=paid&utm_campaign= sales_mastery_lnch &utm_source=google,469.25
317952,1010,5095,META,2025-11-19 07:57:03,9.16,https://valuetainment.com/?utm_source=tiktok&utm_campaign= pbd_cold_scale &utm_medium=Paid_Social,796.22
686749,1005,5558,Google,2026-05-06 16:19:41,12.15,https://valuetainment.com/?utm_source=META&utm_campaign=pbd_ret@rget_w@rm,3.79
986384,1011,5284,tiktok,2026-05-06T13:38:06Z,12.26,https://valuetainment.com/?utm_campaign=consult--dfy--retgt!!&utm_medium=paid&utm_source=meta,
315651,1004,5095,google,2026-02-11 16:46:43,4.27,https://valuetainment.com/?utm_campaign= sales_mastery_lnch &utm_medium=ppc&utm_source=facebook,730.56
645872,1006,5913,META,2025-11-29 15:19:41,10.59,https://valuetainment.com/?utm_campaign= ceo_bootcamp_prosp &utm_medium=paid&utm_source=meta,
204720,1002,5228,Google,02/07/2026 02:05,12.34,https://valuetainment.com/?utm_source=google&utm_campaign=brand_gs_promo,557.57
453245,1015,5828,META ,02/19/2026 16:09,3.3,https://valuetainment.com/?utm_campaign=pbd_yt_remarketing&utm_source=TikTok&utm_medium=ppc,
236205,1012,5913,meta,01/23/2026 18:59,3.7,https://valuetainment.com/?utm_medium=paid&utm_campaign=Vt_summit_vip&utm_source=Google,551.96
972872,1010,5228,meta,2025-11-25 05:44:16,2.72,https://valuetainment.com/?utm_source=tiktok&utm_campaign= pbd_cold_scale ,579.91
931896,1008,5142,TIKTOK,04/13/2026 16:06,5.94,https://valuetainment.com/?utm_campaign=brand-fx-sponsor&utm_medium=paid&utm_source=tiktok,604.53
506145,1003,5517,Meta,12/18/2025 12:44,5.97,https://valuetainment.com/?utm_source=facebook&utm_medium=paid&utm_campaign= vt_summit_earlybird ,
330382,1011,5733,Meta,2025-10-02 16:29:30,10.68,https://valuetainment.com/?utm_medium=cpc&utm_source=META&utm_campaign=consult-dfy-retgt,646.41
104707,1008,5025,Meta,04/23/2026 16:39,,https://valuetainment.com/?utm_medium=CPC&utm_source=tiktok&utm_campaign=BRAND_FX_SPONSOR,
366086,1015,5032,GOOGLE,04/04/2026 22:07,0.61,https://valuetainment.com/?utm_medium=cpc&utm_campaign=pbd_yt_r&utm_source=Google,
348207,1015,5006,Google,2026-06-02 07:42:07,1.58,https://valuetainment.com/?utm_medium=cpc&utm_campaign=pbd_yt_r&utm_source=TikTok,
614862,1002,5459,meta,2026-05-19T09:48:49Z,3.91,https://valuetainment.com/?utm_campaign=brand-gs-promo&utm_source=TikTok&utm_medium=ppc,415.53
643395,1012,5142,META,2026-05-07T03:57:14Z,9.81,https://valuetainment.com/?utm_source=tik_tok&utm_campaign=vt_summit_vip&utm_medium=cpc,
513190,1008,5238,GOOGLE,2025-11-24T05:53:46Z,,https://valuetainment.com/?utm_source=Google&utm_campaign=br@nd_fx_sp0ns0r&utm_medium=Paid_Social,6.74
101568,1002,5758,meta,2025-11-22 04:57:10,4.23,https://valuetainment.com/?utm_medium=paid&utm_campaign=brand_gs&utm_source=google,192.41
703484,1003,5654,Meta,2025-11-27 05:20:53,5.72,https://valuetainment.com/?utm_medium=CPC&utm_campaign=vt--summit--earlybird!!&utm_source=TikTok,297.0
245952,1003,5223,meta,2025-11-20 00:07:51,11.16,https://valuetainment.com/?utm_medium=CPC&utm_campaign=VT_SUMMIT_EARLYBIRD&utm_source=google,582.92
694752,1007,5733,TIKTOK,2026-04-06 23:38:21,9.93,https://valuetainment.com/?utm_campaign=vt-summit-lastcall&utm_medium=cpc&utm_source=tiktok,543.52
158487,1011,5558,Meta,2025-10-09 23:16:15,7.77,https://valuetainment.com/?utm_campaign=CONSULT_DFY_RETGT&utm_source=tiktok&utm_medium=paid,745.51
826572,1013,5890,meta,2026-04-17 04:01:04,3.97,https://valuetainment.com/?utm_campaign=patlibbundle&utm_medium=CPC&utm_source=google,480.66
628302,1011,5759,META,2026-03-20 16:21:57,1.57,https://valuetainment.com/?utm_source=tik_tok&utm_medium=paid&utm_campaign=consultdfyretgt,537.47
753834,1013,5692,Google,2025-10-24T08:04:29Z,6.08,https://valuetainment.com/?utm_source=tiktok&utm_medium=paid&utm_campaign=pat_lib_bundle,
751114,1008,5281,Meta,2026-03-27 19:41:46,8.56,https://valuetainment.com/?utm_source=tik_tok&utm_campaign=brand-fx-sponsor&utm_medium=cpc,782.47
928673,1001,5089,meta,2026-01-21 09:52:27,4.73,https://valuetainment.com/?utm_source=Google&utm_medium=CPC&utm_campaign=Pbd_pod_prosp_q1,589.43
365518,1015,5733,Meta,2026-01-27T15:29:42Z,9.52,https://valuetainment.com/?utm_source=Google&utm_campaign=pbd--yt--remarketing!!&utm_medium=CPC,37.72
573355,1007,5733,google,2025-11-25T15:12:45Z,9.47,https://valuetainment.com/?utm_medium=CPC&utm_campaign=vt-summit-lastcall&utm_source=facebook,602.74
983127,1007,5284,Google,2026-05-24 15:33:15,1.31,https://valuetainment.com/?utm_source=google&utm_medium=cpc&utm_campaign=vt_summit_lastcall,
825667,1015,5759,Meta,2025-11-08 19:41:02,9.32,https://valuetainment.com/?utm_campaign=pbd_yt_remarketing&utm_medium=cpc,
567746,1007,5114,Google,2025-12-01T21:32:06Z,6.74,https://valuetainment.com/?utm_source=Google&utm_campaign=vt summit lastcall&utm_medium=paid,
450520,1006,5284,TIKTOK,11/20/2025 14:33,1.62,https://valuetainment.com/?utm_campaign= ceo_bootcamp_prosp &utm_medium=CPC&utm_source=tiktok,
561419,1011,5654,META,04/16/2026 21:19,9.57,https://valuetainment.com/?utm_source=META&utm_medium=Paid_Social&utm_campaign=consult-dfy-retgt,
123316,1010,5429,meta,12/19/2025 23:12,5.0,https://valuetainment.com/?utm_medium=Paid_Social&utm_campaign=pbd_c0ld_sc@le,458.03
117224,1011,5603,meta,06/04/2026 00:52,5.41,https://valuetainment.com/?utm_source=facebook&utm_campaign=consult_&utm_medium=ppc,601.38
535353,1003,5558,tiktok,2026-01-18T05:17:47Z,11.42,https://valuetainment.com/?utm_source=meta&utm_campaign=vt-summit-earlybird&utm_medium=paid,449.33
413538,1008,5459,google,05/24/2026 06:18,7.99,https://valuetainment.com/?utm_medium=cpc&utm_campaign=br@nd_fx_sp0ns0r&utm_source=meta,
462806,1001,5558,Google,2025-12-30 11:17:41,9.18,https://valuetainment.com/?utm_source=facebook&utm_campaign=Pbd_pod_prosp_q1,66.34
575067,1005,5238,meta,2026-02-27 21:10:36,2.28,https://valuetainment.com/?utm_source=tiktok&utm_medium=paid&utm_campaign= pbd_retarget_warm ,122.36
789558,1014,5754,tik_tok,2026-01-09T10:48:35Z,2.63,https://valuetainment.com/?utm_medium=ppc&utm_campaign=br@nd_pr0tein_q2&utm_source=META,
925999,1015,5228,tiktok,2026-05-05 10:03:37,0.74,https://valuetainment.com/?utm_source=tiktok&utm_medium=paid&utm_campaign=pbdytremarketing,374.45
882233,1014,5718,google,2026-01-30T15:08:21Z,7.74,https://valuetainment.com/?utm_source=tik_tok&utm_campaign=brand protein q2,
817292,1006,5558,TikTok,2026-01-28 22:52:02,3.77,https://valuetainment.com/?utm_campaign=Ceo_bootcamp_prosp&utm_medium=Paid_Social&utm_source=meta,578.31
911129,1011,5665,GOOGLE,2025-10-29 22:10:26,7.23,https://valuetainment.com/?utm_campaign=Consult_dfy_retgt&utm_source=TikTok&utm_medium=cpc,
964710,1012,5238,TIKTOK,2026-02-04 01:02:53,,https://valuetainment.com/?utm_medium=cpc&utm_campaign=vt_summi&utm_source=TikTok,
899645,1011,5250,meta,2025-12-06T20:32:28Z,3.22,https://valuetainment.com/?utm_campaign= consult_dfy_retgt &utm_medium=Paid_Social&utm_source=tiktok,140.5
940651,1007,5733,Google,2026-02-18 13:02:12,11.73,https://valuetainment.com/?utm_campaign=vtsummitlastcall&utm_source=TikTok&utm_medium=Paid_Social,
293815,1001,5030,Google,2026-03-07 14:29:32,3.77,https://valuetainment.com/?utm_source=META&utm_campaign=pbd pod prosp q1&utm_medium=Paid_Social,
421556,1003,5692,TIKTOK,2026-04-27 12:14:30,9.72,https://valuetainment.com/?utm_medium=ppc&utm_source=TikTok&utm_campaign=vt_summit_earlybird,748.6
919771,1004,5459,META,2026-02-04T07:44:42Z,7.76,https://valuetainment.com/?utm_campaign=SALES_MASTERY_LNCH&utm_source=Google,563.1
583345,1003,5718,Meta,2026-01-12 14:21:08,9.43,https://valuetainment.com/?utm_campaign=vt--summit--earlybird!!&utm_medium=Paid_Social,
155763,1014,5616,Meta,2026-02-09T04:58:05Z,5.08,https://valuetainment.com/?utm_medium=ppc&utm_source=tik_tok&utm_campaign=Brand_protein_q2,
179143,1008,5228,GOOGLE,06/04/2026 07:48,8.45,https://valuetainment.com/?utm_medium=cpc&utm_source=meta&utm_campaign=br@nd_fx_sp0ns0r,
553732,1006,5603,tiktok,2025-11-16 12:09:07,1.18,https://valuetainment.com/?utm_campaign=ceobootcampprosp&utm_medium=ppc&utm_source=META,
412525,1004,5558,meta,2026-05-30T13:22:10Z,4.27,https://valuetainment.com/?utm_campaign=sales_mastery_lnch&utm_medium=cpc&utm_source=facebook,166.16
565125,1007,5616,Google,2025-12-24T19:48:17Z,6.1,https://valuetainment.com/?utm_campaign=VT_SUMMIT_LASTCALL&utm_medium=CPC,79.76
477819,1005,5027,Meta,2025-12-21T02:20:57Z,11.78,https://valuetainment.com/?utm_campaign=pbd-retarget-warm&utm_medium=ppc&utm_source=meta,
819575,1011,5006,meta,2025-11-27T02:55:05Z,11.42,https://valuetainment.com/?utm_campaign=Consult_dfy_retgt&utm_medium=Paid_Social,256.4
182782,1001,5114,meta,2026-02-03T13:22:14Z,4.91,https://valuetainment.com/?utm_source=tiktok&utm_campaign=pbd pod prosp q1&utm_medium=CPC,529.38
475940,1008,5250,Meta,2026-04-28T22:52:09Z,6.62,https://valuetainment.com/?utm_medium=Paid_Social&utm_campaign=brand--fx--sponsor!!,473.81
356628,1002,5432,TikTok,05/22/2026 09:02,8.06,https://valuetainment.com/?utm_campaign=brandgspromo&utm_medium=cpc&utm_source=tik_tok,767.35
149461,1009,5459,tik_tok,2025-12-14 05:54:34,5.48,https://valuetainment.com/?utm_medium=CPC&utm_source=google&utm_campaign=leadersh,537.84
428817,1007,5095,meta,2025-12-09T09:23:27Z,5.88,https://valuetainment.com/?utm_campaign=VT_SUMMIT_LASTCALL&utm_source=facebook&utm_medium=ppc,
994428,1014,5665,meta,2025-12-03T23:24:48Z,4.24,https://valuetainment.com/?utm_campaign=brand_protein_q2&utm_source=META&utm_medium=ppc,
204827,1006,5777,meta,2025-12-14 15:52:57,,https://valuetainment.com/?utm_campaign=CEO_BOOTCAMP_PROSP&utm_source=TikTok&utm_medium=Paid_Social,790.55
616732,1014,5574,Meta,2026-02-08T00:21:50Z,11.11,https://valuetainment.com/?utm_campaign=brand protein q2&utm_medium=Paid_Social&utm_source=tik_tok,280.52
242984,1002,5574,META ,2026-04-24T08:26:49Z,2.91,https://valuetainment.com/?utm_campaign=brandgspromo&utm_source=tik_tok&utm_medium=ppc,266.65
770318,1013,5284,tiktok,05/27/2026 08:10,8.27,https://valuetainment.com/?utm_campaign=pat lib bundle&utm_source=META&utm_medium=paid,
614650,1010,5432,Google,02/15/2026 04:35,11.01,https://valuetainment.com/?utm_source=facebook&utm_medium=cpc&utm_campaign=pbd_cold,332.31
970648,1015,5238,Meta,02/18/2026 12:06,5.75,https://valuetainment.com/?utm_campaign=Pbd_yt_remarketing&utm_source=TikTok&utm_medium=paid,205.66
572298,1009,5758,TikTok,2026-04-13T03:17:25Z,11.75,https://valuetainment.com/?utm_source=Google&utm_campaign=le@dership_101_ev&utm_medium=cpc,30.1
375225,1012,5890,meta,2026-01-08 16:50:33,8.03,https://valuetainment.com/?utm_medium=Paid_Social&utm_source=facebook&utm_campaign=vt--summit--vip!!,496.51
931677,1007,5558,Google,2025-10-09T02:31:10Z,11.43,https://valuetainment.com/?utm_campaign=Vt_summit_lastcall&utm_source=Google&utm_medium=Paid_Social,784.7
141291,1013,5114,Google,02/18/2026 17:39,5.04,https://valuetainment.com/?utm_source=META&utm_medium=ppc&utm_campaign=pat--lib--bundle!!,136.37
296971,1014,5284,meta,2026-02-23 12:27:31,11.8,https://valuetainment.com/?utm_medium=ppc&utm_campaign=brand_pr&utm_source=META,350.94
882807,1004,5281,Meta,03/09/2026 13:19,2.1,https://valuetainment.com/?utm_medium=Paid_Social&utm_source=TikTok&utm_campaign=s@les_m@stery_lnch,685.47
169986,1011,5429,google,2026-05-03 16:41:31,9.16,https://valuetainment.com/?utm_campaign=CONSULT_DFY_RETGT&utm_medium=CPC&utm_source=meta,
302877,1006,5228,meta,05/07/2026 02:23,6.56,https://valuetainment.com/?utm_source=facebook&utm_medium=cpc&utm_campaign=Ceo_bootcamp_prosp,
179185,1001,5281,meta,2026-01-30 18:42:12,10.45,https://valuetainment.com/?utm_source=google&utm_campaign=pbd_pod_&utm_medium=paid,357.13
547242,1004,5654,GOOGLE,01/06/2026 17:43,4.6,https://valuetainment.com/?utm_source=meta&utm_medium=paid&utm_campaign=sales_mastery_lnch,
725291,1011,5718,google,2026-05-08T17:27:55Z,5.17,https://valuetainment.com/?utm_medium=Paid_Social&utm_source=google&utm_campaign=Consult_dfy_retgt,209.9
960822,1011,5758,GOOGLE,2026-04-02 06:24:19,8.43,https://valuetainment.com/?utm_source=tik_tok&utm_campaign=CONSULT_DFY_RETGT&utm_medium=CPC,500.07
333784,1013,5718,tiktok,2025-10-11T10:02:22Z,11.53,https://valuetainment.com/?utm_medium=cpc&utm_source=tik_tok&utm_campaign=patlibbundle,
600935,1005,5759,meta,2025-11-27T22:37:20Z,1.24,https://valuetainment.com/?utm_source=meta&utm_medium=CPC&utm_campaign=pbdretargetwarm,461.62
632142,1014,5030,Google,2026-01-23T01:51:28Z,2.63,https://valuetainment.com/?utm_source=google&utm_campaign=br@nd_pr0tein_q2,
111791,1001,5089,Google,2026-06-09T18:55:47Z,7.11,https://valuetainment.com/?utm_source=tiktok&utm_campaign=Pbd_pod_prosp_q1,239.25
572769,1003,5025,google,03/11/2026 19:10,6.67,https://valuetainment.com/?utm_campaign=vt_summit_earlybird&utm_source=META&utm_medium=CPC,
833533,1015,5616,meta,11/05/2025 22:26,7.01,https://valuetainment.com/?utm_campaign=Pbd_yt_remarketing&utm_medium=CPC&utm_source=google,
428267,1014,5142,google,10/09/2025 02:23,7.36,https://valuetainment.com/?utm_source=TikTok&utm_medium=paid&utm_campaign=br@nd_pr0tein_q2,334.16
509008,1011,5429,Google,2026-02-12 02:25:18,0.84,https://valuetainment.com/?utm_campaign=c0nsult_dfy_retgt&utm_medium=paid,774.18
689308,1012,5828,GOOGLE,2026-01-29 02:51:17,11.65,https://valuetainment.com/?utm_source=tik_tok&utm_medium=ppc&utm_campaign=Vt_summit_vip,544.01
375140,1014,5225,meta,2026-02-08 19:20:10,6.67,https://valuetainment.com/?utm_medium=Paid_Social&utm_source=tik_tok&utm_campaign=brand protein q2,617.76
105065,1005,5718,GOOGLE,2025-10-24T14:44:55Z,0.73,https://valuetainment.com/?utm_medium=ppc&utm_source=tik_tok&utm_campaign=Pbd_retarget_warm,170.94
489641,1004,5558,Meta,2025-10-26T21:24:03Z,11.3,https://valuetainment.com/?utm_campaign=sales_mastery_lnch&utm_medium=cpc,
539443,1012,5032,google,2026-03-08 14:06:55,7.43,https://valuetainment.com/?utm_campaign=vt_summit_vip&utm_medium=ppc&utm_source=tik_tok,
177591,1013,5432,Meta,12/09/2025 02:25,1.2,https://valuetainment.com/?utm_campaign=patlibbundle&utm_medium=cpc&utm_source=TikTok,796.77
209153,1002,5759,Meta,2026-02-13T12:31:28Z,10.31,https://valuetainment.com/?utm_source=meta&utm_medium=paid&utm_campaign=brand--gs--promo!!,507.72
112960,1005,5429,TikTok,2026-02-28T21:45:03Z,2.63,https://valuetainment.com/?utm_medium=CPC&utm_campaign=pbd retarget warm&utm_source=TikTok,
152427,1004,5913,TikTok,2026-04-11T08:32:02Z,5.11,https://valuetainment.com/?utm_campaign=sales--mastery--lnch!!&utm_source=META,154.11
661809,1010,5250,google,2026-04-01T18:39:57Z,2.72,https://valuetainment.com/?utm_source=tik_tok&utm_campaign=pbd cold scale&utm_medium=paid,716.12
681687,1009,5284,meta,2026-05-20T19:44:24Z,1.69,https://valuetainment.com/?utm_campaign=leadership_101_ev&utm_source=tik_tok&utm_medium=CPC,
739715,1004,5517,google,02/10/2026 15:27,7.38,https://valuetainment.com/?utm_medium=Paid_Social&utm_source=facebook&utm_campaign=sales mastery lnch,596.68
410244,1010,5032,meta,2026-05-08T18:50:26Z,4.01,https://valuetainment.com/?utm_campaign= pbd_cold_scale &utm_source=facebook,526.58
128149,1008,5429,meta,2026-06-08T16:15:05Z,,https://valuetainment.com/?utm_campaign=br@nd_fx_sp0ns0r&utm_source=facebook&utm_medium=Paid_Social,
657101,1002,5032,META,01/13/2026 23:37,11.97,https://valuetainment.com/?utm_campaign= brand_gs_promo &utm_source=Google&utm_medium=cpc,734.43
199224,1013,5558,Google,2025-11-25T18:07:42Z,0.66,https://valuetainment.com/?utm_source=tik_tok&utm_medium=paid&utm_campaign= pat_lib_bundle ,306.2
742383,1011,5759,TikTok,2026-02-05 20:18:15,4.95,https://valuetainment.com/?utm_source=Google&utm_campaign= consult_dfy_retgt ,136.35
943515,1001,5225,tiktok,2026-02-13 16:16:45,10.82,https://valuetainment.com/?utm_campaign=pbdpodprospq1&utm_medium=ppc&utm_source=tiktok,302.02
475935,1012,5225,meta,02/03/2026 16:36,10.88,https://valuetainment.com/?utm_medium=cpc&utm_campaign=vt summit vip&utm_source=TikTok,
575067,1005,5238,meta,2026-02-27 21:10:36,2.28,https://valuetainment.com/?utm_source=tiktok&utm_medium=paid&utm_campaign= pbd_retarget_warm ,122.36
332881,1007,5603,meta,04/14/2026 03:24,2.0,https://valuetainment.com/?utm_source=META&utm_medium=Paid_Social&utm_campaign=vt--summit--lastcall!!,338.54
211781,1009,5654,Google,05/14/2026 07:34,1.6,https://valuetainment.com/?utm_source=Google&utm_medium=paid&utm_campaign=LEADERSHIP_101_EV,721.66
264586,1001,5284,Google,04/12/2026 14:39,8.9,https://valuetainment.com/?utm_campaign=pbd--pod--prosp--q1!!&utm_medium=CPC,153.8
695417,1009,5692,meta,12/23/2025 16:18,,https://valuetainment.com/?utm_campaign=leadership--101--ev!!&utm_medium=Paid_Social&utm_source=meta,
776096,1006,5203,TikTok,01/25/2026 21:30,,https://valuetainment.com/?utm_source=tiktok&utm_medium=CPC&utm_campaign=ceo bootcamp prosp,663.88
392884,1008,5828,TikTok,2026-03-08T02:58:45Z,3.26,https://valuetainment.com/?utm_medium=CPC&utm_source=tiktok&utm_campaign=brand-fx-sponsor,242.43
244285,1008,5089,google,11/13/2025 11:27,7.66,https://valuetainment.com/?utm_medium=cpc&utm_campaign=brand_fx_sponsor&utm_source=tik_tok,
919921,1009,5828,GOOGLE,2026-04-10T15:25:27Z,11.09,https://valuetainment.com/?utm_medium=Paid_Social&utm_campaign=leadership--101--ev!!&utm_source=meta,612.63
302033,1011,5459,META,05/31/2026 11:44,2.02,https://valuetainment.com/?utm_source=tiktok&utm_campaign=c0nsult_dfy_retgt&utm_medium=paid,25.71
438192,1007,5665,Google,2025-11-22 02:30:12,0.73,https://valuetainment.com/?utm_campaign=VT_SUMMIT_LASTCALL&utm_source=Google,60.06
289570,1001,5758,meta,01/22/2026 20:04,5.55,https://valuetainment.com/?utm_campaign= pbd_pod_prosp_q1 &utm_medium=CPC&utm_source=facebook,
407529,1006,5558,google,2026-06-06 02:25:41,2.11,https://valuetainment.com/?utm_source=tik_tok&utm_campaign=ceo_bootcamp_prosp,751.43
305197,1003,5032,google,2026-05-26T05:20:33Z,8.96,https://valuetainment.com/?utm_campaign=vtsummitearlybird&utm_medium=cpc&utm_source=google,270.15
927188,1014,5432,META ,2025-12-03 02:25:44,7.83,https://valuetainment.com/?utm_medium=Paid_Social&utm_campaign=brand_protein_q2,194.69
119570,1009,5114,Meta,2025-12-19 22:14:29,11.73,https://valuetainment.com/?utm_campaign=LEADERSHIP_101_EV&utm_source=TikTok,
986128,1003,5718,TikTok,2025-12-20 02:18:54,2.98,https://valuetainment.com/?utm_medium=cpc&utm_campaign=vt-summit-earlybird&utm_source=META,669.83
465825,1010,5913,Meta,2026-05-07T14:26:40Z,1.44,https://valuetainment.com/?utm_campaign= pbd_cold_scale &utm_source=tiktok&utm_medium=cpc,
196313,1004,5104,Meta,05/27/2026 20:40,4.43,https://valuetainment.com/?utm_medium=cpc&utm_campaign=sales mastery lnch&utm_source=META,248.76
817497,1014,5517,Google,2026-03-16T08:46:20Z,1.91,https://valuetainment.com/?utm_campaign=Brand_protein_q2&utm_medium=CPC&utm_source=meta,626.11
482612,1006,5284,meta,2025-10-05T04:14:52Z,4.08,https://valuetainment.com/?utm_campaign=ceo_bootcamp_prosp&utm_source=TikTok,507.68
869747,1002,5223,google,2026-05-01T20:15:16Z,8.28,https://valuetainment.com/?utm_campaign=BRAND_GS_PROMO&utm_source=meta&utm_medium=paid,5.65
913172,1005,5692,Google,2026-03-09T15:57:15Z,,https://valuetainment.com/?utm_campaign=pbd-retarget-warm&utm_source=META,485.81
560515,1011,5558,TikTok,2025-10-15 15:49:01,6.58,https://valuetainment.com/?utm_campaign=c0nsult_dfy_retgt&utm_medium=ppc&utm_source=meta,619.22
589824,1012,5517,TikTok,05/06/2026 19:32,12.44,https://valuetainment.com/?utm_medium=Paid_Social&utm_campaign=VT_SUMMIT_VIP&utm_source=TikTok,32.63
224698,1008,5654,tik_tok,2025-11-07 11:28:43,0.97,https://valuetainment.com/?utm_medium=ppc&utm_source=google&utm_campaign= brand_fx_sponsor ,
709859,1011,5114,meta,2026-02-19 20:19:22,,https://valuetainment.com/?utm_source=google&utm_medium=cpc&utm_campaign=CONSULT_DFY_RETGT,696.38
737658,1007,5459,Meta,2025-11-16 08:15:05,,https://valuetainment.com/?utm_source=google&utm_campaign=Vt_summit_lastcall&utm_medium=CPC,465.63
877711,1014,5890,meta,2025-12-13 02:56:36,6.05,https://valuetainment.com/?utm_medium=Paid_Social&utm_campaign=BRAND_PROTEIN_Q2&utm_source=META,
320240,1006,5692,tiktok,11/16/2025 04:29,11.72,https://valuetainment.com/?utm_medium=ppc&utm_campaign=ce0_b00tc@mp_pr0sp&utm_source=tiktok,291.74
836274,1010,5754,google,2026-03-04 18:18:25,5.2,https://valuetainment.com/?utm_campaign=pbd_cold_scale&utm_medium=CPC&utm_source=tiktok,354.71
234921,1014,5654,tiktok,04/01/2026 16:46,4.25,https://valuetainment.com/?utm_source=meta&utm_medium=CPC&utm_campaign= brand_protein_q2 ,
740916,1008,5429,Google,2026-05-28 02:04:25,7.57,https://valuetainment.com/?utm_campaign=brand fx sponsor&utm_source=google&utm_medium=cpc,85.06
306861,1008,5432,tiktok,02/04/2026 11:42,4.95,https://valuetainment.com/?utm_campaign=brand_fx_sponsor,
866870,1013,5558,Google,2026-04-11 19:48:31,1.74,https://valuetainment.com/?utm_medium=cpc&utm_campaign=patlibbundle&utm_source=tiktok,739.89
754640,1001,5281,Meta,2026-02-16T00:35:39Z,11.41,https://valuetainment.com/?utm_campaign=pbdpodprospq1&utm_source=TikTok&utm_medium=Paid_Social,131.08
940561,1003,5281,Meta,2025-11-20T22:12:02Z,8.15,https://valuetainment.com/?utm_medium=cpc&utm_source=tiktok&utm_campaign=vt_summit_e@rlybird,702.73
451868,1014,5006,meta,2025-10-10T07:56:46Z,3.5,https://valuetainment.com/?utm_medium=CPC&utm_campaign=brand_pr&utm_source=tik_tok,712.52
407762,1009,5828,Meta,2026-02-20 18:21:22,2.37,https://valuetainment.com/?utm_medium=cpc&utm_campaign=leadership 101 ev&utm_source=Google,
353030,1012,5032,google,2026-05-19 17:47:56,7.44,https://valuetainment.com/?utm_campaign=vt_summi&utm_source=tik_tok&utm_medium=CPC,
982298,1015,5558,meta,11/26/2025 01:21,4.32,https://valuetainment.com/?utm_medium=cpc&utm_campaign=pbd yt remarketing,265.27
889355,1005,5718,TikTok,02/19/2026 19:39,3.24,https://valuetainment.com/?utm_campaign=pbd_ret@rget_w@rm&utm_source=meta&utm_medium=cpc,
551178,1002,5604,Meta,2025-12-19 05:36:12,4.07,https://valuetainment.com/?utm_medium=CPC&utm_source=meta&utm_campaign=brand_gs_promo,251.61
467067,1014,5517,meta,05/20/2026 02:36,10.06,https://valuetainment.com/?utm_medium=cpc&utm_campaign= brand_protein_q2 &utm_source=Google,531.67
829762,1008,5913,tik_tok,10/04/2025 13:07,11.26,https://valuetainment.com/?utm_campaign=brand-fx-sponsor&utm_source=meta,
872433,1012,5754,Google,2026-05-30 04:14:08,0.53,https://valuetainment.com/?utm_medium=ppc&utm_source=META&utm_campaign=vt_summit_vip,
541304,1001,5558,meta,02/27/2026 17:02,5.39,https://valuetainment.com/?utm_campaign=PBD_POD_PROSP_Q1&utm_medium=Paid_Social&utm_source=Google,
622127,1012,5574,Google,05/26/2026 07:08,10.6,https://valuetainment.com/?utm_source=google&utm_medium=CPC&utm_campaign=VT_SUMMIT_VIP,149.85
494853,1002,5913,Meta,04/11/2026 06:15,12.31,https://valuetainment.com/?utm_campaign=Brand_gs_promo&utm_medium=ppc&utm_source=Google,
345868,1004,5228,META ,2026-05-28 19:37:18,7.55,https://valuetainment.com/?utm_campaign=sales--mastery--lnch!!&utm_medium=paid&utm_source=tiktok,344.0
347774,1001,5284,META,2025-10-17T18:49:16Z,5.38,https://valuetainment.com/?utm_source=google&utm_medium=paid&utm_campaign=PBD_POD_PROSP_Q1,272.05
310829,1001,5616,google,2026-02-20 22:01:10,4.64,https://valuetainment.com/?utm_campaign=pbd_pod_prosp_q1&utm_medium=cpc&utm_source=TikTok,228.8
259033,1012,5759,META,2025-10-27 03:58:04,3.99,https://valuetainment.com/?utm_campaign=vt_summit_vip&utm_medium=cpc&utm_source=facebook,
297420,1005,5228,META,03/23/2026 02:55,4.53,https://valuetainment.com/?utm_campaign=pbd-retarget-warm&utm_source=META,590.25
800798,1003,5114,google,02/04/2026 06:49,10.01,https://valuetainment.com/?utm_campaign=VT_SUMMIT_EARLYBIRD&utm_source=google&utm_medium=ppc,107.2
796510,1006,5225,meta,2026-01-14T10:19:01Z,,https://valuetainment.com/?utm_medium=ppc&utm_campaign=CEO_BOOTCAMP_PROSP,761.62
377776,1011,5758,meta,2026-05-10 14:32:51,2.26,https://valuetainment.com/?utm_medium=CPC&utm_campaign=consult--dfy--retgt!!&utm_source=tik_tok,
263591,1006,5032,Meta,03/20/2026 00:16,5.31,https://valuetainment.com/?utm_medium=paid&utm_campaign=ceo-bootcamp-prosp,607.44
311973,1006,5250,google,2026-03-13 14:26:32,1.42,https://valuetainment.com/?utm_campaign=ceo_bootcamp_prosp&utm_medium=paid,
845713,1006,5603,tiktok,2025-11-23T10:24:01Z,6.24,https://valuetainment.com/?utm_source=meta&utm_medium=paid&utm_campaign=ceo--bootcamp--prosp!!,631.97
394259,1013,5754,Google,2026-05-08T17:25:36Z,10.47,https://valuetainment.com/?utm_source=tik_tok&utm_campaign=PAT_LIB_BUNDLE,639.99
868918,1003,5032,META,12/29/2025 17:37,3.59,https://valuetainment.com/?utm_campaign=vt summit earlybird&utm_source=google&utm_medium=ppc,204.39
697411,1002,5223,META,11/20/2025 10:34,,https://valuetainment.com/?utm_source=facebook&utm_campaign=brand--gs--promo!!,519.97
736976,1011,5025,Meta,2026-02-16 15:09:49,,https://valuetainment.com/?utm_campaign=consult_dfy_retgt&utm_medium=ppc,
388998,1011,5890,tiktok,2025-11-13T15:01:19Z,5.5,https://valuetainment.com/?utm_source=tik_tok&utm_medium=ppc&utm_campaign=CONSULT_DFY_RETGT,
141158,1012,5030,google,03/04/2026 14:00,6.67,https://valuetainment.com/?utm_campaign=vt-summit-vip&utm_source=TikTok&utm_medium=CPC,39.44
804028,1006,5574,GOOGLE,03/01/2026 10:57,1.87,https://valuetainment.com/?utm_campaign=CEO_BOOTCAMP_PROSP&utm_medium=CPC,
726004,1013,5142,Meta,10/24/2025 13:07,6.39,https://valuetainment.com/?utm_medium=Paid_Social&utm_campaign=pat lib bundle,308.04
822021,1009,5032,TikTok,2026-03-11T05:56:01Z,7.62,https://valuetainment.com/?utm_campaign=leadership-101-ev&utm_source=meta,672.91
884277,1013,5604,Google,2026-01-19T04:30:46Z,6.43,https://valuetainment.com/?utm_source=tiktok&utm_medium=Paid_Social&utm_campaign=PAT_LIB_BUNDLE,67.73
166085,1001,5142,meta,01/12/2026 23:44,7.92,https://valuetainment.com/?utm_campaign=pbd_pod_prosp_q1&utm_source=META,95.02
674485,1014,5604,GOOGLE,2026-01-16T16:43:44Z,2.37,https://valuetainment.com/?utm_source=google&utm_campaign=brand_pr&utm_medium=Paid_Social,360.06
373812,1006,5027,meta,2025-10-30T03:04:23Z,1.34,https://valuetainment.com/?utm_campaign= ceo_bootcamp_prosp &utm_medium=cpc&utm_source=tiktok,
674240,1015,5223,tiktok,2026-05-25 08:16:32,5.96,https://valuetainment.com/?utm_medium=CPC&utm_campaign= pbd_yt_remarketing ,
110195,1001,5095,TIKTOK,2025-10-05 17:45:25,3.92,https://valuetainment.com/?utm_campaign=pbd_pod_prosp_q1&utm_source=meta,172.99
354218,1002,5225,meta,2025-11-24 11:58:31,5.2,https://valuetainment.com/?utm_source=tik_tok&utm_campaign=Brand_gs_promo,514.16
173680,1008,5223,Google,2026-04-24T02:58:16Z,,https://valuetainment.com/?utm_campaign=BRAND_FX_SPONSOR&utm_medium=Paid_Social&utm_source=Google,
701788,1007,5114,meta,11/01/2025 15:31,8.77,https://valuetainment.com/?utm_medium=cpc&utm_campaign=vt-summit-lastcall&utm_source=meta,
409176,1005,5284,Meta,2026-03-13 01:05:06,12.4,https://valuetainment.com/?utm_campaign=pbd--retarget--warm!!&utm_medium=CPC,126.77
308346,1007,5095,meta,12/19/2025 01:33,1.0,https://valuetainment.com/?utm_medium=paid&utm_source=Google&utm_campaign= vt_summit_lastcall ,
287143,1002,5089,meta,10/09/2025 19:54,5.19,https://valuetainment.com/?utm_campaign=brand gs promo&utm_medium=Paid_Social,
418757,1010,5890,META,12/10/2025 12:44,,https://valuetainment.com/?utm_campaign=pbd cold scale&utm_source=meta&utm_medium=cpc,635.47
372952,1002,5604,meta,05/11/2026 13:46,8.15,https://valuetainment.com/?utm_campaign=br@nd_gs_pr0m0&utm_source=TikTok&utm_medium=paid,525.01
918742,1001,5104,meta,04/14/2026 03:15,7.11,https://valuetainment.com/?utm_medium=cpc&utm_source=tiktok&utm_campaign=pbd pod prosp q1,
614526,1002,5203,tiktok,2026-01-11T04:01:32Z,2.96,https://valuetainment.com/?utm_source=google&utm_campaign=br@nd_gs_pr0m0&utm_medium=Paid_Social,
852326,1004,5027,Meta,06/07/2026 22:37,6.33,https://valuetainment.com/?utm_campaign= sales_mastery_lnch &utm_medium=cpc,
493532,1002,5654,google,2025-10-07T03:28:56Z,1.72,https://valuetainment.com/?utm_source=TikTok&utm_medium=cpc&utm_campaign=br@nd_gs_pr0m0,745.05
677187,1005,5238,google,11/15/2025 09:47,2.43,https://valuetainment.com/?utm_campaign=Pbd_retarget_warm&utm_source=tiktok,
201191,1011,5616,google,2026-06-07 10:36:06,4.58,https://valuetainment.com/?utm_source=META&utm_medium=ppc&utm_campaign=CONSULT_DFY_RETGT,50.49
822308,1003,5203,meta,2026-03-01T06:16:23Z,5.9,https://valuetainment.com/?utm_medium=CPC&utm_source=facebook&utm_campaign=vt--summit--earlybird!!,
206560,1001,5429,meta,2025-12-29T14:59:34Z,8.43,https://valuetainment.com/?utm_source=google&utm_campaign=pbd_pod_,262.13
333210,1010,5828,meta,2026-03-12 05:54:57,7.58,https://valuetainment.com/?utm_source=TikTok&utm_medium=cpc&utm_campaign=Pbd_cold_scale,
978097,1003,5225,google,2025-10-18T08:37:40Z,3.83,https://valuetainment.com/?utm_source=tik_tok&utm_campaign=vt_summi&utm_medium=cpc,733.01
400056,1005,5095,META ,03/29/2026 04:11,7.57,https://valuetainment.com/?utm_source=google&utm_medium=CPC&utm_campaign=pbdretargetwarm,305.56
119723,1003,5089,meta,11/09/2025 03:45,4.63,https://valuetainment.com/?utm_campaign=vt_summit_e@rlybird,
705381,1013,5692,Google,02/23/2026 16:15,8.96,https://valuetainment.com/?utm_campaign=PAT_LIB_BUNDLE&utm_medium=CPC,778.77
643814,1003,5558,tik_tok,01/22/2026 19:44,8.83,https://valuetainment.com/?utm_source=tik_tok&utm_campaign=vt-summit-earlybird&utm_medium=ppc,48.95
769565,1008,5718,Google,2025-10-11 05:58:30,3.07,https://valuetainment.com/?utm_campaign=brand_fx&utm_source=google&utm_medium=ppc,770.03
739410,1004,5758,tik_tok,12/17/2025 05:02,4.16,https://valuetainment.com/?utm_medium=CPC&utm_source=TikTok&utm_campaign= sales_mastery_lnch ,246.25
990439,1006,5913,meta,06/04/2026 23:06,,https://valuetainment.com/?utm_campaign=ceobootcampprosp&utm_source=facebook,
508356,1012,5284,META ,2025-12-29T20:51:45Z,4.87,https://valuetainment.com/?utm_source=meta&utm_campaign=vt_summit_vip&utm_medium=cpc,
134303,1009,5828,Meta,2025-11-01T10:35:34Z,9.52,https://valuetainment.com/?utm_campaign=Leadership_101_ev&utm_medium=CPC&utm_source=facebook,490.0
377107,1002,5089,google,05/06/2026 20:51,7.39,https://valuetainment.com/?utm_medium=Paid_Social&utm_campaign=Brand_gs_promo&utm_source=Google,343.63
939767,1010,5095,TikTok,06/07/2026 14:46,,https://valuetainment.com/?utm_campaign=pbd_c0ld_sc@le&utm_source=tik_tok&utm_medium=Paid_Social,
684187,1003,5913,google,2025-11-21T05:11:45Z,0.47,https://valuetainment.com/?utm_campaign=vt_summi&utm_medium=Paid_Social,360.59
314871,1001,5228,meta,2026-05-23 03:41:18,11.28,https://valuetainment.com/?utm_source=tik_tok&utm_medium=cpc&utm_campaign=PBD_POD_PROSP_Q1,
989071,1013,5604,google,2025-12-03T10:27:34Z,,https://valuetainment.com/?utm_campaign=p@t_lib_bundle&utm_medium=CPC&utm_source=Google,667.84
418948,1009,5203,tik_tok,2025-12-16 23:19:45,7.33,https://valuetainment.com/?utm_source=tik_tok&utm_medium=ppc&utm_campaign=leadership101ev,501.98
146671,1009,5777,Google,11/14/2025 19:55,1.03,https://valuetainment.com/?utm_source=Google&utm_campaign=LEADERSHIP_101_EV&utm_medium=cpc,695.01
787828,1005,5558,META,2025-12-23 16:32:10,,https://valuetainment.com/?utm_campaign=Pbd_retarget_warm&utm_source=tiktok&utm_medium=Paid_Social,199.72
679024,1002,5517,GOOGLE,2026-05-27 03:11:01,,https://valuetainment.com/?utm_campaign= brand_gs_promo &utm_source=META&utm_medium=cpc,538.19
899248,1001,5754,google,2026-01-15 11:47:50,1.12,https://valuetainment.com/?utm_campaign=pbdpodprospq1&utm_source=google,516.63
284778,1012,5429,meta,11/13/2025 15:54,11.37,https://valuetainment.com/?utm_campaign=vt_summit_vip&utm_medium=paid&utm_source=META,207.81
181865,1008,5574,Meta,05/15/2026 22:06,6.79,https://valuetainment.com/?utm_campaign=brand--fx--sponsor!!&utm_source=tik_tok,415.16
663367,1010,5006,meta,2026-03-11T10:42:12Z,9.7,https://valuetainment.com/?utm_campaign=pbd--cold--scale!!&utm_source=meta,521.41
127595,1002,5665,meta,02/08/2026 18:28,3.04,https://valuetainment.com/?utm_campaign=brand gs promo&utm_source=tiktok&utm_medium=Paid_Social,636.89
833842,1007,5429,Meta,2026-05-27T18:15:41Z,8.99,https://valuetainment.com/?utm_source=META&utm_campaign=VT_SUMMIT_LASTCALL,91.92
555424,1006,5692,TikTok,2026-02-04T01:47:30Z,0.85,https://valuetainment.com/?utm_campaign=ceobootcampprosp&utm_source=google&utm_medium=cpc,311.02
353480,1006,5228,meta,01/21/2026 16:58,3.67,https://valuetainment.com/?utm_source=tik_tok&utm_medium=ppc&utm_campaign=ceobootcampprosp,
582591,1012,5459,GOOGLE,2026-05-12T12:46:59Z,11.7,https://valuetainment.com/?utm_campaign=vt_summi&utm_medium=Paid_Social&utm_source=tik_tok,
183328,1010,5089,meta,2026-04-09T23:08:58Z,4.22,https://valuetainment.com/?utm_campaign=PBD_COLD_SCALE&utm_source=Google,494.77
712018,1005,5095,GOOGLE,02/11/2026 04:03,9.79,https://valuetainment.com/?utm_medium=CPC&utm_campaign=Pbd_retarget_warm&utm_source=facebook,
932143,1015,5095,Meta,03/07/2026 17:18,10.09,https://valuetainment.com/?utm_medium=paid&utm_campaign=PBD_YT_REMARKETING,732.67
596699,1012,5432,meta,2026-03-19 10:55:45,11.08,https://valuetainment.com/?utm_campaign=vtsummitvip&utm_medium=ppc&utm_source=facebook,271.2
617045,1001,5574,META,2025-10-23T12:53:29Z,,https://valuetainment.com/?utm_medium=Paid_Social&utm_campaign=pbd_p0d_pr0sp_q1&utm_source=TikTok,379.8
564063,1001,5284,Meta,2025-11-18 06:43:09,7.3,https://valuetainment.com/?utm_medium=cpc&utm_source=tik_tok&utm_campaign=pbd_pod_,55.55
346621,1009,5758,META,2025-11-26 03:43:33,7.73,https://valuetainment.com/?utm_campaign=leadership_101_ev&utm_medium=cpc&utm_source=google,601.38
762261,1001,5030,meta,2025-10-26 21:35:20,3.43,https://valuetainment.com/?utm_campaign=pbd_pod_prosp_q1&utm_source=facebook&utm_medium=cpc,343.62
725084,1010,5665,META,05/17/2026 13:27,3.17,https://valuetainment.com/?utm_medium=CPC&utm_campaign= pbd_cold_scale &utm_source=facebook,360.41
736316,1005,5604,google,2026-02-13 18:00:27,4.12,https://valuetainment.com/?utm_source=meta&utm_campaign=pbd_ret@rget_w@rm&utm_medium=cpc,
284450,1004,5604,Meta,2026-03-30T07:32:07Z,9.19,https://valuetainment.com/?utm_source=Google&utm_campaign=salesmasterylnch,
586053,1005,5759,Google,01/10/2026 13:12,4.74,https://valuetainment.com/?utm_medium=cpc&utm_source=meta&utm_campaign=pbd_reta,
912418,1004,5095,google,10/16/2025 13:48,11.5,https://valuetainment.com/?utm_source=META&utm_campaign=sales mastery lnch,342.99
898885,1011,5027,meta,2026-06-04T19:39:15Z,0.59,https://valuetainment.com/?utm_source=META&utm_campaign=CONSULT_DFY_RETGT&utm_medium=paid,
261037,1009,5558,google,2026-05-17T21:41:12Z,8.62,https://valuetainment.com/?utm_source=TikTok&utm_campaign=leadership-101-ev&utm_medium=CPC,
576768,1001,5104,META ,2026-05-03T20:56:11Z,3.09,https://valuetainment.com/?utm_campaign=pbd_pod_&utm_medium=paid&utm_source=google,471.58
551141,1014,5432,meta,02/17/2026 20:14,10.47,https://valuetainment.com/?utm_campaign= brand_protein_q2 &utm_medium=cpc&utm_source=facebook,
472405,1008,5692,meta,05/16/2026 06:40,4.65,https://valuetainment.com/?utm_medium=paid&utm_campaign= brand_fx_sponsor ,359.74
180567,1007,5238,meta,2026-01-19T09:41:35Z,6.45,https://valuetainment.com/?utm_campaign=vt summit lastcall&utm_source=meta,
855704,1015,5754,GOOGLE,2026-01-24T12:04:17Z,12.0,https://valuetainment.com/?utm_source=facebook&utm_medium=paid&utm_campaign=pbd_yt_rem@rketing,563.02
212024,1012,5603,META ,2026-04-24T04:02:22Z,2.25,https://valuetainment.com/?utm_medium=Paid_Social&utm_campaign=vt_summi&utm_source=tiktok,210.14
939767,1010,5095,TikTok,06/07/2026 14:46,,https://valuetainment.com/?utm_campaign=pbd_c0ld_sc@le&utm_source=tik_tok&utm_medium=Paid_Social,
853607,1009,5225,tiktok,2026-04-23T11:19:42Z,8.97,https://valuetainment.com/?utm_campaign=leadership-101-ev&utm_medium=CPC&utm_source=meta,192.47
666093,1015,5754,Meta,2026-02-05 08:07:56,1.51,https://valuetainment.com/?utm_source=TikTok&utm_campaign=pbd_yt_remarketing&utm_medium=Paid_Social,77.03
381002,1002,5006,meta,05/05/2026 20:08,2.77,https://valuetainment.com/?utm_source=facebook&utm_campaign=br@nd_gs_pr0m0&utm_medium=ppc,
580150,1005,5025,TIKTOK,2026-05-18T21:04:27Z,7.07,https://valuetainment.com/?utm_campaign=pbd-retarget-warm&utm_medium=CPC&utm_source=Google,
152486,1014,5225,Google,2025-11-08T02:56:50Z,7.68,https://valuetainment.com/?utm_campaign=brand_protein_q2&utm_source=google&utm_medium=ppc,410.76
839477,1015,5758,META,11/05/2025 03:14,8.19,https://valuetainment.com/?utm_campaign=PBD_YT_REMARKETING&utm_source=tiktok,181.41
454871,1006,5733,google,2025-10-31 09:19:05,1.83,https://valuetainment.com/?utm_campaign=CEO_BOOTCAMP_PROSP&utm_medium=Paid_Social&utm_source=TikTok,
679252,1005,5432,meta,03/12/2026 12:47,,https://valuetainment.com/?utm_campaign=pbd_reta&utm_source=TikTok&utm_medium=CPC,665.4
724037,1004,5733,TIKTOK,2025-12-03T12:10:14Z,,https://valuetainment.com/?utm_campaign=salesmasterylnch&utm_source=TikTok&utm_medium=CPC,
212860,1009,5432,META ,2026-01-07T23:28:09Z,5.43,https://valuetainment.com/?utm_medium=cpc&utm_campaign=leadership_101_ev,576.25
994662,1013,5429,TikTok,2026-04-14 03:03:52,10.4,https://valuetainment.com/?utm_medium=ppc&utm_source=google&utm_campaign=PAT_LIB_BUNDLE,784.52
604817,1006,5758,TikTok,2026-04-14T06:47:21Z,2.59,https://valuetainment.com/?utm_campaign=ceo-bootcamp-prosp&utm_source=google,
963319,1010,5006,GOOGLE,03/26/2026 12:04,,https://valuetainment.com/?utm_medium=paid&utm_source=TikTok&utm_campaign=Pbd_cold_scale,376.65
760830,1008,5654,GOOGLE,2026-05-29 03:26:01,4.26,https://valuetainment.com/?utm_campaign=BRAND_FX_SPONSOR&utm_source=facebook,94.64
630019,1012,5095,Meta,05/06/2026 16:47,8.11,https://valuetainment.com/?utm_medium=cpc&utm_campaign=vt--summit--vip!!&utm_source=tiktok,752.87
245431,1008,5095,meta,12/23/2025 14:06,7.5,https://valuetainment.com/?utm_medium=ppc&utm_campaign=Brand_fx_sponsor&utm_source=Google,504.49
777811,1011,5759,Google,2026-03-31T16:33:48Z,10.21,https://valuetainment.com/?utm_campaign=consult--dfy--retgt!!&utm_source=Google&utm_medium=paid,
492383,1007,5665,META ,2026-04-23 06:41:58,9.46,https://valuetainment.com/?utm_source=Google&utm_medium=cpc&utm_campaign=vt_summit_l@stc@ll,
760374,1008,5913,meta,2026-06-04 08:43:42,,https://valuetainment.com/?utm_medium=paid&utm_source=META&utm_campaign=BRAND_FX_SPONSOR,55.99
471884,1014,5432,Meta,2026-02-10T09:15:20Z,1.76,https://valuetainment.com/?utm_campaign=brandproteinq2,749.35
435299,1002,5616,meta,2026-03-10T16:02:11Z,3.91,https://valuetainment.com/?utm_medium=cpc&utm_campaign=brandgspromo,794.55
564329,1010,5027,Meta,2026-01-27T23:22:07Z,9.37,https://valuetainment.com/?utm_campaign=PBD_COLD_SCALE&utm_source=tiktok,
166938,1008,5032,Meta,2026-01-25 00:56:06,3.78,https://valuetainment.com/?utm_medium=paid&utm_campaign=brandfxsponsor,
726389,1006,5006,google,2026-04-25 18:20:15,3.59,https://valuetainment.com/?utm_source=Google&utm_campaign=ceobootcampprosp&utm_medium=Paid_Social,292.98
398433,1013,5250,META ,05/27/2026 07:45,8.56,https://valuetainment.com/?utm_campaign=pat-lib-bundle&utm_medium=Paid_Social&utm_source=META,589.22
449964,1010,5142,Google,2025-12-01T10:45:13Z,9.3,https://valuetainment.com/?utm_medium=cpc&utm_campaign= pbd_cold_scale &utm_source=TikTok,779.38
159145,1015,5758,META,2026-03-18 05:53:30,9.89,https://valuetainment.com/?utm_campaign=pbdytremarketing&utm_source=TikTok,
432244,1001,5692,meta,03/22/2026 00:52,3.6,https://valuetainment.com/?utm_source=meta&utm_medium=CPC&utm_campaign=pbdpodprospq1,
159404,1007,5032,Meta,2026-06-06T15:42:22Z,10.88,https://valuetainment.com/?utm_source=tik_tok&utm_campaign=vt_summi&utm_medium=CPC,
572978,1005,5718,TikTok,04/13/2026 07:31,3.02,https://valuetainment.com/?utm_campaign=pbd--retarget--warm!!&utm_source=Google&utm_medium=paid,72.23
528605,1005,5754,Meta,2026-05-25 22:14:35,8.38,https://valuetainment.com/?utm_source=facebook&utm_campaign=pbd retarget warm&utm_medium=paid,82.52
869343,1009,5203,google,2026-01-25T16:31:33Z,11.36,https://valuetainment.com/?utm_campaign=Leadership_101_ev&utm_source=META,596.78
245357,1013,5718,TikTok,2026-06-03 23:44:14,5.33,https://valuetainment.com/?utm_campaign=pat lib bundle&utm_source=meta,296.34
227337,1015,5089,tiktok,2026-05-27T16:18:41Z,2.04,https://valuetainment.com/?utm_source=google&utm_medium=paid&utm_campaign=pbd_yt_remarketing,516.06
465836,1013,5025,META,2025-12-15 15:18:39,10.77,https://valuetainment.com/?utm_medium=Paid_Social&utm_source=TikTok&utm_campaign=patlibbundle,617.1
152977,1014,5025,META,2025-10-19 12:54:10,,https://valuetainment.com/?utm_campaign=BRAND_PROTEIN_Q2&utm_medium=paid&utm_source=Google,461.58
450290,1002,5114,google,2025-12-24T19:48:07Z,8.26,https://valuetainment.com/?utm_source=META&utm_campaign=brand-gs-promo,693.35
111230,1008,5025,Google,2026-04-17T06:39:03Z,8.37,https://valuetainment.com/?utm_source=google&utm_campaign= brand_fx_sponsor ,228.81
676333,1008,5733,google,2026-02-16T22:13:28Z,5.11,https://valuetainment.com/?utm_source=Google&utm_campaign=BRAND_FX_SPONSOR&utm_medium=cpc,
462351,1008,5718,META,12/17/2025 08:50,4.05,https://valuetainment.com/?utm_campaign=brandfxsponsor&utm_source=meta&utm_medium=Paid_Social,552.25
793980,1003,5828,google,2026-05-30T08:18:41Z,1.21,https://valuetainment.com/?utm_source=facebook&utm_campaign=vtsummitearlybird,
264847,1006,5665,Google,2026-02-02T02:57:33Z,1.02,https://valuetainment.com/?utm_medium=Paid_Social&utm_campaign=ceo_bootcamp_prosp&utm_source=meta,721.97
871816,1012,5654,META,10/08/2025 02:02,12.05,https://valuetainment.com/?utm_campaign=vt summit vip&utm_medium=cpc&utm_source=Google,
973074,1002,5654,TikTok,2026-04-26 10:29:59,3.19,https://valuetainment.com/?utm_campaign=brand_gs_promo&utm_medium=CPC&utm_source=facebook,
193610,1012,5603,google,2026-04-23 15:07:41,11.96,https://valuetainment.com/?utm_campaign=vt_summit_vip&utm_source=tiktok&utm_medium=CPC,772.36
822924,1010,5223,meta,2025-11-03T16:41:44Z,6.5,https://valuetainment.com/?utm_source=tiktok&utm_medium=cpc&utm_campaign=Pbd_cold_scale,319.28
185985,1010,5027,GOOGLE,2025-10-19T07:51:47Z,6.16,https://valuetainment.com/?utm_source=google&utm_campaign=pbd cold scale&utm_medium=cpc,86.21
672130,1010,5665,google,2026-03-04 05:09:08,9.68,https://valuetainment.com/?utm_source=facebook&utm_campaign=pbd_cold,203.27
923507,1010,5238,Google,2026-06-02T14:31:40Z,,https://valuetainment.com/?utm_source=tik_tok&utm_medium=ppc&utm_campaign=pbd cold scale,
950038,1007,5517,TikTok,2026-06-01 14:33:17,1.48,https://valuetainment.com/?utm_medium=ppc&utm_source=meta&utm_campaign=vt--summit--lastcall!!,345.16
275161,1012,5223,Google,2026-06-01 10:04:22,,https://valuetainment.com/?utm_campaign=Vt_summit_vip&utm_source=google&utm_medium=ppc,652.5
745584,1002,5459,Meta,2026-06-05 18:04:27,3.33,https://valuetainment.com/?utm_campaign=brand gs promo&utm_source=meta&utm_medium=cpc,
943397,1007,5828,Meta,2026-03-15T23:53:03Z,7.7,https://valuetainment.com/?utm_medium=CPC&utm_source=tiktok&utm_campaign=Vt_summit_lastcall,708.83
346988,1002,5603,Google,2026-03-15T14:38:57Z,5.11,https://valuetainment.com/?utm_source=tik_tok&utm_medium=ppc&utm_campaign= brand_gs_promo ,
343377,1008,5718,meta,2026-01-22T22:37:50Z,7.53,https://valuetainment.com/?utm_campaign=brand fx sponsor&utm_source=tik_tok,737.39
796772,1012,5223,Google,2025-10-21 21:28:22,,https://valuetainment.com/?utm_campaign=vtsummitvip&utm_source=Google,333.25
993829,1010,5228,GOOGLE,2026-03-28 11:36:45,4.59,https://valuetainment.com/?utm_source=META&utm_campaign=pbd--cold--scale!!&utm_medium=cpc,38.73
694947,1015,5574,google,2026-03-05T10:08:38Z,3.7,https://valuetainment.com/?utm_source=facebook&utm_medium=Paid_Social&utm_campaign=pbd yt remarketing,
554557,1010,5758,META ,2026-05-20T09:48:08Z,4.13,https://valuetainment.com/?utm_medium=Paid_Social&utm_source=google&utm_campaign=pbd_cold_scale,684.41
166632,1006,5032,TIKTOK,2026-01-21T01:27:57Z,12.24,https://valuetainment.com/?utm_campaign=ceo bootcamp prosp&utm_medium=CPC,625.44
256169,1005,5429,meta,2026-01-09T11:49:44Z,1.97,https://valuetainment.com/?utm_medium=ppc&utm_source=tik_tok&utm_campaign=pbd--retarget--warm!!,
926927,1003,5281,Meta,11/30/2025 09:50,8.03,https://valuetainment.com/?utm_campaign= vt_summit_earlybird &utm_medium=ppc&utm_source=facebook,
834824,1014,5429,Meta,2025-11-04 00:35:25,11.04,https://valuetainment.com/?utm_medium=CPC&utm_source=meta&utm_campaign=brand-protein-q2,
132654,1002,5758,Google,02/11/2026 18:49,8.62,https://valuetainment.com/?utm_source=google&utm_campaign=brand_gs_promo&utm_medium=CPC,711.4
114715,1014,5574,Meta,2025-10-06 06:19:12,5.76,https://valuetainment.com/?utm_campaign=brand--protein--q2!!&utm_source=TikTok&utm_medium=CPC,
608849,1010,5032,tiktok,2025-10-22T02:54:18Z,2.82,https://valuetainment.com/?utm_source=meta&utm_campaign=pbd-cold-scale,371.09
271139,1015,5828,tik_tok,2026-04-28T01:55:59Z,2.04,https://valuetainment.com/?utm_campaign=pbd-yt-remarketing&utm_source=meta&utm_medium=paid,21.32
102876,1008,5281,Google,03/23/2026 14:52,6.26,https://valuetainment.com/?utm_medium=Paid_Social&utm_campaign=brand fx sponsor&utm_source=META,311.18
229858,1007,5558,google,02/23/2026 08:49,0.53,https://valuetainment.com/?utm_campaign=vt-summit-lastcall&utm_medium=CPC&utm_source=tik_tok,200.11
291936,1002,5828,META ,2026-03-14 07:00:26,2.15,https://valuetainment.com/?utm_medium=Paid_Social&utm_campaign=brand-gs-promo,477.14
208273,1005,5203,Meta,2026-05-31T20:11:05Z,1.44,https://valuetainment.com/?utm_source=tiktok&utm_medium=paid&utm_campaign=pbd_reta,690.73
257652,1003,5913,Meta,2025-11-06T10:43:31Z,12.42,https://valuetainment.com/?utm_source=tiktok&utm_medium=Paid_Social&utm_campaign=VT_SUMMIT_EARLYBIRD,
693393,1010,5616,GOOGLE,2026-04-01 03:08:24,2.36,https://valuetainment.com/?utm_campaign=pbd_c0ld_sc@le&utm_source=tiktok,
755710,1006,5890,meta,2026-02-20T17:23:09Z,9.81,https://valuetainment.com/?utm_medium=CPC&utm_campaign=ceo--bootcamp--prosp!!&utm_source=tik_tok,732.51
600296,1011,5429,META,2026-05-29T04:49:55Z,5.33,https://valuetainment.com/?utm_medium=CPC&utm_source=tik_tok&utm_campaign=consult_,595.4
236302,1011,5284,GOOGLE,2025-10-26T15:19:31Z,7.75,https://valuetainment.com/?utm_campaign=c0nsult_dfy_retgt&utm_source=Google&utm_medium=cpc,487.78
792682,1001,5718,google,2026-05-30T22:18:55Z,1.09,https://valuetainment.com/?utm_medium=Paid_Social&utm_campaign=pbd--pod--prosp--q1!!,
869372,1015,5558,META ,05/11/2026 01:25,6.81,https://valuetainment.com/?utm_campaign=Pbd_yt_remarketing,619.71
737813,1012,5759,Google,2025-11-09 11:01:33,7.37,https://valuetainment.com/?utm_medium=cpc&utm_campaign=vt_summit_vip,193.73
952919,1002,5754,Meta,04/07/2026 08:10,1.04,https://valuetainment.com/?utm_medium=paid&utm_campaign=BRAND_GS_PROMO,333.23
288421,1014,5032,google,2026-06-04T13:33:46Z,1.98,https://valuetainment.com/?utm_medium=cpc&utm_campaign=brand protein q2,235.13
744907,1001,5429,google,04/26/2026 18:54,11.0,https://valuetainment.com/?utm_medium=ppc&utm_campaign=pbd_pod_&utm_source=meta,64.3
289516,1009,5250,Google,05/17/2026 22:14,6.85,https://valuetainment.com/?utm_campaign=LEADERSHIP_101_EV&utm_source=tiktok&utm_medium=ppc,482.07
483457,1004,5025,META ,10/23/2025 18:25,12.02,https://valuetainment.com/?utm_source=meta&utm_campaign=Sales_mastery_lnch,635.24
289434,1013,5459,Google,2025-12-01T03:05:11Z,4.94,https://valuetainment.com/?utm_campaign= pat_lib_bundle &utm_source=tik_tok&utm_medium=CPC,
243989,1001,5089,Google,05/31/2026 20:27,0.75,https://valuetainment.com/?utm_source=tiktok&utm_campaign=PBD_POD_PROSP_Q1,111.18
836573,1015,5574,google,11/09/2025 21:54,0.46,https://valuetainment.com/?utm_source=facebook&utm_campaign=pbd--yt--remarketing!!&utm_medium=paid,579.14
633618,1011,5604,meta,2025-10-18 02:46:10,5.52,https://valuetainment.com/?utm_campaign= consult_dfy_retgt &utm_source=Google&utm_medium=paid,355.7
252328,1003,5574,meta,2025-10-02 14:56:16,5.9,https://valuetainment.com/?utm_medium=paid&utm_source=google&utm_campaign=vt_summit_earlybird,
199460,1015,5429,google,01/07/2026 11:17,7.32,https://valuetainment.com/?utm_medium=ppc&utm_campaign=pbd_yt_r,
536790,1010,5089,Meta,2026-03-07T00:32:00Z,1.72,https://valuetainment.com/?utm_campaign=pbd-cold-scale&utm_source=tiktok,794.1
810231,1003,5574,tiktok,2026-02-12 16:26:30,7.51,https://valuetainment.com/?utm_source=google&utm_campaign= vt_summit_earlybird ,
204280,1007,5032,tiktok,2026-04-10 03:54:38,2.67,https://valuetainment.com/?utm_campaign=vt_summit_l@stc@ll&utm_medium=ppc&utm_source=tiktok,
896028,1013,5828,TIKTOK,05/14/2026 01:02,2.58,https://valuetainment.com/?utm_source=tiktok&utm_campaign=p@t_lib_bundle,395.29
127060,1006,5281,meta,2026-04-12T07:04:49Z,0.73,https://valuetainment.com/?utm_medium=CPC&utm_source=Google&utm_campaign=ceo_boot,367.62
874662,1010,5517,META,2025-12-03T13:20:07Z,3.59,https://valuetainment.com/?utm_source=META&utm_campaign=pbdcoldscale,
886897,1012,5654,TIKTOK,2026-06-08 07:00:31,7.72,https://valuetainment.com/?utm_source=google&utm_campaign=VT_SUMMIT_VIP&utm_medium=paid,16.57
154600,1014,5250,Meta,01/20/2026 07:26,3.8,https://valuetainment.com/?utm_campaign=br@nd_pr0tein_q2&utm_medium=cpc&utm_source=tiktok,
234242,1012,5718,GOOGLE,2025-12-15 16:17:50,,https://valuetainment.com/?utm_source=facebook&utm_campaign= vt_summit_vip &utm_medium=Paid_Social,
696052,1005,5432,meta,2025-11-20 12:32:35,0.65,https://valuetainment.com/?utm_campaign=pbd_retarget_warm&utm_medium=cpc&utm_source=TikTok,231.33
728331,1015,5890,Meta,2026-03-04T19:57:22Z,,https://valuetainment.com/?utm_medium=cpc&utm_source=tik_tok&utm_campaign=pbd-yt-remarketing,
628790,1010,5558,GOOGLE,2025-12-15 04:51:55,10.19,https://valuetainment.com/?utm_source=META&utm_medium=paid&utm_campaign=pbd_cold,
414678,1015,5574,Google,2026-02-16T16:40:22Z,10.99,https://valuetainment.com/?utm_medium=Paid_Social&utm_source=Google&utm_campaign=PBD_YT_REMARKETING,392.18
887636,1013,5718,tik_tok,01/23/2026 01:20,8.67,https://valuetainment.com/?utm_source=facebook&utm_medium=Paid_Social&utm_campaign=Pat_lib_bundle,
147418,1003,5777,tik_tok,2026-04-26 15:31:26,4.46,https://valuetainment.com/?utm_source=Google&utm_medium=cpc&utm_campaign=VT_SUMMIT_EARLYBIRD,
680628,1011,5828,GOOGLE,2025-10-15T10:08:56Z,2.02,https://valuetainment.com/?utm_source=Google&utm_campaign= consult_dfy_retgt &utm_medium=Paid_Social,324.91
936863,1005,5718,google,2026-05-31T11:09:19Z,6.64,https://valuetainment.com/?utm_campaign= pbd_retarget_warm ,
838936,1014,5250,TikTok,01/05/2026 09:34,0.94,https://valuetainment.com/?utm_campaign=brand_protein_q2&utm_medium=Paid_Social,262.23
409142,1011,5104,Google,12/02/2025 00:46,11.69,https://valuetainment.com/?utm_campaign=c0nsult_dfy_retgt&utm_medium=CPC&utm_source=tik_tok,128.06
165261,1011,5238,Google,2026-05-04T16:37:18Z,12.33,https://valuetainment.com/?utm_medium=cpc&utm_campaign=CONSULT_DFY_RETGT&utm_source=tik_tok,138.45
831687,1008,5759,Meta,2025-11-08 11:09:11,,https://valuetainment.com/?utm_campaign=brand--fx--sponsor!!&utm_source=TikTok&utm_medium=Paid_Social,87.33
679604,1003,5733,GOOGLE,2026-01-19T00:03:57Z,6.99,https://valuetainment.com/?utm_medium=ppc&utm_source=meta&utm_campaign=VT_SUMMIT_EARLYBIRD,676.07
343269,1005,5604,meta,2025-11-26T23:19:30Z,6.63,https://valuetainment.com/?utm_source=meta&utm_campaign=pbd--retarget--warm!!,526.95
901282,1012,5913,GOOGLE,2026-03-06T02:28:47Z,8.84,https://valuetainment.com/?utm_campaign=VT_SUMMIT_VIP&utm_source=tiktok&utm_medium=ppc,
357875,1004,5225,meta,2025-12-03 00:18:40,6.72,https://valuetainment.com/?utm_campaign=sales-mastery-lnch&utm_medium=cpc&utm_source=tiktok,
866723,1011,5142,TikTok,06/05/2026 10:54,,https://valuetainment.com/?utm_medium=paid&utm_source=tik_tok&utm_campaign=consult_dfy_retgt,309.39
689569,1001,5574,google,03/15/2026 03:08,3.6,https://valuetainment.com/?utm_source=facebook&utm_campaign=pbd_pod_&utm_medium=CPC,
688521,1002,5913,GOOGLE,2026-03-06 08:18:58,,https://valuetainment.com/?utm_campaign=brand gs promo&utm_source=Google&utm_medium=Paid_Social,
932673,1003,5006,tik_tok,01/14/2026 12:11,9.15,https://valuetainment.com/?utm_campaign= vt_summit_earlybird &utm_source=meta&utm_medium=ppc,356.93
792188,1010,5027,meta,01/30/2026 06:30,6.61,https://valuetainment.com/?utm_campaign=pbd cold scale&utm_source=facebook&utm_medium=cpc,84.76
331389,1007,5104,GOOGLE,2026-01-30 00:02:02,1.46,https://valuetainment.com/?utm_medium=cpc&utm_campaign=vt_summit_lastcall&utm_source=facebook,
800609,1011,5616,meta,05/22/2026 09:00,,https://valuetainment.com/?utm_medium=Paid_Social&utm_campaign=c0nsult_dfy_retgt&utm_source=tik_tok,195.72
265840,1007,5225,TIKTOK,2025-12-09T09:09:22Z,11.94,https://valuetainment.com/?utm_medium=cpc&utm_campaign=Vt_summit_lastcall&utm_source=Google,210.71
481133,1009,5517,META,2026-02-10 21:44:08,6.82,https://valuetainment.com/?utm_medium=CPC&utm_campaign=leadership_101_ev&utm_source=tik_tok,541.52
353143,1004,5517,meta,2025-12-23T04:23:29Z,2.68,https://valuetainment.com/?utm_source=tik_tok&utm_campaign=SALES_MASTERY_LNCH&utm_medium=CPC,398.7
216968,1012,5616,Meta,2026-01-10T11:03:02Z,11.42,https://valuetainment.com/?utm_medium=paid&utm_campaign=vt-summit-vip&utm_source=TikTok,527.32
618491,1011,5828,TikTok,2026-03-28T13:56:12Z,5.95,https://valuetainment.com/?utm_source=facebook&utm_campaign=consult dfy retgt,538.6
581689,1003,5828,Meta,2026-05-22 04:19:03,9.84,https://valuetainment.com/?utm_source=tiktok&utm_medium=paid&utm_campaign=vtsummitearlybird,
814281,1002,5203,GOOGLE,04/03/2026 17:50,0.51,https://valuetainment.com/?utm_campaign=brand_gs&utm_source=google,743.28
294982,1014,5089,meta,2026-02-24T04:16:05Z,11.24,https://valuetainment.com/?utm_source=tik_tok&utm_campaign=BRAND_PROTEIN_Q2&utm_medium=CPC,
746450,1006,5758,Meta,04/05/2026 12:34,9.48,https://valuetainment.com/?utm_campaign=ceo bootcamp prosp&utm_source=tik_tok,140.34
112653,1009,5828,google,2026-02-19T21:53:27Z,11.7,https://valuetainment.com/?utm_source=META&utm_campaign=leadership--101--ev!!,
829762,1008,5913,tik_tok,10/04/2025 13:07,11.26,https://valuetainment.com/?utm_campaign=brand-fx-sponsor&utm_source=meta,
382213,1009,5913,Meta,2025-12-06T21:09:47Z,2.44,https://valuetainment.com/?utm_source=facebook&utm_campaign=leadership--101--ev!!&utm_medium=paid,40.91
140949,1006,5006,google,06/05/2026 14:45,1.22,https://valuetainment.com/?utm_medium=cpc&utm_campaign=ceo--bootcamp--prosp!!&utm_source=tiktok,
743415,1003,5027,GOOGLE,2026-01-09 20:19:53,7.43,https://valuetainment.com/?utm_source=META&utm_medium=cpc&utm_campaign=Vt_summit_earlybird,
677438,1015,5459,Meta,2026-06-02T23:03:25Z,1.51,https://valuetainment.com/?utm_campaign=pbd_yt_rem@rketing&utm_source=tik_tok&utm_medium=cpc,335.39
483123,1011,5558,meta,02/18/2026 09:43,4.23,https://valuetainment.com/?utm_medium=CPC&utm_campaign=consult-dfy-retgt&utm_source=meta,
778766,1009,5203,google,2025-12-29 03:50:06,8.37,https://valuetainment.com/?utm_medium=CPC&utm_source=META&utm_campaign=Leadership_101_ev,
426088,1006,5558,Google,01/13/2026 09:04,3.45,https://valuetainment.com/?utm_medium=paid&utm_campaign=ceo_boot&utm_source=TikTok,
161847,1004,5203,google,2026-06-01T10:32:52Z,10.2,https://valuetainment.com/?utm_source=META&utm_campaign=SALES_MASTERY_LNCH&utm_medium=cpc,
730856,1010,5089,Meta,01/14/2026 16:51,7.5,https://valuetainment.com/?utm_source=TikTok&utm_campaign=pbd cold scale&utm_medium=paid,65.04
962170,1013,5733,GOOGLE,2026-01-28T00:57:45Z,5.66,https://valuetainment.com/?utm_medium=Paid_Social&utm_campaign=pat-lib-bundle&utm_source=tik_tok,
170177,1015,5890,tik_tok,11/25/2025 11:41,10.57,https://valuetainment.com/?utm_campaign=pbd yt remarketing&utm_source=facebook,
164698,1012,5032,Google,03/29/2026 03:53,11.01,https://valuetainment.com/?utm_source=tik_tok&utm_medium=cpc&utm_campaign=vt--summit--vip!!,
284487,1006,5223,meta,2025-12-03T01:37:02Z,7.95,https://valuetainment.com/?utm_medium=ppc&utm_source=tiktok&utm_campaign=ceo bootcamp prosp,318.52
607672,1011,5754,Google,01/04/2026 03:02,5.86,https://valuetainment.com/?utm_campaign= consult_dfy_retgt &utm_source=META,455.47
258220,1008,5142,Google,2026-02-15T06:08:21Z,3.41,https://valuetainment.com/?utm_source=facebook&utm_campaign=Brand_fx_sponsor,738.64
863611,1002,5692,google,03/29/2026 10:16,12.0,https://valuetainment.com/?utm_campaign=brand-gs-promo&utm_source=TikTok&utm_medium=CPC,
123599,1014,5281,google,12/02/2025 04:51,2.11,https://valuetainment.com/?utm_campaign=brandproteinq2&utm_medium=ppc&utm_source=tik_tok,663.68
654395,1004,5604,Meta,04/29/2026 07:11,2.3,https://valuetainment.com/?utm_medium=CPC&utm_source=meta&utm_campaign=Sales_mastery_lnch,112.76
442505,1009,5114,Meta,2025-10-30T02:34:31Z,5.12,https://valuetainment.com/?utm_source=facebook&utm_campaign=leadership-101-ev&utm_medium=paid,104.27
960032,1001,5665,META,2026-04-27 18:01:49,4.19,https://valuetainment.com/?utm_source=TikTok&utm_campaign=pbd_pod_&utm_medium=ppc,291.35
311184,1011,5616,google,2026-02-24 16:34:55,9.86,https://valuetainment.com/?utm_campaign=consult dfy retgt&utm_medium=Paid_Social&utm_source=TikTok,
605826,1004,5432,Meta,2026-04-25T05:51:40Z,1.04,https://valuetainment.com/?utm_campaign=Sales_mastery_lnch&utm_source=Google&utm_medium=CPC,689.19
361521,1009,5238,Meta,2025-10-01 01:22:31,12.07,https://valuetainment.com/?utm_source=Google&utm_medium=paid&utm_campaign=leadership--101--ev!!,382.83
337723,1010,5828,google,2026-03-21 12:17:04,10.71,https://valuetainment.com/?utm_source=Google&utm_campaign=Pbd_cold_scale,250.92
834435,1013,5104,Google,2026-05-17T07:56:35Z,6.75,https://valuetainment.com/?utm_source=meta&utm_medium=cpc&utm_campaign= pat_lib_bundle ,331.55
547487,1007,5517,meta,04/19/2026 05:47,,https://valuetainment.com/?utm_source=META&utm_campaign=vt summit lastcall,512.59
831944,1013,5828,meta,03/23/2026 18:21,3.05,https://valuetainment.com/?utm_campaign=pat--lib--bundle!!&utm_source=META&utm_medium=ppc,779.76
968461,1013,5777,META,03/19/2026 14:40,5.69,https://valuetainment.com/?utm_source=meta&utm_campaign=pat_lib_,
574016,1002,5089,meta,2026-03-21T01:43:19Z,12.18,https://valuetainment.com/?utm_campaign=brand gs promo&utm_medium=Paid_Social,109.96
247687,1014,5890,Meta,10/21/2025 08:36,9.58,https://valuetainment.com/?utm_campaign=brandproteinq2&utm_source=TikTok&utm_medium=paid,292.84
878976,1007,5228,TIKTOK,2026-06-08T17:28:25Z,2.39,https://valuetainment.com/?utm_medium=cpc&utm_source=META&utm_campaign=vtsummitlastcall,
215983,1005,5228,META,04/26/2026 14:37,4.57,https://valuetainment.com/?utm_medium=CPC&utm_campaign=pbd_reta&utm_source=TikTok,318.66
290397,1014,5025,Meta,11/02/2025 00:32,8.93,https://valuetainment.com/?utm_medium=CPC&utm_campaign= brand_protein_q2 ,141.73
636320,1009,5777,google,2026-02-06 04:06:20,5.58,https://valuetainment.com/?utm_campaign=Leadership_101_ev&utm_medium=cpc,507.95
795992,1009,5027,Meta,01/30/2026 03:40,1.36,https://valuetainment.com/?utm_campaign=leadership101ev&utm_source=tik_tok&utm_medium=ppc,13.32
438277,1009,5616,meta,2026-04-26T13:09:30Z,10.41,https://valuetainment.com/?utm_source=META&utm_medium=CPC&utm_campaign=leadership_101_ev,240.86
211638,1009,5025,Meta,2025-12-14 08:56:43,7.83,https://valuetainment.com/?utm_source=tiktok&utm_campaign=Leadership_101_ev&utm_medium=paid,525.53
670873,1006,5025,Google,2026-01-22T22:39:23Z,12.22,https://valuetainment.com/?utm_campaign=ceo-bootcamp-prosp&utm_medium=ppc&utm_source=TikTok,198.67
655031,1009,5284,Meta,2026-06-04T20:46:24Z,2.91,https://valuetainment.com/?utm_campaign= leadership_101_ev &utm_source=google&utm_medium=cpc,106.23
306835,1015,5574,meta,12/10/2025 14:11,4.33,https://valuetainment.com/?utm_source=META&utm_campaign=pbdytremarketing&utm_medium=CPC,737.88
371962,1015,5089,GOOGLE,11/21/2025 16:11,12.21,https://valuetainment.com/?utm_campaign=PBD_YT_REMARKETING&utm_source=META,327.43
421549,1005,5142,tik_tok,12/29/2025 05:37,9.78,https://valuetainment.com/?utm_source=META&utm_campaign=PBD_RETARGET_WARM,110.45
857645,1004,5223,meta,2026-04-16T13:23:23Z,11.83,https://valuetainment.com/?utm_medium=Paid_Social&utm_source=Google&utm_campaign=sales mastery lnch,219.26
118335,1008,5654,Meta,2025-10-09T12:05:38Z,9.17,https://valuetainment.com/?utm_campaign=brand_fx_sponsor&utm_source=tik_tok&utm_medium=cpc,200.59
787720,1002,5429,GOOGLE,2025-10-12 15:48:24,6.51,https://valuetainment.com/?utm_campaign=brand gs promo&utm_source=tik_tok,
613090,1002,5604,meta,04/10/2026 19:45,5.85,https://valuetainment.com/?utm_medium=ppc&utm_campaign=Brand_gs_promo,246.74
958310,1005,5027,meta,01/13/2026 21:31,12.14,https://valuetainment.com/?utm_medium=ppc&utm_source=Google&utm_campaign=pbd_reta,534.92
107978,1007,5142,google,2025-12-01 04:39:46,12.12,https://valuetainment.com/?utm_source=facebook&utm_campaign=VT_SUMMIT_LASTCALL&utm_medium=cpc,737.13
962181,1005,5238,Meta,10/16/2025 21:52,9.4,https://valuetainment.com/?utm_source=meta&utm_campaign=pbd--retarget--warm!!&utm_medium=CPC,56.32
230034,1012,5223,tik_tok,2025-12-28 10:27:45,1.36,https://valuetainment.com/?utm_campaign= vt_summit_vip &utm_source=Google&utm_medium=Paid_Social,
714804,1002,5558,Meta,2025-12-19 21:00:05,9.4,https://valuetainment.com/?utm_campaign=brand gs promo&utm_source=google&utm_medium=CPC,
215333,1009,5250,META ,02/07/2026 12:36,5.35,https://valuetainment.com/?utm_medium=paid&utm_source=google&utm_campaign=leadersh,
837646,1013,5142,meta,2026-01-29 01:06:58,5.69,https://valuetainment.com/?utm_source=facebook&utm_campaign=pat lib bundle&utm_medium=paid,
987571,1009,5228,meta,2025-12-28 19:07:35,1.98,https://valuetainment.com/?utm_medium=Paid_Social&utm_campaign=LEADERSHIP_101_EV&utm_source=META,375.17
559876,1002,5733,meta,2026-02-17T12:19:44Z,5.74,https://valuetainment.com/?utm_source=meta&utm_campaign=brandgspromo&utm_medium=paid,
374413,1008,5616,meta,2026-04-07T07:27:45Z,,https://valuetainment.com/?utm_source=TikTok&utm_campaign=brand_fx_sponsor,
687872,1007,5228,google,12/16/2025 05:38,7.18,https://valuetainment.com/?utm_campaign=VT_SUMMIT_LASTCALL&utm_medium=Paid_Social,
152994,1010,5777,GOOGLE,2026-02-06T09:03:54Z,6.14,https://valuetainment.com/?utm_source=Google&utm_campaign=pbd--cold--scale!!&utm_medium=paid,431.68
534010,1006,5114,Google,06/09/2026 03:57,7.66,https://valuetainment.com/?utm_source=TikTok&utm_campaign=ceo--bootcamp--prosp!!&utm_medium=ppc,540.77
222222,1015,5281,Google,01/06/2026 04:49,12.05,https://valuetainment.com/?utm_campaign=Pbd_yt_remarketing&utm_source=tik_tok,414.46
242806,1002,5616,Google,2026-04-13T21:18:08Z,11.05,https://valuetainment.com/?utm_medium=ppc&utm_source=google&utm_campaign= brand_gs_promo ,
706154,1012,5025,meta,2025-10-06 18:54:16,3.01,https://valuetainment.com/?utm_medium=paid&utm_source=META&utm_campaign=vt_summit_vip,
582465,1013,5281,Meta,04/09/2026 19:38,2.65,https://valuetainment.com/?utm_medium=Paid_Social&utm_campaign=pat_lib_bundle&utm_source=facebook,
707345,1013,5281,meta,2026-01-25 10:43:46,3.73,https://valuetainment.com/?utm_medium=Paid_Social&utm_campaign=pat_lib_&utm_source=TikTok,48.35
523545,1002,5284,meta,2026-03-02T23:19:27Z,3.47,https://valuetainment.com/?utm_campaign=Brand_gs_promo&utm_medium=Paid_Social&utm_source=meta,
413791,1006,5104,meta,2026-04-25T00:41:43Z,9.77,https://valuetainment.com/?utm_source=META&utm_campaign=ceo--bootcamp--prosp!!&utm_medium=cpc,106.52
689810,1004,5665,Google,2025-12-03T03:31:10Z,8.47,https://valuetainment.com/?utm_campaign=sales_mastery_lnch&utm_source=meta&utm_medium=CPC,118.36
125696,1015,5517,tik_tok,2025-10-30T11:24:19Z,8.51,https://valuetainment.com/?utm_medium=CPC&utm_source=facebook&utm_campaign=pbd yt remarketing,
216961,1009,5225,google,2025-12-28T18:35:40Z,2.15,https://valuetainment.com/?utm_medium=paid&utm_campaign=LEADERSHIP_101_EV&utm_source=META,594.91
653348,1008,5574,Google,2026-01-23 02:32:34,9.36,https://valuetainment.com/?utm_medium=ppc&utm_source=tik_tok&utm_campaign=brand_fx_sponsor,711.52
179048,1004,5459,TikTok,03/30/2026 10:00,10.22,https://valuetainment.com/?utm_source=TikTok&utm_campaign=s@les_m@stery_lnch&utm_medium=cpc,714.94
688215,1014,5114,GOOGLE,2026-01-12 20:47:36,10.31,https://valuetainment.com/?utm_campaign=brand_pr&utm_source=Google&utm_medium=paid,514.16
756006,1001,5238,TikTok,2026-04-23 11:45:48,,https://valuetainment.com/?utm_campaign=pbd pod prosp q1&utm_source=tik_tok&utm_medium=Paid_Social,351.7
916782,1001,5890,tik_tok,2026-02-13T05:54:08Z,7.41,https://valuetainment.com/?utm_source=meta&utm_medium=cpc&utm_campaign=pbd_pod_,583.81
105411,1006,5432,google,2025-11-22T22:19:24Z,8.31,https://valuetainment.com/?utm_campaign=ce0_b00tc@mp_pr0sp&utm_medium=ppc&utm_source=meta,386.26
208214,1002,5228,META,2026-03-29 14:35:21,7.42,https://valuetainment.com/?utm_medium=ppc&utm_campaign=brand-gs-promo&utm_source=meta,
499985,1014,5777,meta,03/26/2026 02:05,7.89,https://valuetainment.com/?utm_medium=Paid_Social&utm_campaign= brand_protein_q2 &utm_source=tik_tok,691.67
434945,1005,5025,Meta,2026-02-02 23:50:07,6.17,https://valuetainment.com/?utm_campaign=pbd--retarget--warm!!&utm_medium=ppc&utm_source=tik_tok,
358563,1008,5284,meta,01/14/2026 22:17,0.49,https://valuetainment.com/?utm_medium=Paid_Social&utm_campaign= brand_fx_sponsor &utm_source=tiktok,496.52
714669,1005,5890,meta,11/13/2025 00:13,3.57,https://valuetainment.com/?utm_campaign=pbd-retarget-warm&utm_medium=paid&utm_source=TikTok,
187289,1006,5754,google,05/26/2026 11:25,11.1,https://valuetainment.com/?utm_source=facebook&utm_campaign=ceo_bootcamp_prosp&utm_medium=CPC,
393112,1001,5574,Meta,2026-05-28T17:03:44Z,,https://valuetainment.com/?utm_source=TikTok&utm_medium=cpc&utm_campaign=pbd-pod-prosp-q1,484.08
716261,1015,5114,Google,01/14/2026 11:28,1.44,https://valuetainment.com/?utm_source=TikTok&utm_campaign=pbd--yt--remarketing!!,731.09
232955,1007,5733,google,03/17/2026 23:28,7.34,https://valuetainment.com/?utm_source=tik_tok&utm_campaign=vt_summit_lastcall,
736169,1008,5142,META ,05/19/2026 11:04,5.39,https://valuetainment.com/?utm_campaign=brandfxsponsor&utm_medium=ppc,402.53
554721,1009,5574,meta,2025-11-02T23:43:55Z,5.13,https://valuetainment.com/?utm_medium=ppc&utm_campaign=Leadership_101_ev&utm_source=META,287.54
851113,1011,5604,META,2025-11-18T08:17:22Z,9.24,https://valuetainment.com/?utm_source=tiktok&utm_campaign= consult_dfy_retgt &utm_medium=CPC,471.89
949070,1010,5104,Meta,2025-12-28T16:49:18Z,6.14,https://valuetainment.com/?utm_medium=CPC&utm_campaign=pbdcoldscale&utm_source=meta,732.51
474644,1010,5733,Meta,2026-01-04T20:30:50Z,9.97,https://valuetainment.com/?utm_source=META&utm_medium=CPC&utm_campaign=pbd-cold-scale,
884490,1009,5733,google,2025-12-06T07:14:42Z,2.83,https://valuetainment.com/?utm_campaign=leadership-101-ev&utm_medium=ppc&utm_source=TikTok,90.93
334490,1004,5459,META ,2025-11-15 08:07:49,2.77,https://valuetainment.com/?utm_campaign= sales_mastery_lnch &utm_source=google&utm_medium=paid,290.89
345770,1008,5616,Meta,2026-05-02 19:30:58,4.14,https://valuetainment.com/?utm_campaign=brand_fx&utm_source=meta&utm_medium=paid,457.1
662928,1013,5574,google,2026-04-11T01:23:34Z,,https://valuetainment.com/?utm_source=google&utm_medium=paid&utm_campaign=PAT_LIB_BUNDLE,413.02
979988,1015,5223,tik_tok,2026-02-17T08:06:04Z,2.54,https://valuetainment.com/?utm_medium=cpc&utm_campaign= pbd_yt_remarketing &utm_source=tiktok,
604870,1013,5517,Google,2025-11-08T01:08:12Z,11.65,https://valuetainment.com/?utm_source=facebook&utm_campaign=pat_lib_&utm_medium=paid,
584383,1005,5665,meta,11/05/2025 06:38,11.17,https://valuetainment.com/?utm_medium=paid&utm_source=google&utm_campaign=Pbd_retarget_warm,100.87
359607,1006,5616,META,10/12/2025 14:20,5.39,https://valuetainment.com/?utm_campaign=Ceo_bootcamp_prosp&utm_medium=ppc&utm_source=tik_tok,776.5
200090,1013,5238,tik_tok,2026-02-25T11:20:08Z,10.99,https://valuetainment.com/?utm_medium=ppc&utm_campaign=pat lib bundle,355.06
529322,1013,5665,google,04/19/2026 22:08,1.34,https://valuetainment.com/?utm_medium=paid&utm_campaign= pat_lib_bundle ,513.87
236543,1004,5114,TIKTOK,04/07/2026 01:34,5.57,https://valuetainment.com/?utm_medium=cpc&utm_source=google&utm_campaign=SALES_MASTERY_LNCH,89.38
809004,1012,5250,Meta,12/16/2025 18:53,10.82,https://valuetainment.com/?utm_medium=paid&utm_campaign= vt_summit_vip ,406.07
862805,1015,5758,google,2025-11-08 08:17:54,7.11,https://valuetainment.com/?utm_campaign=pbd_yt_rem@rketing&utm_source=tiktok,203.74
335206,1004,5913,META ,04/12/2026 17:03,7.78,https://valuetainment.com/?utm_medium=ppc&utm_source=facebook&utm_campaign=Sales_mastery_lnch,95.67
640342,1009,5574,META ,01/27/2026 16:31,,https://valuetainment.com/?utm_source=tiktok&utm_medium=ppc&utm_campaign=LEADERSHIP_101_EV,
945718,1014,5692,Meta,2026-05-08T22:49:55Z,8.69,https://valuetainment.com/?utm_campaign=brand--protein--q2!!&utm_source=META,112.3
649135,1010,5432,meta,2026-05-05T04:18:06Z,1.93,https://valuetainment.com/?utm_campaign=pbd_c0ld_sc@le&utm_medium=CPC&utm_source=google,
270832,1005,5104,meta,2026-03-15 14:17:23,10.3,https://valuetainment.com/?utm_medium=Paid_Social&utm_campaign=PBD_RETARGET_WARM&utm_source=tik_tok,150.28
233146,1006,5089,Google,2026-01-15T08:27:09Z,6.77,https://valuetainment.com/?utm_campaign=ceo_bootcamp_prosp&utm_source=Google&utm_medium=CPC,540.4
589571,1003,5733,META ,12/14/2025 21:47,,https://valuetainment.com/?utm_source=META&utm_medium=CPC&utm_campaign=vt_summit_earlybird,204.29
901984,1003,5665,Google,05/29/2026 07:02,5.55,https://valuetainment.com/?utm_source=facebook&utm_medium=Paid_Social&utm_campaign=Vt_summit_earlybird,243.61
834235,1012,5718,Google,2026-06-05 10:39:15,6.82,https://valuetainment.com/?utm_campaign=vt--summit--vip!!&utm_medium=Paid_Social&utm_source=tik_tok,598.73
446351,1005,5603,GOOGLE,03/12/2026 15:48,3.83,https://valuetainment.com/?utm_medium=ppc&utm_campaign=pbd_reta&utm_source=google,717.06
705442,1008,5238,TIKTOK,2025-11-21 09:50:31,10.8,https://valuetainment.com/?utm_source=META&utm_medium=cpc&utm_campaign=brand fx sponsor,155.06
632163,1003,5027,meta,2026-01-30 00:21:49,10.73,https://valuetainment.com/?utm_campaign=vtsummitearlybird&utm_medium=CPC&utm_source=Google,
446974,1011,5754,Meta,2025-11-01 12:25:30,1.73,https://valuetainment.com/?utm_source=meta&utm_campaign=consult_dfy_retgt&utm_medium=cpc,
603356,1004,5665,Google,12/19/2025 15:41,,https://valuetainment.com/?utm_medium=ppc&utm_source=META&utm_campaign=SALES_MASTERY_LNCH,282.61
779919,1005,5089,Google,03/13/2026 23:45,8.8,https://valuetainment.com/?utm_source=TikTok&utm_campaign=pbd_reta&utm_medium=ppc,749.66
601207,1009,5754,META,12/08/2025 22:02,,https://valuetainment.com/?utm_medium=cpc&utm_campaign=leadership-101-ev&utm_source=facebook,161.17
189804,1003,5030,meta,2026-05-10T12:46:58Z,10.85,https://valuetainment.com/?utm_source=Google&utm_medium=ppc&utm_campaign=Vt_summit_earlybird,82.12
816801,1011,5027,tiktok,11/18/2025 15:17,7.11,https://valuetainment.com/?utm_source=tik_tok&utm_campaign=Consult_dfy_retgt,
523746,1006,5777,meta,2026-01-16T06:36:59Z,7.68,https://valuetainment.com/?utm_medium=paid&utm_source=google&utm_campaign=ceobootcampprosp,421.4
762823,1010,5228,google,2026-01-14 18:17:27,11.42,https://valuetainment.com/?utm_medium=ppc&utm_campaign=pbd_c0ld_sc@le&utm_source=META,713.58
122143,1012,5284,meta,2025-10-20T02:43:08Z,1.54,https://valuetainment.com/?utm_medium=paid&utm_source=tiktok&utm_campaign=Vt_summit_vip,729.78
710829,1006,5142,meta,2026-05-24 22:35:59,2.07,https://valuetainment.com/?utm_source=Google&utm_campaign= ceo_bootcamp_prosp ,289.05
870033,1010,5142,meta,12/05/2025 02:08,1.1,https://valuetainment.com/?utm_source=TikTok&utm_campaign=pbd_cold&utm_medium=Paid_Social,
304198,1002,5104,google,2025-10-24T00:07:25Z,4.63,https://valuetainment.com/?utm_campaign=brand_gs_promo&utm_medium=Paid_Social&utm_source=facebook,347.47
729718,1011,5006,tiktok,01/05/2026 09:45,4.33,https://valuetainment.com/?utm_source=tiktok&utm_campaign=consult_&utm_medium=Paid_Social,334.93
642423,1015,5718,tiktok,01/21/2026 22:19,1.79,https://valuetainment.com/?utm_source=tik_tok&utm_campaign=PBD_YT_REMARKETING&utm_medium=cpc,
194215,1015,5284,google,2026-02-11 23:41:57,5.46,https://valuetainment.com/?utm_source=META&utm_campaign=pbd--yt--remarketing!!&utm_medium=ppc,163.17
972560,1011,5828,GOOGLE,2026-02-24 17:38:40,7.42,https://valuetainment.com/?utm_medium=CPC&utm_source=facebook&utm_campaign=consult--dfy--retgt!!,
708851,1010,5828,meta,2025-10-12 00:27:36,8.39,https://valuetainment.com/?utm_campaign=pbdcoldscale&utm_medium=cpc&utm_source=Google,484.11
763126,1005,5692,meta,2026-01-22T00:55:26Z,1.48,https://valuetainment.com/?utm_source=TikTok&utm_campaign=pbd_ret@rget_w@rm&utm_medium=cpc,
199361,1007,5759,meta,2025-11-08T19:11:04Z,1.07,https://valuetainment.com/?utm_campaign=vt--summit--lastcall!!,299.18
938271,1006,5089,meta,06/02/2026 12:42,7.37,https://valuetainment.com/?utm_campaign=ceo_boot&utm_medium=CPC,
407481,1008,5032,meta,2026-03-19T12:24:49Z,9.6,https://valuetainment.com/?utm_campaign=brandfxsponsor&utm_medium=cpc&utm_source=Google,
314396,1014,5142,TIKTOK,2026-04-17 12:29:10,7.1,https://valuetainment.com/?utm_campaign=brand-protein-q2,
264976,1010,5603,meta,01/04/2026 11:37,12.39,https://valuetainment.com/?utm_medium=cpc&utm_campaign=pbd_cold,350.09
285366,1013,5025,META,11/25/2025 12:39,3.49,https://valuetainment.com/?utm_medium=cpc&utm_campaign= pat_lib_bundle &utm_source=tik_tok,795.16
411120,1004,5223,meta,2025-10-20T11:21:37Z,1.15,https://valuetainment.com/?utm_medium=Paid_Social&utm_campaign=Sales_mastery_lnch,48.77
756846,1011,5890,meta,2025-11-27 17:09:58,,https://valuetainment.com/?utm_campaign=c0nsult_dfy_retgt&utm_medium=paid,174.33
407684,1002,5225,meta,04/08/2026 00:03,3.84,https://valuetainment.com/?utm_source=facebook&utm_campaign=br@nd_gs_pr0m0,140.17
183579,1006,5459,Meta,04/10/2026 02:04,10.25,https://valuetainment.com/?utm_medium=paid&utm_source=tik_tok&utm_campaign=ceo-bootcamp-prosp,
269128,1012,5654,META,2026-06-03 08:52:48,2.78,https://valuetainment.com/?utm_medium=CPC&utm_source=META&utm_campaign=vt_summi,698.37
694587,1010,5114,META ,2025-10-31T20:45:52Z,7.64,https://valuetainment.com/?utm_campaign=Pbd_cold_scale&utm_medium=Paid_Social&utm_source=META,
693616,1015,5718,meta,2026-01-02 08:26:51,1.17,https://valuetainment.com/?utm_campaign=pbd yt remarketing&utm_source=Google,
969024,1009,5025,meta,2025-10-30T18:28:35Z,12.24,https://valuetainment.com/?utm_source=tik_tok&utm_medium=cpc&utm_campaign= leadership_101_ev ,254.9
823326,1008,5032,TIKTOK,2026-06-09 17:29:15,5.8,https://valuetainment.com/?utm_medium=paid&utm_campaign=brand_fx_sponsor&utm_source=tik_tok,14.92
582574,1005,5654,meta,2026-03-05 07:08:50,0.55,https://valuetainment.com/?utm_source=TikTok&utm_medium=paid&utm_campaign=pbd_retarget_warm,711.98
511564,1006,5718,Google,2026-04-17 05:23:04,9.75,https://valuetainment.com/?utm_medium=Paid_Social&utm_source=tiktok&utm_campaign=Ceo_bootcamp_prosp,232.8
890512,1012,5459,meta,2026-05-31 04:27:08,2.37,https://valuetainment.com/?utm_source=META&utm_medium=cpc&utm_campaign=vt_summit_vip,
126125,1013,5692,meta,2025-11-28T10:58:04Z,,https://valuetainment.com/?utm_source=tik_tok&utm_medium=ppc&utm_campaign=pat lib bundle,
361352,1007,5828,meta,06/01/2026 23:58,,https://valuetainment.com/?utm_campaign=vt-summit-lastcall,559.54
870723,1006,5114,meta,2026-05-05T11:47:17Z,0.72,https://valuetainment.com/?utm_campaign=ce0_b00tc@mp_pr0sp&utm_source=facebook,525.43
816712,1007,5733,meta,01/21/2026 03:44,6.17,https://valuetainment.com/?utm_medium=Paid_Social&utm_campaign=Vt_summit_lastcall&utm_source=tiktok,
668969,1006,5890,tiktok,2025-10-08T14:03:03Z,1.2,https://valuetainment.com/?utm_campaign=ceo_bootcamp_prosp&utm_source=TikTok&utm_medium=Paid_Social,311.58
433024,1003,5429,meta,2025-12-12 13:57:55,1.91,https://valuetainment.com/?utm_source=TikTok&utm_campaign=vt-summit-earlybird&utm_medium=cpc,397.42
938122,1005,5238,Google,2026-02-15T13:07:30Z,8.06,https://valuetainment.com/?utm_medium=Paid_Social&utm_source=tik_tok&utm_campaign=pbd_retarget_warm,
873876,1001,5225,meta,2026-03-29T20:00:13Z,5.19,https://valuetainment.com/?utm_source=facebook&utm_medium=Paid_Social&utm_campaign=pbd_p0d_pr0sp_q1,743.29
306194,1003,5432,Google,11/18/2025 11:51,3.08,https://valuetainment.com/?utm_campaign=vtsummitearlybird&utm_source=TikTok,
631597,1010,5574,google,10/22/2025 04:04,5.93,https://valuetainment.com/?utm_campaign=PBD_COLD_SCALE&utm_medium=Paid_Social&utm_source=Google,767.94
402346,1011,5913,google,2025-12-10T16:13:00Z,2.51,https://valuetainment.com/?utm_medium=cpc&utm_source=TikTok&utm_campaign= consult_dfy_retgt ,563.24
873048,1010,5284,tik_tok,04/04/2026 10:14,11.91,https://valuetainment.com/?utm_campaign=pbd--cold--scale!!&utm_medium=ppc,172.27
564276,1012,5718,tiktok,2026-03-28T22:13:32Z,7.24,https://valuetainment.com/?utm_source=TikTok&utm_campaign=VT_SUMMIT_VIP&utm_medium=cpc,605.98
393276,1012,5890,meta,2026-02-26T08:19:14Z,12.16,https://valuetainment.com/?utm_campaign=vtsummitvip&utm_medium=CPC,783.01
201071,1003,5429,meta,11/23/2025 06:36,10.3,https://valuetainment.com/?utm_medium=CPC&utm_source=tiktok&utm_campaign=vtsummitearlybird,250.03
128149,1008,5429,meta,2026-06-08T16:15:05Z,,https://valuetainment.com/?utm_campaign=br@nd_fx_sp0ns0r&utm_source=facebook&utm_medium=Paid_Social,
594241,1005,5733,Meta,2026-03-12T18:13:45Z,4.58,https://valuetainment.com/?utm_campaign=pbd retarget warm&utm_source=tiktok&utm_medium=CPC,
384010,1004,5754,Google,01/23/2026 22:58,11.91,https://valuetainment.com/?utm_source=facebook&utm_campaign=SALES_MASTERY_LNCH&utm_medium=cpc,
506445,1014,5828,google,2025-10-24 02:34:38,8.31,https://valuetainment.com/?utm_campaign=brand--protein--q2!!&utm_source=tik_tok&utm_medium=Paid_Social,
802916,1009,5758,Meta,02/15/2026 09:05,7.27,https://valuetainment.com/?utm_campaign=leadership-101-ev&utm_medium=cpc&utm_source=tik_tok,532.0
684245,1007,5574,google,10/16/2025 18:13,12.12,https://valuetainment.com/?utm_source=tik_tok&utm_medium=paid&utm_campaign=vt-summit-lastcall,775.77
264850,1002,5616,META,03/11/2026 17:46,10.16,https://valuetainment.com/?utm_source=meta&utm_campaign=brandgspromo&utm_medium=paid,
811984,1011,5142,META,2026-05-19T03:58:52Z,9.74,https://valuetainment.com/?utm_campaign=Consult_dfy_retgt&utm_source=google,
642060,1008,5558,GOOGLE,2025-10-31T07:46:34Z,,https://valuetainment.com/?utm_campaign= brand_fx_sponsor ,70.76
323934,1013,5027,Google,2026-06-03T23:41:01Z,6.17,https://valuetainment.com/?utm_medium=ppc&utm_campaign=pat-lib-bundle&utm_source=meta,79.24
596978,1003,5223,meta,12/24/2025 12:03,4.05,https://valuetainment.com/?utm_campaign=vtsummitearlybird&utm_source=tik_tok,
242795,1009,5754,Meta,2026-06-05 02:16:26,0.98,https://valuetainment.com/?utm_source=META&utm_campaign= leadership_101_ev &utm_medium=ppc,670.32
329489,1005,5027,google,2026-03-05 00:00:30,,https://valuetainment.com/?utm_source=Google&utm_campaign= pbd_retarget_warm &utm_medium=CPC,198.98
394301,1003,5459,META ,10/30/2025 04:05,5.41,https://valuetainment.com/?utm_medium=CPC&utm_source=Google&utm_campaign=vt summit earlybird,
907503,1005,5432,google,03/20/2026 06:07,8.4,https://valuetainment.com/?utm_medium=cpc&utm_source=google&utm_campaign=Pbd_retarget_warm,141.85
828259,1007,5616,Meta,2026-05-19 15:32:35,8.81,https://valuetainment.com/?utm_medium=cpc&utm_campaign=vt summit lastcall&utm_source=google,
650632,1004,5114,tiktok,04/05/2026 00:28,,https://valuetainment.com/?utm_campaign=salesmasterylnch&utm_medium=cpc&utm_source=META,
104534,1004,5890,TikTok,2025-10-04 21:02:02,2.07,https://valuetainment.com/?utm_medium=Paid_Social&utm_source=tik_tok&utm_campaign=salesmasterylnch,
391668,1015,5250,google,02/13/2026 03:13,7.5,https://valuetainment.com/?utm_source=tiktok&utm_medium=CPC&utm_campaign=PBD_YT_REMARKETING,393.38
297216,1008,5616,GOOGLE,02/09/2026 13:09,,https://valuetainment.com/?utm_campaign=br@nd_fx_sp0ns0r&utm_source=facebook,790.13
510950,1007,5604,GOOGLE,11/16/2025 14:55,7.17,https://valuetainment.com/?utm_source=META&utm_medium=cpc&utm_campaign=vt summit lastcall,672.54
738460,1001,5718,TikTok,2025-11-22 21:42:59,10.52,https://valuetainment.com/?utm_campaign=pbd--pod--prosp--q1!!&utm_source=meta&utm_medium=ppc,367.19
329908,1004,5203,Meta,12/17/2025 03:23,10.3,https://valuetainment.com/?utm_campaign=sales-mastery-lnch&utm_medium=ppc&utm_source=META,595.0
605872,1006,5006,meta,2025-11-25T08:06:28Z,2.05,https://valuetainment.com/?utm_campaign=ceo--bootcamp--prosp!!&utm_medium=cpc&utm_source=tiktok,
505816,1006,5030,meta,2026-04-06 19:55:59,,https://valuetainment.com/?utm_campaign= ceo_bootcamp_prosp &utm_medium=Paid_Social&utm_source=tiktok,
818487,1004,5225,META ,01/15/2026 15:13,10.9,https://valuetainment.com/?utm_medium=CPC&utm_campaign=SALES_MASTERY_LNCH&utm_source=Google,
682743,1014,5913,meta,2026-04-13T00:33:17Z,,https://valuetainment.com/?utm_source=META&utm_medium=Paid_Social&utm_campaign=Brand_protein_q2,39.19
333177,1004,5718,Google,02/01/2026 00:41,9.8,https://valuetainment.com/?utm_medium=CPC&utm_campaign=sales-mastery-lnch&utm_source=meta,64.46
839945,1009,5104,Google,10/14/2025 23:48,0.57,https://valuetainment.com/?utm_campaign=leadership-101-ev&utm_medium=ppc,
509340,1012,5006,META ,2026-06-08 12:17:43,5.31,https://valuetainment.com/?utm_source=tiktok&utm_campaign=vt summit vip&utm_medium=cpc,695.55
780381,1001,5777,META ,2026-03-24T15:14:21Z,6.19,https://valuetainment.com/?utm_campaign= pbd_pod_prosp_q1 &utm_source=TikTok&utm_medium=paid,308.84
125405,1003,5025,GOOGLE,02/12/2026 05:04,12.34,https://valuetainment.com/?utm_campaign=vtsummitearlybird&utm_source=facebook&utm_medium=ppc,598.43
309452,1010,5203,META,2025-12-02 06:47:25,10.47,https://valuetainment.com/?utm_campaign=pbdcoldscale&utm_medium=ppc&utm_source=TikTok,286.34
884742,1005,5558,META,2025-11-01T22:01:47Z,5.82,https://valuetainment.com/?utm_medium=ppc&utm_campaign= pbd_retarget_warm &utm_source=meta,665.76
736106,1015,5114,Google,2025-11-29T00:49:14Z,7.12,https://valuetainment.com/?utm_source=META&utm_medium=paid&utm_campaign=pbd_yt_remarketing,569.99
799850,1012,5095,google,2026-04-09 19:19:42,3.13,https://valuetainment.com/?utm_medium=CPC&utm_campaign=VT_SUMMIT_VIP&utm_source=tik_tok,
613571,1012,5665,google,2026-01-20T22:26:34Z,8.22,https://valuetainment.com/?utm_campaign=Vt_summit_vip&utm_medium=Paid_Social&utm_source=TikTok,
553484,1009,5228,google,2025-11-30 14:55:05,2.6,https://valuetainment.com/?utm_source=tiktok&utm_campaign= leadership_101_ev ,251.05
361623,1003,5759,meta,2026-01-01 05:22:03,1.88,https://valuetainment.com/?utm_source=google&utm_medium=CPC&utm_campaign=vt_summit_e@rlybird,
290041,1014,5238,meta,11/06/2025 13:38,,https://valuetainment.com/?utm_campaign=brand protein q2&utm_source=tik_tok&utm_medium=ppc,582.93
468114,1009,5692,google,12/08/2025 01:47,1.72,https://valuetainment.com/?utm_medium=CPC&utm_source=TikTok&utm_campaign=leadership101ev,
907390,1001,5228,GOOGLE,2025-12-26T12:04:36Z,10.16,https://valuetainment.com/?utm_medium=CPC&utm_campaign=pbd--pod--prosp--q1!!&utm_source=META,
841935,1015,5718,google,10/19/2025 20:27,2.83,https://valuetainment.com/?utm_campaign=PBD_YT_REMARKETING&utm_source=facebook&utm_medium=CPC,582.1
945667,1011,5228,meta,03/29/2026 08:16,10.66,https://valuetainment.com/?utm_campaign=consult--dfy--retgt!!&utm_medium=paid,43.61
986440,1003,5733,Meta,2026-01-31 16:47:59,8.54,https://valuetainment.com/?utm_source=facebook&utm_campaign=vt--summit--earlybird!!&utm_medium=cpc,525.71
331230,1001,5095,Meta,11/23/2025 07:07,7.67,https://valuetainment.com/?utm_source=tiktok&utm_medium=CPC&utm_campaign=PBD_POD_PROSP_Q1,
162206,1001,5114,google,05/10/2026 19:54,6.32,https://valuetainment.com/?utm_campaign=PBD_POD_PROSP_Q1&utm_medium=ppc&utm_source=facebook,10.44
758539,1004,5828,tiktok,02/26/2026 14:37,11.94,https://valuetainment.com/?utm_campaign=SALES_MASTERY_LNCH&utm_source=TikTok&utm_medium=paid,308.29
109466,1014,5754,meta,2026-02-19T21:07:37Z,11.96,https://valuetainment.com/?utm_campaign=brand_pr&utm_source=facebook&utm_medium=cpc,80.69
107978,1007,5142,google,2025-12-01 04:39:46,12.12,https://valuetainment.com/?utm_source=facebook&utm_campaign=VT_SUMMIT_LASTCALL&utm_medium=cpc,737.13
937764,1012,5733,Meta,12/12/2025 02:58,,https://valuetainment.com/?utm_source=facebook&utm_campaign= vt_summit_vip &utm_medium=ppc,172.17
278593,1005,5777,Meta,10/21/2025 14:47,,https://valuetainment.com/?utm_campaign=PBD_RETARGET_WARM&utm_source=facebook,
365978,1001,5754,Google,2025-10-16T23:18:45Z,5.04,https://valuetainment.com/?utm_campaign=pbd-pod-prosp-q1&utm_medium=paid&utm_source=Google,537.01
977594,1010,5223,META ,03/07/2026 07:49,5.0,https://valuetainment.com/?utm_campaign=pbdcoldscale&utm_source=Google&utm_medium=paid,165.7
728827,1010,5250,META,2026-03-18T12:43:25Z,11.75,https://valuetainment.com/?utm_source=facebook&utm_medium=CPC&utm_campaign=pbd--cold--scale!!,
447255,1003,5250,TikTok,2026-06-06T04:52:07Z,3.32,https://valuetainment.com/?utm_source=TikTok&utm_campaign=vt_summit_earlybird&utm_medium=CPC,134.31
841816,1015,5574,google,12/17/2025 18:58,6.89,https://valuetainment.com/?utm_medium=Paid_Social&utm_source=Google&utm_campaign=pbd-yt-remarketing,
354108,1007,5284,GOOGLE,2026-02-04 00:35:34,6.23,https://valuetainment.com/?utm_source=google&utm_campaign=vt_summit_lastcall,
777273,1005,5089,Google,2025-10-15 11:38:41,,https://valuetainment.com/?utm_campaign=pbd_retarget_warm&utm_source=META&utm_medium=Paid_Social,521.84
981521,1010,5095,meta,2026-03-03T12:30:31Z,1.0,https://valuetainment.com/?utm_campaign=Pbd_cold_scale&utm_source=META&utm_medium=cpc,450.47
862853,1005,5025,Meta,2026-05-17T12:52:44Z,8.55,https://valuetainment.com/?utm_medium=cpc&utm_campaign=pbd--retarget--warm!!&utm_source=tik_tok,684.97
860541,1004,5032,META,2026-06-07 22:48:21,11.85,https://valuetainment.com/?utm_medium=ppc&utm_source=tik_tok&utm_campaign=sales_ma,262.95
503350,1008,5025,Meta,12/01/2025 08:02,2.66,https://valuetainment.com/?utm_campaign=brand_fx,314.84
152611,1013,5692,google,12/20/2025 21:53,9.77,https://valuetainment.com/?utm_campaign=pat-lib-bundle&utm_source=meta&utm_medium=Paid_Social,176.46
524361,1004,5432,meta,2025-12-30T07:30:21Z,6.17,https://valuetainment.com/?utm_source=facebook&utm_medium=cpc&utm_campaign= sales_mastery_lnch ,
522429,1015,5250,Meta,01/05/2026 21:59,,https://valuetainment.com/?utm_source=facebook&utm_campaign=pbd_yt_r&utm_medium=ppc,250.47
661720,1014,5692,META ,02/06/2026 17:49,9.1,https://valuetainment.com/?utm_medium=paid&utm_campaign=brandproteinq2,
410582,1004,5733,meta,2025-12-09 12:49:36,1.8,https://valuetainment.com/?utm_source=META&utm_campaign=sales_mastery_lnch&utm_medium=paid,
920236,1004,5754,TIKTOK,2025-10-28 10:54:14,5.0,https://valuetainment.com/?utm_campaign=s@les_m@stery_lnch&utm_medium=ppc&utm_source=facebook,766.55
883150,1007,5032,google,10/07/2025 03:00,11.64,https://valuetainment.com/?utm_source=META&utm_medium=paid&utm_campaign=vt summit lastcall,
152199,1012,5238,google,2026-01-15 20:12:05,,https://valuetainment.com/?utm_source=META&utm_medium=Paid_Social&utm_campaign=vtsummitvip,740.27
531086,1007,5828,GOOGLE,05/20/2026 22:35,,https://valuetainment.com/?utm_campaign=vt summit lastcall&utm_source=Google&utm_medium=CPC,
548264,1008,5558,TikTok,12/31/2025 09:15,11.34,https://valuetainment.com/?utm_campaign=BRAND_FX_SPONSOR&utm_source=facebook&utm_medium=CPC,113.03
383732,1011,5558,meta,05/12/2026 10:35,6.82,https://valuetainment.com/?utm_campaign=consult dfy retgt&utm_source=facebook&utm_medium=ppc,473.58
341230,1004,5558,meta,2026-02-09T20:21:46Z,6.38,https://valuetainment.com/?utm_medium=Paid_Social&utm_source=TikTok&utm_campaign=s@les_m@stery_lnch,
738985,1012,5281,Google,2026-04-18T06:03:40Z,4.54,https://valuetainment.com/?utm_source=TikTok&utm_campaign=vt_summi&utm_medium=paid,
591812,1011,5558,google,2025-10-23T15:12:19Z,7.85,https://valuetainment.com/?utm_source=facebook&utm_campaign= consult_dfy_retgt ,223.51
487512,1004,5284,google,2026-05-05 05:51:29,0.9,https://valuetainment.com/?utm_medium=cpc&utm_campaign=sales mastery lnch&utm_source=tiktok,196.25
763687,1006,5913,meta,2026-01-06T10:52:11Z,8.48,https://valuetainment.com/?utm_campaign=ceo--bootcamp--prosp!!&utm_medium=CPC&utm_source=META,
700262,1013,5032,meta,2025-12-21 19:34:00,7.36,https://valuetainment.com/?utm_campaign=p@t_lib_bundle&utm_medium=ppc,443.58
286391,1015,5238,tiktok,2025-11-16 21:43:02,8.27,https://valuetainment.com/?utm_medium=ppc&utm_source=tiktok&utm_campaign=Pbd_yt_remarketing,417.13
161733,1001,5754,meta,2026-01-06 02:42:58,11.15,https://valuetainment.com/?utm_source=meta&utm_campaign=pbd pod prosp q1,581.37
209545,1005,5284,Meta,2025-10-03 08:31:23,2.01,https://valuetainment.com/?utm_source=meta&utm_medium=Paid_Social&utm_campaign=pbd--retarget--warm!!,189.52
161144,1009,5574,meta,2026-01-19T00:00:06Z,10.32,https://valuetainment.com/?utm_campaign=leadership--101--ev!!&utm_source=tiktok&utm_medium=cpc,
534115,1015,5142,meta,02/27/2026 03:22,3.38,https://valuetainment.com/?utm_medium=Paid_Social&utm_campaign=pbd-yt-remarketing&utm_source=google,
409986,1005,5006,meta,03/02/2026 18:42,12.13,https://valuetainment.com/?utm_campaign=pbd retarget warm&utm_medium=CPC&utm_source=tiktok,
965292,1001,5913,tiktok,2026-02-06T04:17:42Z,2.32,https://valuetainment.com/?utm_campaign=pbd-pod-prosp-q1&utm_source=tik_tok,408.6
347660,1015,5250,TikTok,2026-03-03T23:45:43Z,6.79,https://valuetainment.com/?utm_medium=paid&utm_source=TikTok&utm_campaign=pbd yt remarketing,286.03
123501,1008,5225,meta,2025-10-28T10:07:37Z,6.93,https://valuetainment.com/?utm_medium=Paid_Social&utm_campaign=brand_fx&utm_source=Google,771.67
401881,1012,5228,Google,2025-12-28 18:32:11,10.85,https://valuetainment.com/?utm_medium=paid&utm_source=Google&utm_campaign=vt_summit_vip,351.56
752657,1014,5027,meta,2026-02-08T04:31:07Z,8.45,https://valuetainment.com/?utm_campaign=brand_protein_q2&utm_medium=CPC,34.2
630154,1005,5913,META,2026-03-20 10:34:47,,https://valuetainment.com/?utm_campaign=pbdretargetwarm&utm_medium=Paid_Social&utm_source=meta,
238353,1008,5718,tiktok,2026-01-28T16:20:54Z,5.95,https://valuetainment.com/?utm_medium=cpc&utm_source=tik_tok&utm_campaign=brand_fx,
556550,1005,5104,Meta,01/29/2026 19:35,5.08,https://valuetainment.com/?utm_campaign=pbd_retarget_warm&utm_source=TikTok,
889794,1003,5733,google,03/08/2026 23:02,5.53,https://valuetainment.com/?utm_source=tiktok&utm_campaign=vt_summit_earlybird&utm_medium=ppc,
256574,1005,5228,Meta,04/29/2026 16:44,1.83,https://valuetainment.com/?utm_source=tiktok&utm_medium=ppc&utm_campaign=pbd_reta,447.7
373079,1010,5459,Google,11/25/2025 12:11,0.62,https://valuetainment.com/?utm_medium=ppc&utm_campaign=pbd--cold--scale!!&utm_source=tiktok,411.82
388292,1007,5517,tik_tok,2026-04-23T18:42:53Z,,https://valuetainment.com/?utm_campaign=vt-summit-lastcall&utm_medium=paid,509.23
777308,1015,5777,Meta,2025-12-15 11:15:05,2.17,https://valuetainment.com/?utm_source=facebook&utm_campaign=Pbd_yt_remarketing&utm_medium=paid,
607765,1004,5030,google,2025-12-04T14:36:58Z,3.92,https://valuetainment.com/?utm_medium=paid&utm_campaign=sales_ma,118.67
506878,1002,5692,tiktok,2026-01-05T18:17:08Z,5.1,https://valuetainment.com/?utm_source=facebook&utm_campaign=BRAND_GS_PROMO&utm_medium=Paid_Social,
332519,1006,5733,Google,12/26/2025 11:16,12.45,https://valuetainment.com/?utm_campaign=ceo--bootcamp--prosp!!&utm_medium=cpc&utm_source=tik_tok,206.76
140556,1011,5281,META ,05/15/2026 17:14,1.7,https://valuetainment.com/?utm_campaign=consult dfy retgt&utm_source=Google,446.33
252996,1011,5665,Meta,2026-01-02T00:46:30Z,10.38,https://valuetainment.com/?utm_campaign=c0nsult_dfy_retgt&utm_source=facebook&utm_medium=Paid_Social,723.92
769335,1002,5733,GOOGLE,2025-11-08 13:32:14,12.42,https://valuetainment.com/?utm_medium=CPC&utm_source=facebook&utm_campaign=brand gs promo,
216506,1003,5238,Meta,2026-01-23T15:06:16Z,5.98,https://valuetainment.com/?utm_medium=paid&utm_campaign= vt_summit_earlybird &utm_source=META,
347814,1013,5432,Google,2026-03-13T04:32:14Z,,https://valuetainment.com/?utm_campaign=p@t_lib_bundle&utm_source=TikTok,
570895,1002,5718,META ,05/24/2026 00:13,10.65,https://valuetainment.com/?utm_medium=CPC&utm_campaign=br@nd_gs_pr0m0&utm_source=facebook,423.35
491979,1011,5759,Meta,2026-05-30 04:09:44,9.23,https://valuetainment.com/?utm_medium=CPC&utm_campaign=c0nsult_dfy_retgt&utm_source=facebook,
182081,1010,5025,meta,03/07/2026 15:14,4.9,https://valuetainment.com/?utm_medium=cpc&utm_campaign= pbd_cold_scale &utm_source=facebook,
316289,1015,5114,Meta,2025-10-08 19:27:52,3.62,https://valuetainment.com/?utm_medium=ppc&utm_source=meta&utm_campaign=pbd_yt_remarketing,114.22
934879,1013,5203,google,10/13/2025 18:29,6.35,https://valuetainment.com/?utm_source=google&utm_campaign=p@t_lib_bundle&utm_medium=cpc,133.57
975008,1015,5095,meta,2025-11-27 16:56:09,9.63,https://valuetainment.com/?utm_medium=cpc&utm_source=tik_tok&utm_campaign=Pbd_yt_remarketing,
103080,1008,5228,google,2026-05-08T05:55:55Z,11.88,https://valuetainment.com/?utm_source=Google&utm_medium=cpc&utm_campaign=BRAND_FX_SPONSOR,61.54
715664,1011,5603,google,2025-11-22T15:59:22Z,8.42,https://valuetainment.com/?utm_medium=CPC&utm_campaign=Consult_dfy_retgt&utm_source=facebook,630.61
893627,1006,5758,google,2026-03-25 22:51:18,8.64,https://valuetainment.com/?utm_campaign=ceo bootcamp prosp&utm_medium=ppc&utm_source=tik_tok,534.54
732944,1012,5692,TIKTOK,2026-04-10 13:28:54,7.74,https://valuetainment.com/?utm_medium=ppc&utm_campaign=vt-summit-vip&utm_source=meta,
542672,1008,5718,TIKTOK,2025-10-16 13:57:49,1.35,https://valuetainment.com/?utm_source=google&utm_medium=paid&utm_campaign=Brand_fx_sponsor,696.0
890315,1008,5104,Google,2026-02-10T16:24:27Z,8.65,https://valuetainment.com/?utm_source=META&utm_campaign= brand_fx_sponsor ,274.76
884277,1013,5604,Google,2026-01-19T04:30:46Z,6.43,https://valuetainment.com/?utm_source=tiktok&utm_medium=Paid_Social&utm_campaign=PAT_LIB_BUNDLE,67.73
208197,1005,5603,GOOGLE,2025-10-13 04:42:33,8.32,https://valuetainment.com/?utm_source=META&utm_campaign=Pbd_retarget_warm,38.72
162546,1012,5027,meta,2026-01-13 12:24:45,5.18,https://valuetainment.com/?utm_source=TikTok&utm_medium=CPC&utm_campaign=vt_summi,173.82
773292,1011,5432,meta,2026-01-22 00:05:51,12.09,https://valuetainment.com/?utm_medium=cpc&utm_campaign=c0nsult_dfy_retgt&utm_source=meta,186.69
860147,1008,5777,Google,2026-05-13 23:12:06,8.33,https://valuetainment.com/?utm_source=META&utm_campaign=brandfxsponsor&utm_medium=paid,
528641,1011,5432,GOOGLE,2026-06-06 15:47:45,2.32,https://valuetainment.com/?utm_medium=paid&utm_source=tik_tok&utm_campaign=consult-dfy-retgt,424.72
435715,1008,5913,tiktok,05/25/2026 05:30,8.82,https://valuetainment.com/?utm_source=google&utm_medium=Paid_Social&utm_campaign=br@nd_fx_sp0ns0r,
718912,1008,5733,META ,2025-12-31 00:21:13,11.18,https://valuetainment.com/?utm_medium=CPC&utm_source=google&utm_campaign=brand_fx,269.86
918893,1004,5733,google,2026-03-04 11:22:09,3.35,https://valuetainment.com/?utm_campaign=SALES_MASTERY_LNCH&utm_source=tiktok&utm_medium=cpc,700.19
774079,1007,5284,Google,2026-01-11T00:55:45Z,3.64,https://valuetainment.com/?utm_campaign= vt_summit_lastcall &utm_source=tik_tok&utm_medium=ppc,
851943,1012,5225,GOOGLE,2026-03-14T19:01:48Z,10.92,https://valuetainment.com/?utm_campaign=vt--summit--vip!!&utm_source=tiktok&utm_medium=Paid_Social,540.06
634635,1014,5281,Google,2025-12-03 23:25:12,9.61,https://valuetainment.com/?utm_source=tik_tok&utm_campaign=br@nd_pr0tein_q2,791.89
506488,1003,5027,META ,2026-02-08 01:00:44,9.34,https://valuetainment.com/?utm_campaign=vt--summit--earlybird!!&utm_source=tiktok,
352572,1001,5429,meta,2026-04-25 21:10:52,11.86,https://valuetainment.com/?utm_source=TikTok&utm_medium=paid&utm_campaign=Pbd_pod_prosp_q1,
543780,1010,5432,tik_tok,04/13/2026 21:11,10.72,https://valuetainment.com/?utm_source=meta&utm_medium=Paid_Social&utm_campaign=pbd_c0ld_sc@le,675.97
997414,1005,5429,meta,2026-05-16 01:28:02,9.48,https://valuetainment.com/?utm_campaign=pbd_ret@rget_w@rm&utm_medium=Paid_Social,20.06
780027,1001,5432,Google,2026-04-30T09:42:37Z,8.93,https://valuetainment.com/?utm_source=tik_tok&utm_campaign=pbd pod prosp q1&utm_medium=paid,663.72
765105,1010,5733,TikTok,2026-01-01 16:15:42,8.28,https://valuetainment.com/?utm_source=meta&utm_medium=paid&utm_campaign=pbd cold scale,248.14
139993,1005,5733,Google,02/04/2026 11:35,7.1,https://valuetainment.com/?utm_source=tiktok&utm_campaign=pbd_retarget_warm&utm_medium=CPC,
166670,1014,5250,google,2025-11-24 14:06:56,5.35,https://valuetainment.com/?utm_campaign=BRAND_PROTEIN_Q2&utm_medium=cpc,525.94
375185,1010,5616,google,01/25/2026 14:30,4.29,https://valuetainment.com/?utm_medium=CPC&utm_campaign=pbdcoldscale,648.77
696067,1007,5089,Meta,2026-04-06T10:31:03Z,,https://valuetainment.com/?utm_source=meta&utm_campaign=VT_SUMMIT_LASTCALL,
202444,1007,5432,Meta,2025-10-14 05:17:32,8.71,https://valuetainment.com/?utm_medium=ppc&utm_campaign=vt_summit_lastcall&utm_source=meta,580.2
953945,1013,5114,Google,2026-04-07T12:58:42Z,8.87,https://valuetainment.com/?utm_campaign=patlibbundle&utm_medium=paid&utm_source=Google,224.83
285660,1005,5890,google,02/13/2026 02:07,0.62,https://valuetainment.com/?utm_source=google&utm_campaign=pbd--retarget--warm!!,423.67
855848,1006,5718,META,2026-01-11 09:22:08,2.86,https://valuetainment.com/?utm_campaign=ceo_bootcamp_prosp&utm_medium=ppc,483.92
516381,1011,5517,Meta,2025-11-06 16:48:38,,https://valuetainment.com/?utm_source=Google&utm_medium=paid&utm_campaign=consult_,
531720,1014,5758,Google,03/05/2026 05:43,4.47,https://valuetainment.com/?utm_medium=CPC&utm_source=TikTok&utm_campaign=brand protein q2,
647084,1001,5429,TikTok,2026-05-13 00:42:13,3.8,https://valuetainment.com/?utm_source=tik_tok&utm_medium=cpc&utm_campaign=PBD_POD_PROSP_Q1,748.81
639592,1007,5250,Google,02/08/2026 09:39,,https://valuetainment.com/?utm_medium=cpc&utm_campaign=vtsummitlastcall&utm_source=google,348.9
691396,1008,5558,meta,02/28/2026 00:23,3.95,https://valuetainment.com/?utm_source=facebook&utm_campaign=BRAND_FX_SPONSOR,724.29
371258,1012,5603,TikTok,10/02/2025 02:34,7.36,https://valuetainment.com/?utm_medium=Paid_Social&utm_campaign=vt-summit-vip,33.46
722333,1007,5890,META ,2026-04-12T11:17:43Z,5.21,https://valuetainment.com/?utm_campaign=vt--summit--lastcall!!&utm_source=Google,129.44
701480,1007,5089,Meta,01/07/2026 12:05,3.05,https://valuetainment.com/?utm_medium=Paid_Social&utm_campaign=VT_SUMMIT_LASTCALL&utm_source=TikTok,183.78
754743,1011,5913,Meta,2026-03-11 21:34:26,5.55,https://valuetainment.com/?utm_source=Google&utm_medium=Paid_Social&utm_campaign=consult dfy retgt,
711484,1008,5432,tiktok,10/04/2025 15:35,6.01,https://valuetainment.com/?utm_medium=CPC&utm_campaign=brand-fx-sponsor,
875247,1011,5104,tiktok,2026-03-29T00:22:51Z,7.65,https://valuetainment.com/?utm_source=facebook&utm_campaign=consult_&utm_medium=ppc,488.47
234832,1003,5754,Meta,2026-05-03 08:09:06,4.9,https://valuetainment.com/?utm_source=google&utm_medium=CPC&utm_campaign=vtsummitearlybird,178.72
255132,1007,5517,META,01/28/2026 15:33,5.6,https://valuetainment.com/?utm_campaign=vtsummitlastcall&utm_medium=ppc&utm_source=meta,9.75
717499,1007,5733,Meta,2026-03-11 03:29:16,,https://valuetainment.com/?utm_source=tiktok&utm_campaign=vt summit lastcall&utm_medium=ppc,18.61
489511,1002,5114,meta,2025-11-25T04:50:20Z,4.96,https://valuetainment.com/?utm_source=facebook&utm_campaign=brand_gs&utm_medium=Paid_Social,
163399,1004,5114,meta,2025-11-14 21:10:15,3.83,https://valuetainment.com/?utm_campaign=sales_ma&utm_source=meta&utm_medium=paid,
906665,1010,5558,META,2026-04-20 16:58:28,7.39,https://valuetainment.com/?utm_medium=paid&utm_campaign=pbd--cold--scale!!&utm_source=tik_tok,19.14
785511,1005,5913,meta,05/12/2026 21:49,6.61,https://valuetainment.com/?utm_campaign=pbdretargetwarm&utm_medium=Paid_Social&utm_source=meta,
394202,1002,5654,GOOGLE,2025-11-30 05:12:22,7.42,https://valuetainment.com/?utm_source=tiktok&utm_medium=cpc&utm_campaign=brand gs promo,
789150,1011,5754,google,2026-03-16 22:22:26,3.41,https://valuetainment.com/?utm_campaign=consult_dfy_retgt&utm_source=facebook,731.03
538902,1003,5025,google,03/21/2026 09:17,7.22,https://valuetainment.com/?utm_campaign=vt summit earlybird&utm_source=Google&utm_medium=Paid_Social,440.25
838203,1010,5429,META,06/06/2026 08:07,6.75,https://valuetainment.com/?utm_medium=cpc&utm_source=google&utm_campaign=pbd_cold_scale,668.22
718703,1009,5758,google,2025-10-13 07:30:20,4.56,https://valuetainment.com/?utm_campaign=leadership 101 ev&utm_medium=Paid_Social&utm_source=facebook,729.03
205566,1010,5692,META ,01/07/2026 08:45,0.72,https://valuetainment.com/?utm_campaign= pbd_cold_scale &utm_source=google,19.49
418544,1011,5223,meta,03/13/2026 09:25,5.92,https://valuetainment.com/?utm_campaign=Consult_dfy_retgt&utm_medium=CPC&utm_source=TikTok,
498017,1010,5429,meta,2026-03-02 04:32:55,,https://valuetainment.com/?utm_source=META&utm_campaign=pbdcoldscale&utm_medium=Paid_Social,514.54
333572,1010,5616,TIKTOK,01/06/2026 19:09,4.99,https://valuetainment.com/?utm_source=Google&utm_campaign=pbd_cold_scale,143.0
988422,1003,5432,google,2025-11-05 05:42:24,1.61,https://valuetainment.com/?utm_source=tik_tok&utm_medium=CPC&utm_campaign=vtsummitearlybird,565.81
144987,1005,5027,meta,2025-10-22T11:44:02Z,2.35,https://valuetainment.com/?utm_campaign=pbd-retarget-warm&utm_source=google&utm_medium=paid,
282927,1009,5574,GOOGLE,2025-12-11 15:12:54,4.44,https://valuetainment.com/?utm_source=tik_tok&utm_campaign=leadership 101 ev,369.64
131394,1007,5604,meta,2025-12-23T13:39:42Z,10.2,https://valuetainment.com/?utm_source=tiktok&utm_campaign=vt-summit-lastcall&utm_medium=CPC,148.73
976964,1004,5104,GOOGLE,2025-10-03T18:01:49Z,,https://valuetainment.com/?utm_source=meta&utm_campaign=sales_mastery_lnch&utm_medium=CPC,
877548,1002,5718,Meta,2026-05-06 12:29:40,10.17,https://valuetainment.com/?utm_source=TikTok&utm_campaign= brand_gs_promo &utm_medium=CPC,649.8
667471,1001,5733,Meta,2026-04-26 14:53:20,2.31,https://valuetainment.com/?utm_campaign=pbd pod prosp q1&utm_source=TikTok&utm_medium=cpc,326.66
225812,1006,5718,google,06/04/2026 05:17,9.4,https://valuetainment.com/?utm_source=Google&utm_medium=cpc&utm_campaign=ceo bootcamp prosp,311.91
227907,1012,5432,meta,12/03/2025 18:09,3.48,https://valuetainment.com/?utm_medium=cpc&utm_campaign=Vt_summit_vip&utm_source=google,
931211,1013,5429,meta,2025-11-10T14:37:51Z,12.15,https://valuetainment.com/?utm_source=facebook&utm_campaign=p@t_lib_bundle,112.28
197077,1001,5089,meta,2026-06-03T12:50:25Z,1.18,https://valuetainment.com/?utm_source=TikTok&utm_campaign=pbd_pod_prosp_q1&utm_medium=CPC,491.6
716585,1012,5459,google,2025-10-26 03:45:55,9.88,https://valuetainment.com/?utm_source=Google&utm_campaign= vt_summit_vip &utm_medium=cpc,349.1
620526,1004,5032,meta,2025-10-26 11:07:27,1.36,https://valuetainment.com/?utm_source=META&utm_campaign= sales_mastery_lnch &utm_medium=Paid_Social,470.4
905635,1014,5223,google,2026-01-12 23:31:33,3.21,https://valuetainment.com/?utm_campaign=brandproteinq2&utm_medium=paid&utm_source=tiktok,
955413,1004,5223,Meta,2026-01-26 04:38:54,7.39,https://valuetainment.com/?utm_campaign=salesmasterylnch,618.03
872278,1008,5284,google,2026-02-03T00:44:27Z,8.58,https://valuetainment.com/?utm_campaign=brand--fx--sponsor!!&utm_source=facebook&utm_medium=ppc,373.85
817297,1009,5223,meta,2026-03-21 19:34:46,1.46,https://valuetainment.com/?utm_campaign=leadersh&utm_medium=ppc,168.61
940083,1009,5616,TikTok,2025-11-05T23:50:09Z,,https://valuetainment.com/?utm_medium=cpc&utm_source=facebook&utm_campaign=leadership-101-ev,238.27
140908,1002,5089,META ,2025-11-09T12:39:24Z,7.13,https://valuetainment.com/?utm_medium=cpc&utm_campaign=br@nd_gs_pr0m0&utm_source=google,642.03
723945,1003,5238,meta,2026-04-23 10:20:29,1.47,https://valuetainment.com/?utm_campaign=Vt_summit_earlybird&utm_source=tik_tok,514.79
513351,1007,5225,TikTok,2025-11-27 06:10:26,3.85,https://valuetainment.com/?utm_source=google&utm_campaign=vtsummitlastcall&utm_medium=Paid_Social,
126702,1009,5025,GOOGLE,01/18/2026 20:54,8.24,https://valuetainment.com/?utm_medium=ppc&utm_source=facebook&utm_campaign=Leadership_101_ev,261.29
361281,1002,5665,meta,2025-10-24T18:27:43Z,12.11,https://valuetainment.com/?utm_source=meta&utm_medium=paid&utm_campaign=brand--gs--promo!!,608.2
673356,1012,5733,Meta,2025-10-03T05:31:10Z,6.36,https://valuetainment.com/?utm_medium=paid&utm_campaign=Vt_summit_vip&utm_source=META,
323717,1015,5777,Google,2026-04-03T09:59:23Z,4.44,https://valuetainment.com/?utm_campaign=PBD_YT_REMARKETING&utm_source=facebook,
719110,1008,5604,meta,2025-10-07 08:39:15,9.48,https://valuetainment.com/?utm_campaign=brand--fx--sponsor!!&utm_source=Google&utm_medium=Paid_Social,241.58
699407,1013,5718,META ,2026-02-08T08:09:10Z,2.13,https://valuetainment.com/?utm_campaign=pat--lib--bundle!!&utm_source=meta&utm_medium=CPC,
628344,1009,5733,TikTok,2026-02-07T20:10:28Z,12.19,https://valuetainment.com/?utm_medium=CPC&utm_source=facebook&utm_campaign=leadership_101_ev,
206043,1001,5733,tiktok,2026-01-12 05:00:30,6.3,https://valuetainment.com/?utm_campaign=Pbd_pod_prosp_q1&utm_source=TikTok,177.11
646289,1015,5758,google,12/16/2025 20:25,4.48,https://valuetainment.com/?utm_medium=CPC&utm_campaign=Pbd_yt_remarketing&utm_source=tiktok,
931468,1011,5250,Google,2025-10-17 06:03:59,4.77,https://valuetainment.com/?utm_campaign=consult_dfy_retgt&utm_medium=CPC&utm_source=Google,
629813,1015,5718,META ,10/08/2025 09:38,2.0,https://valuetainment.com/?utm_campaign=pbd-yt-remarketing&utm_source=META&utm_medium=cpc,
754996,1005,5718,meta,2026-06-05T20:07:51Z,,https://valuetainment.com/?utm_campaign=pbd retarget warm&utm_medium=CPC,248.23
108467,1015,5665,META ,2026-06-08T04:06:06Z,7.29,https://valuetainment.com/?utm_campaign=pbd_yt_rem@rketing&utm_source=tiktok&utm_medium=cpc,
868477,1014,5558,META,2025-12-29T22:03:30Z,1.61,https://valuetainment.com/?utm_campaign=brand-protein-q2&utm_medium=paid&utm_source=meta,
309835,1012,5692,tiktok,02/18/2026 02:01,5.51,https://valuetainment.com/?utm_source=tik_tok&utm_medium=paid&utm_campaign=vt_summit_vip,778.77
844944,1009,5104,Meta,2026-04-25 13:33:56,5.23,https://valuetainment.com/?utm_campaign=leadership101ev&utm_source=Google&utm_medium=cpc,507.92
791323,1012,5733,Meta,2026-03-09 16:41:07,5.7,https://valuetainment.com/?utm_campaign=vt-summit-vip&utm_source=meta,52.13
219361,1003,5027,tiktok,04/04/2026 17:33,12.05,https://valuetainment.com/?utm_source=META&utm_campaign=VT_SUMMIT_EARLYBIRD,
335729,1009,5692,META,2026-05-20T02:12:44Z,11.4,https://valuetainment.com/?utm_source=Google&utm_medium=ppc&utm_campaign=leadership--101--ev!!,57.13
425727,1015,5558,Meta,2026-01-04T14:03:08Z,4.74,https://valuetainment.com/?utm_source=Google&utm_campaign=pbd--yt--remarketing!!&utm_medium=ppc,
214058,1011,5238,tik_tok,2025-11-04T06:13:49Z,11.72,https://valuetainment.com/?utm_campaign=consult-dfy-retgt&utm_medium=ppc&utm_source=meta,482.1
598958,1011,5616,Google,2026-03-10 11:11:24,11.11,https://valuetainment.com/?utm_campaign=Consult_dfy_retgt&utm_medium=Paid_Social&utm_source=META,
560301,1008,5828,google,2025-10-12 06:10:56,1.31,https://valuetainment.com/?utm_medium=Paid_Social&utm_source=facebook&utm_campaign= brand_fx_sponsor ,103.4
714837,1013,5429,Google,03/27/2026 19:30,1.26,https://valuetainment.com/?utm_medium=CPC&utm_source=tiktok&utm_campaign=patlibbundle,181.4
387399,1013,5432,Meta,2026-03-08 02:09:55,11.79,https://valuetainment.com/?utm_source=meta&utm_campaign= pat_lib_bundle &utm_medium=ppc,614.94
167193,1002,5574,GOOGLE,04/21/2026 08:07,4.92,https://valuetainment.com/?utm_campaign=brand-gs-promo&utm_source=facebook,579.6
659583,1013,5228,Meta,2026-02-25T18:50:12Z,11.14,https://valuetainment.com/?utm_campaign= pat_lib_bundle &utm_source=TikTok&utm_medium=paid,644.03
288179,1003,5432,GOOGLE,04/13/2026 06:30,10.87,https://valuetainment.com/?utm_source=TikTok&utm_campaign=vt_summit_e@rlybird&utm_medium=cpc,309.43
240486,1015,5718,Meta,2026-02-19T23:56:57Z,12.05,https://valuetainment.com/?utm_medium=cpc&utm_source=tiktok&utm_campaign=Pbd_yt_remarketing,
532637,1012,5558,Google,2026-04-07 03:00:25,4.98,https://valuetainment.com/?utm_campaign=vtsummitvip&utm_medium=Paid_Social&utm_source=META,
719697,1010,5558,META,2026-02-02 16:42:08,11.17,https://valuetainment.com/?utm_source=Google&utm_medium=CPC&utm_campaign=pbd_c0ld_sc@le,
570627,1012,5758,meta,2025-12-03 14:23:43,6.44,https://valuetainment.com/?utm_medium=Paid_Social&utm_campaign=Vt_summit_vip&utm_source=tiktok,641.56
624331,1008,5517,TIKTOK,2026-05-24 03:41:45,9.68,https://valuetainment.com/?utm_campaign=brand fx sponsor&utm_medium=paid&utm_source=META,543.2
336494,1006,5574,meta,2025-10-05 22:40:39,8.36,https://valuetainment.com/?utm_medium=Paid_Social&utm_source=TikTok&utm_campaign=ceo--bootcamp--prosp!!,494.94
329858,1012,5238,Meta,2026-05-21T21:37:38Z,9.36,https://valuetainment.com/?utm_source=facebook&utm_medium=Paid_Social&utm_campaign=vt_summi,
706851,1008,5228,META,04/07/2026 03:29,9.84,https://valuetainment.com/?utm_medium=ppc&utm_source=tiktok&utm_campaign= brand_fx_sponsor ,32.04
887904,1004,5574,meta,06/09/2026 07:56,2.77,https://valuetainment.com/?utm_campaign=sales_ma&utm_medium=CPC&utm_source=facebook,
915055,1001,5616,Meta,2025-12-19 22:10:04,6.59,https://valuetainment.com/?utm_medium=paid&utm_source=TikTok&utm_campaign=pbdpodprospq1,7.81
783646,1015,5089,META,01/19/2026 04:05,4.6,https://valuetainment.com/?utm_campaign=pbdytremarketing&utm_source=facebook,90.82
678440,1009,5030,meta,2026-04-14T00:59:33Z,0.65,https://valuetainment.com/?utm_source=tik_tok&utm_campaign=leadership-101-ev,428.59
433570,1011,5432,meta,2026-01-21T14:01:08Z,6.46,https://valuetainment.com/?utm_medium=paid&utm_campaign=consult dfy retgt,96.17
535798,1012,5733,TikTok,2026-03-10 20:33:57,3.93,https://valuetainment.com/?utm_source=meta&utm_medium=ppc&utm_campaign=vt-summit-vip,776.29
662295,1015,5027,meta,2026-04-22T10:39:00Z,3.97,https://valuetainment.com/?utm_medium=paid&utm_campaign=pbd_yt_remarketing&utm_source=google,238.45
823255,1001,5432,google,2025-11-29 11:14:52,5.8,https://valuetainment.com/?utm_campaign=pbd_pod_&utm_source=facebook,
835813,1008,5733,Google,2026-03-14 01:00:28,1.58,https://valuetainment.com/?utm_campaign=brand fx sponsor&utm_source=TikTok&utm_medium=cpc,742.27
951517,1011,5250,Meta,2026-01-15T05:00:51Z,5.91,https://valuetainment.com/?utm_campaign=consult--dfy--retgt!!&utm_medium=paid&utm_source=meta,
372261,1007,5558,google,2026-04-16T00:08:31Z,10.18,https://valuetainment.com/?utm_source=google&utm_medium=cpc&utm_campaign=vt_summi,490.66
571955,1009,5759,tik_tok,2026-01-04T01:51:28Z,11.0,https://valuetainment.com/?utm_source=facebook&utm_medium=ppc&utm_campaign=leadership-101-ev,496.49
220178,1001,5754,Google,2025-12-11T14:20:25Z,2.75,https://valuetainment.com/?utm_medium=ppc&utm_source=meta&utm_campaign=pbdpodprospq1,
674559,1001,5574,google,2025-10-28T21:26:27Z,5.54,https://valuetainment.com/?utm_source=Google&utm_campaign=pbd_pod_,278.65
101026,1008,5250,META ,2025-12-16 07:28:56,3.97,https://valuetainment.com/?utm_medium=CPC&utm_source=Google&utm_campaign=br@nd_fx_sp0ns0r,592.39
651122,1011,5104,google,2025-12-13 01:39:37,8.85,https://valuetainment.com/?utm_medium=CPC&utm_campaign=consult-dfy-retgt&utm_source=facebook,376.65
552663,1005,5281,meta,2025-12-17T09:37:40Z,9.06,https://valuetainment.com/?utm_source=TikTok&utm_campaign=pbd-retarget-warm,
694995,1011,5759,GOOGLE,2026-01-15T13:58:52Z,1.42,https://valuetainment.com/?utm_campaign= consult_dfy_retgt &utm_source=meta&utm_medium=Paid_Social,
820442,1009,5250,google,2025-10-14T11:41:34Z,6.17,https://valuetainment.com/?utm_medium=ppc&utm_campaign= leadership_101_ev ,381.01
482615,1004,5089,meta,11/19/2025 03:48,3.06,https://valuetainment.com/?utm_source=TikTok&utm_medium=CPC&utm_campaign=salesmasterylnch,
264512,1010,5654,Meta,2025-11-28 17:30:27,4.09,https://valuetainment.com/?utm_medium=Paid_Social&utm_source=meta&utm_campaign= pbd_cold_scale ,657.06
449618,1013,5284,google,10/18/2025 14:54,1.67,https://valuetainment.com/?utm_medium=paid&utm_campaign= pat_lib_bundle &utm_source=facebook,
220888,1004,5114,Google,2026-05-13T13:23:10Z,8.04,https://valuetainment.com/?utm_medium=CPC&utm_source=META&utm_campaign=salesmasterylnch,247.01
490219,1012,5104,META,03/18/2026 09:41,8.26,https://valuetainment.com/?utm_source=google&utm_campaign=VT_SUMMIT_VIP&utm_medium=cpc,131.23
719117,1010,5828,Google,2026-03-03 19:58:02,6.74,https://valuetainment.com/?utm_source=meta&utm_campaign=pbd_cold_scale&utm_medium=ppc,560.44
199456,1011,5027,Meta,2026-04-08T12:11:20Z,4.62,https://valuetainment.com/?utm_source=facebook&utm_campaign=Consult_dfy_retgt,
812449,1007,5558,Meta,2025-10-21 09:04:32,11.61,https://valuetainment.com/?utm_source=tiktok&utm_campaign= vt_summit_lastcall &utm_medium=ppc,
145843,1005,5754,GOOGLE,03/04/2026 11:56,7.71,https://valuetainment.com/?utm_source=meta&utm_campaign=PBD_RETARGET_WARM,798.47
136139,1006,5104,META ,2026-01-27 17:17:23,6.37,https://valuetainment.com/?utm_source=facebook&utm_medium=cpc&utm_campaign=ceo-bootcamp-prosp,
721814,1006,5718,GOOGLE,2026-03-01T21:07:54Z,3.67,https://valuetainment.com/?utm_campaign=Ceo_bootcamp_prosp,
611890,1009,5104,Meta,02/04/2026 16:39,2.19,https://valuetainment.com/?utm_source=facebook&utm_medium=CPC&utm_campaign=Leadership_101_ev,
318804,1010,5027,meta,03/29/2026 07:04,8.47,https://valuetainment.com/?utm_source=facebook&utm_medium=CPC&utm_campaign=pbd_cold,
193594,1008,5250,Meta,2026-02-27 06:54:14,1.75,https://valuetainment.com/?utm_campaign=brand fx sponsor,377.59
489315,1009,5203,meta,03/30/2026 11:11,,https://valuetainment.com/?utm_medium=cpc&utm_campaign=leadership_101_ev&utm_source=META,
434519,1001,5238,Meta,2026-04-18 12:54:49,7.16,https://valuetainment.com/?utm_medium=cpc&utm_campaign=pbd_pod_prosp_q1,554.79
662976,1004,5114,META,2025-11-22T06:42:28Z,10.09,https://valuetainment.com/?utm_campaign= sales_mastery_lnch &utm_source=google,379.27
154795,1014,5032,META,2025-10-26 20:56:52,7.67,https://valuetainment.com/?utm_medium=CPC&utm_campaign=br@nd_pr0tein_q2&utm_source=facebook,330.85
822494,1014,5027,Meta,2025-12-19 23:03:19,0.77,https://valuetainment.com/?utm_campaign=BRAND_PROTEIN_Q2&utm_medium=CPC,
675174,1007,5828,meta,2026-03-10 09:03:17,9.48,https://valuetainment.com/?utm_campaign=vt-summit-lastcall&utm_medium=Paid_Social,
524832,1007,5228,meta,2025-10-17 23:42:31,9.78,https://valuetainment.com/?utm_source=META&utm_campaign=vt_summit_l@stc@ll&utm_medium=cpc,
139302,1013,5574,GOOGLE,2026-05-28T22:06:36Z,10.96,https://valuetainment.com/?utm_campaign=p@t_lib_bundle&utm_medium=cpc&utm_source=tiktok,
850899,1003,5754,Meta,2026-06-08T02:09:53Z,,https://valuetainment.com/?utm_medium=cpc&utm_source=META&utm_campaign=Vt_summit_earlybird,
576628,1013,5665,meta,2025-10-22 02:44:18,1.85,https://valuetainment.com/?utm_source=facebook&utm_medium=Paid_Social&utm_campaign=PAT_LIB_BUNDLE,196.36
393356,1015,5828,TIKTOK,2026-05-11T16:20:30Z,2.49,https://valuetainment.com/?utm_medium=paid&utm_campaign=pbd_yt_rem@rketing&utm_source=tiktok,
865939,1012,5104,Meta,2025-11-16 18:46:46,2.63,https://valuetainment.com/?utm_medium=Paid_Social&utm_source=facebook&utm_campaign=vt_summi,472.96
835638,1013,5604,meta,05/17/2026 08:27,12.31,https://valuetainment.com/?utm_medium=Paid_Social&utm_campaign= pat_lib_bundle &utm_source=google,751.56
311021,1015,5604,META,2026-02-07T06:51:34Z,7.12,https://valuetainment.com/?utm_campaign=pbd_yt_rem@rketing&utm_source=google&utm_medium=paid,172.06
892589,1007,5665,tik_tok,01/22/2026 12:44,8.79,https://valuetainment.com/?utm_campaign=vt_summit_l@stc@ll&utm_medium=Paid_Social&utm_source=META,
463625,1001,5225,Meta,2025-10-25T01:58:20Z,4.73,https://valuetainment.com/?utm_campaign=pbd_pod_prosp_q1&utm_medium=CPC&utm_source=tik_tok,
233041,1006,5432,META,2025-11-14 22:01:36,2.39,https://valuetainment.com/?utm_medium=paid&utm_campaign=ce0_b00tc@mp_pr0sp&utm_source=google,417.77
871854,1014,5238,google,2025-11-02T04:21:09Z,2.72,https://valuetainment.com/?utm_medium=Paid_Social&utm_source=google&utm_campaign=brand-protein-q2,
817908,1002,5759,Meta,01/20/2026 04:56,11.07,https://valuetainment.com/?utm_source=meta&utm_medium=CPC&utm_campaign=br@nd_gs_pr0m0,366.24
125605,1014,5089,meta,2026-02-24 02:15:06,1.43,https://valuetainment.com/?utm_medium=paid&utm_campaign=brand_pr&utm_source=META,610.31
202365,1008,5095,meta,2025-11-14 16:40:20,8.85,https://valuetainment.com/?utm_medium=CPC&utm_campaign=brand-fx-sponsor&utm_source=meta,
827826,1014,5027,TikTok,2026-04-04 17:51:02,7.74,https://valuetainment.com/?utm_source=TikTok&utm_campaign=brand_protein_q2,
873935,1014,5429,meta,2025-11-25T07:01:01Z,1.7,https://valuetainment.com/?utm_source=meta&utm_medium=CPC&utm_campaign=brand_protein_q2,190.53
168322,1004,5733,google,2026-03-10 04:04:21,5.0,https://valuetainment.com/?utm_campaign=SALES_MASTERY_LNCH&utm_source=facebook&utm_medium=cpc,
226344,1010,5432,meta,2026-02-11T00:26:21Z,11.22,https://valuetainment.com/?utm_campaign=PBD_COLD_SCALE&utm_source=google,
808043,1010,5718,Meta,05/08/2026 10:38,11.72,https://valuetainment.com/?utm_medium=ppc&utm_campaign=pbd_cold&utm_source=facebook,401.66
418807,1002,5238,tik_tok,2025-10-01 03:46:19,,https://valuetainment.com/?utm_source=TikTok&utm_campaign=Brand_gs_promo&utm_medium=CPC,
964952,1015,5718,meta,11/22/2025 08:08,3.72,https://valuetainment.com/?utm_campaign=PBD_YT_REMARKETING&utm_source=facebook,360.23
396835,1015,5203,GOOGLE,02/23/2026 12:36,4.38,https://valuetainment.com/?utm_source=facebook&utm_campaign=pbd-yt-remarketing&utm_medium=CPC,267.99
474254,1003,5574,GOOGLE,01/16/2026 08:20,9.92,https://valuetainment.com/?utm_source=meta&utm_campaign=VT_SUMMIT_EARLYBIRD,
304595,1006,5558,GOOGLE,2025-12-02T05:39:46Z,2.3,https://valuetainment.com/?utm_source=META&utm_campaign=ceo_bootcamp_prosp,692.21
178697,1015,5281,TikTok,2026-03-31T04:30:41Z,,https://valuetainment.com/?utm_campaign=Pbd_yt_remarketing&utm_medium=ppc&utm_source=Google,226.4
451871,1008,5104,Google,12/08/2025 02:54,5.69,https://valuetainment.com/?utm_medium=Paid_Social&utm_source=tiktok&utm_campaign=brand_fx_sponsor,234.6
222553,1011,5759,META ,10/19/2025 20:39,5.34,https://valuetainment.com/?utm_campaign=CONSULT_DFY_RETGT&utm_source=meta,208.65
275645,1005,5828,Meta,2025-10-24T20:27:18Z,,https://valuetainment.com/?utm_source=META&utm_medium=Paid_Social&utm_campaign= pbd_retarget_warm ,599.54
223641,1012,5517,google,10/18/2025 02:18,9.98,https://valuetainment.com/?utm_campaign=vt-summit-vip&utm_source=google&utm_medium=ppc,338.82
896555,1011,5032,meta,2025-12-21 15:07:23,,https://valuetainment.com/?utm_medium=paid&utm_campaign=Consult_dfy_retgt,
469591,1006,5558,Google,2026-03-11 00:39:06,5.28,https://valuetainment.com/?utm_campaign= ceo_bootcamp_prosp &utm_source=Google&utm_medium=ppc,353.41
141381,1006,5223,Meta,2025-11-20 13:23:55,2.19,https://valuetainment.com/?utm_source=facebook&utm_medium=paid&utm_campaign=ceo--bootcamp--prosp!!,745.66
694175,1011,5203,tiktok,2026-02-03 09:15:22,11.66,https://valuetainment.com/?utm_source=TikTok&utm_campaign=CONSULT_DFY_RETGT&utm_medium=paid,449.48
359856,1013,5228,tik_tok,2026-02-01T14:32:36Z,6.01,https://valuetainment.com/?utm_source=facebook&utm_campaign= pat_lib_bundle &utm_medium=cpc,
813141,1010,5025,google,2025-11-21T03:33:37Z,9.37,https://valuetainment.com/?utm_campaign=pbd_c0ld_sc@le&utm_source=Google&utm_medium=Paid_Social,729.38
880534,1009,5558,Google,04/11/2026 14:49,8.47,https://valuetainment.com/?utm_campaign=leadership101ev&utm_source=TikTok,440.45
737806,1013,5089,META ,2026-01-06T12:45:02Z,2.44,https://valuetainment.com/?utm_medium=Paid_Social&utm_source=tiktok&utm_campaign=pat-lib-bundle,238.54
969749,1008,5142,META ,2025-10-15 12:32:49,3.05,https://valuetainment.com/?utm_source=TikTok&utm_medium=cpc&utm_campaign=Brand_fx_sponsor,
678440,1009,5030,meta,2026-04-14T00:59:33Z,0.65,https://valuetainment.com/?utm_source=tik_tok&utm_campaign=leadership-101-ev,428.59
913857,1008,5654,tik_tok,10/22/2025 12:22,10.31,https://valuetainment.com/?utm_campaign=brand fx sponsor&utm_medium=ppc&utm_source=META,288.15
240718,1015,5142,META,2025-12-03T02:33:22Z,6.09,https://valuetainment.com/?utm_source=Google&utm_medium=Paid_Social&utm_campaign=pbd-yt-remarketing,
316649,1013,5890,meta,2025-12-20T17:33:46Z,,https://valuetainment.com/?utm_medium=paid&utm_source=tiktok&utm_campaign=pat-lib-bundle,549.63
567576,1007,5250,tik_tok,2025-10-16 09:24:42,6.06,https://valuetainment.com/?utm_source=tiktok&utm_campaign=vt summit lastcall,297.78
132122,1006,5718,meta,05/10/2026 02:43,7.58,https://valuetainment.com/?utm_medium=Paid_Social&utm_source=facebook&utm_campaign= ceo_bootcamp_prosp ,
115056,1009,5104,meta,2025-12-15 15:15:18,11.17,https://valuetainment.com/?utm_source=TikTok&utm_campaign=le@dership_101_ev&utm_medium=CPC,
130097,1010,5006,google,02/23/2026 12:31,9.55,https://valuetainment.com/?utm_source=Google&utm_medium=paid&utm_campaign=pbd_c0ld_sc@le,275.79
275365,1011,5718,Google,2026-04-15 16:24:33,,https://valuetainment.com/?utm_campaign=consult_dfy_retgt&utm_source=facebook&utm_medium=CPC,32.5
583248,1006,5228,tik_tok,2026-05-08T02:37:23Z,7.16,https://valuetainment.com/?utm_campaign=CEO_BOOTCAMP_PROSP,549.35
188574,1005,5733,tiktok,2025-12-14T15:35:03Z,1.7,https://valuetainment.com/?utm_medium=cpc&utm_campaign=pbd_ret@rget_w@rm,
684657,1007,5558,google,03/31/2026 11:02,0.75,https://valuetainment.com/?utm_campaign= vt_summit_lastcall &utm_source=Google&utm_medium=cpc,18.02
190302,1001,5665,GOOGLE,02/16/2026 02:39,2.61,https://valuetainment.com/?utm_source=google&utm_medium=CPC&utm_campaign=Pbd_pod_prosp_q1,474.2
144106,1004,5223,META ,01/18/2026 10:52,0.59,https://valuetainment.com/?utm_campaign=sales--mastery--lnch!!&utm_medium=cpc&utm_source=TikTok,413.06
185070,1005,5223,meta,03/19/2026 04:18,7.96,https://valuetainment.com/?utm_source=META&utm_campaign=pbd retarget warm&utm_medium=Paid_Social,530.31
366008,1010,5733,Google,2025-12-04T09:17:39Z,10.01,https://valuetainment.com/?utm_campaign=pbd-cold-scale,72.05
875806,1011,5095,tiktok,2026-02-23T19:36:55Z,2.14,https://valuetainment.com/?utm_campaign=Consult_dfy_retgt&utm_source=facebook&utm_medium=ppc,424.68
910682,1013,5006,Meta,2025-10-27T02:03:28Z,3.3,https://valuetainment.com/?utm_campaign=Pat_lib_bundle&utm_medium=Paid_Social&utm_source=META,646.64
969074,1004,5604,Meta,01/29/2026 09:39,11.69,https://valuetainment.com/?utm_source=META&utm_campaign=sales_ma&utm_medium=CPC,26.79
945920,1005,5603,Google,11/22/2025 16:58,,https://valuetainment.com/?utm_medium=CPC&utm_campaign=pbd retarget warm,309.23
398051,1002,5225,META ,2026-03-04T02:10:40Z,,https://valuetainment.com/?utm_source=google&utm_medium=ppc&utm_campaign= brand_gs_promo ,
989223,1013,5733,meta,2026-04-18 01:23:35,2.88,https://valuetainment.com/?utm_medium=CPC&utm_campaign=pat_lib_bundle&utm_source=TikTok,427.53
941456,1004,5604,meta,2026-04-01T14:38:30Z,2.79,https://valuetainment.com/?utm_medium=ppc&utm_campaign=sales_ma&utm_source=tiktok,641.86
295910,1006,5223,TikTok,10/08/2025 16:24,7.68,https://valuetainment.com/?utm_medium=Paid_Social&utm_source=TikTok&utm_campaign=ceo bootcamp prosp,422.68
595761,1014,5890,Meta,2025-10-05T21:27:14Z,,https://valuetainment.com/?utm_source=tiktok&utm_medium=CPC&utm_campaign=brand_pr,
190097,1015,5142,google,2026-05-17T01:31:58Z,3.24,https://valuetainment.com/?utm_source=Google&utm_campaign=pbd_yt_r&utm_medium=cpc,
370885,1008,5238,TikTok,2026-02-08T19:28:19Z,3.67,https://valuetainment.com/?utm_campaign=brand fx sponsor&utm_source=TikTok,215.27
630286,1003,5459,Meta,2026-03-04 00:00:40,8.95,https://valuetainment.com/?utm_campaign=vt_summi&utm_medium=cpc&utm_source=TikTok,277.37
530250,1003,5429,meta,2026-01-03T21:40:22Z,8.4,https://valuetainment.com/?utm_source=tik_tok&utm_campaign=vt_summit_e@rlybird,
323951,1011,5225,GOOGLE,12/24/2025 08:50,2.75,https://valuetainment.com/?utm_source=TikTok&utm_campaign=c0nsult_dfy_retgt&utm_medium=CPC,82.42
666250,1003,5913,Google,2026-01-09 21:03:30,7.38,https://valuetainment.com/?utm_medium=CPC&utm_campaign= vt_summit_earlybird &utm_source=TikTok,
569233,1011,5754,META ,2026-02-08T00:37:19Z,6.45,https://valuetainment.com/?utm_medium=Paid_Social&utm_source=tiktok&utm_campaign=consult_dfy_retgt,
611904,1001,5250,meta,2025-10-19 07:55:18,8.12,https://valuetainment.com/?utm_medium=paid&utm_campaign=pbd_pod_prosp_q1,165.06
475757,1005,5032,Meta,10/31/2025 20:43,0.51,https://valuetainment.com/?utm_source=META&utm_medium=Paid_Social&utm_campaign=Pbd_retarget_warm,
411565,1008,5284,Meta,10/06/2025 18:40,1.24,https://valuetainment.com/?utm_source=Google&utm_medium=paid&utm_campaign=brand_fx,680.59
168484,1010,5025,GOOGLE,10/05/2025 00:42,5.17,https://valuetainment.com/?utm_campaign=pbd cold scale&utm_medium=ppc,464.21
379189,1010,5517,meta,2026-06-07 04:46:56,8.98,https://valuetainment.com/?utm_medium=paid&utm_campaign=pbdcoldscale&utm_source=Google,769.38
386081,1010,5665,tik_tok,2026-01-24 16:16:14,8.02,https://valuetainment.com/?utm_campaign=pbd--cold--scale!!&utm_source=facebook&utm_medium=ppc,
178963,1015,5114,Google,2026-04-26T11:39:44Z,0.76,https://valuetainment.com/?utm_source=facebook&utm_campaign=pbd_yt_r,655.09
981861,1008,5228,tiktok,03/30/2026 23:09,2.99,https://valuetainment.com/?utm_source=meta&utm_campaign=brandfxsponsor&utm_medium=Paid_Social,521.72
391469,1005,5777,META ,2026-04-11 09:03:59,4.07,https://valuetainment.com/?utm_medium=Paid_Social&utm_source=tik_tok&utm_campaign=pbd--retarget--warm!!,47.78
115087,1008,5432,META,11/08/2025 09:38,9.49,https://valuetainment.com/?utm_source=tik_tok&utm_medium=paid&utm_campaign=brand--fx--sponsor!!,732.72
161793,1007,5228,Meta,2026-04-27T06:43:45Z,2.45,https://valuetainment.com/?utm_medium=Paid_Social&utm_campaign=Vt_summit_lastcall&utm_source=TikTok,3.25
333619,1010,5665,Google,05/26/2026 20:35,4.75,https://valuetainment.com/?utm_campaign=pbdcoldscale&utm_source=tiktok&utm_medium=cpc,
516814,1014,5089,Google,2026-05-16T23:16:13Z,9.17,https://valuetainment.com/?utm_source=TikTok&utm_medium=Paid_Social&utm_campaign=br@nd_pr0tein_q2,
560997,1012,5089,Meta,05/07/2026 03:30,10.7,https://valuetainment.com/?utm_medium=paid&utm_campaign=VT_SUMMIT_VIP,323.0
822466,1006,5558,tik_tok,05/07/2026 10:02,5.35,https://valuetainment.com/?utm_medium=ppc&utm_campaign=ce0_b00tc@mp_pr0sp&utm_source=TikTok,
741505,1001,5432,TIKTOK,2025-10-16T05:34:45Z,9.6,https://valuetainment.com/?utm_source=google&utm_medium=Paid_Social&utm_campaign=pbd_p0d_pr0sp_q1,369.16
299105,1013,5754,Google,11/11/2025 11:02,5.38,https://valuetainment.com/?utm_campaign=patlibbundle&utm_medium=Paid_Social,145.34
252446,1013,5603,Google,2026-02-06T15:45:33Z,11.63,https://valuetainment.com/?utm_campaign=pat--lib--bundle!!&utm_source=Google,
326441,1010,5006,meta,2026-01-16 16:23:19,3.26,https://valuetainment.com/?utm_medium=paid&utm_campaign=pbd_cold,630.92
713444,1005,5574,meta,02/27/2026 07:33,1.5,https://valuetainment.com/?utm_medium=Paid_Social&utm_campaign=pbd_reta&utm_source=facebook,419.66
119451,1004,5890,Google,2025-10-23T04:12:04Z,2.25,https://valuetainment.com/?utm_campaign=SALES_MASTERY_LNCH&utm_source=Google&utm_medium=ppc,217.5
760120,1003,5692,Meta,2025-12-09T22:04:17Z,11.18,https://valuetainment.com/?utm_medium=Paid_Social&utm_source=facebook&utm_campaign=vt_summi,
410433,1002,5432,META,02/03/2026 22:57,9.48,https://valuetainment.com/?utm_medium=CPC&utm_source=facebook&utm_campaign=BRAND_GS_PROMO,
504621,1005,5432,GOOGLE,11/29/2025 13:52,2.81,https://valuetainment.com/?utm_campaign=pbd retarget warm&utm_medium=Paid_Social&utm_source=tiktok,411.98
143802,1002,5250,META,2025-12-21T13:50:05Z,,https://valuetainment.com/?utm_campaign=brandgspromo&utm_source=tiktok,429.72
388118,1004,5027,Google,03/18/2026 09:48,9.36,https://valuetainment.com/?utm_campaign= sales_mastery_lnch &utm_medium=Paid_Social,321.57
276919,1012,5006,google,2025-11-17 16:13:34,,https://valuetainment.com/?utm_campaign=vt_summi&utm_medium=Paid_Social&utm_source=TikTok,270.91
126468,1009,5616,Meta,2026-05-04T03:49:50Z,12.32,https://valuetainment.com/?utm_source=META&utm_campaign=Leadership_101_ev&utm_medium=ppc,
787512,1014,5114,GOOGLE,2026-04-08 16:43:27,1.63,https://valuetainment.com/?utm_medium=Paid_Social&utm_source=tik_tok&utm_campaign= brand_protein_q2 ,652.38
305067,1006,5142,Meta,05/30/2026 23:25,3.32,https://valuetainment.com/?utm_medium=paid&utm_campaign= ceo_bootcamp_prosp &utm_source=Google,568.75
478702,1009,5759,META ,2026-03-26 00:27:34,7.35,https://valuetainment.com/?utm_medium=CPC&utm_campaign=leadership--101--ev!!,
144639,1008,5025,Google,2025-12-05 07:37:19,12.08,https://valuetainment.com/?utm_source=meta&utm_campaign= brand_fx_sponsor ,793.92
864977,1015,5228,META,12/30/2025 18:03,,https://valuetainment.com/?utm_campaign= pbd_yt_remarketing &utm_source=tiktok&utm_medium=Paid_Social,
344021,1006,5089,TikTok,2026-04-21 10:33:39,1.22,https://valuetainment.com/?utm_campaign=ceo--bootcamp--prosp!!,541.33
194970,1008,5665,Meta,01/04/2026 08:20,11.56,https://valuetainment.com/?utm_campaign= brand_fx_sponsor &utm_source=facebook&utm_medium=CPC,189.11
583122,1009,5250,google,2025-10-22 07:54:52,6.96,https://valuetainment.com/?utm_source=facebook&utm_campaign=leadersh,
723952,1014,5027,Google,2026-03-04T07:37:01Z,11.43,https://valuetainment.com/?utm_source=Google&utm_campaign=Brand_protein_q2&utm_medium=CPC,53.61
686225,1004,5281,tiktok,2026-04-14 20:26:20,3.15,https://valuetainment.com/?utm_source=google&utm_campaign=Sales_mastery_lnch&utm_medium=CPC,572.08
253875,1013,5223,google,2026-01-11T13:38:44Z,10.21,https://valuetainment.com/?utm_campaign=pat lib bundle&utm_source=Google,315.45
397380,1009,5203,tiktok,2026-01-02 19:27:02,8.39,https://valuetainment.com/?utm_medium=Paid_Social&utm_source=facebook&utm_campaign=leadership_101_ev,
491810,1007,5432,meta,2026-03-12 03:50:58,12.19,https://valuetainment.com/?utm_source=tik_tok&utm_campaign=vt--summit--lastcall!!,775.94
620131,1013,5250,Meta,01/07/2026 01:13,5.56,https://valuetainment.com/?utm_source=tik_tok&utm_medium=cpc&utm_campaign=p@t_lib_bundle,137.99
517346,1002,5604,google,2025-11-22T11:53:38Z,6.96,https://valuetainment.com/?utm_source=meta&utm_medium=cpc&utm_campaign= brand_gs_promo ,
117506,1003,5758,Google,06/01/2026 13:46,11.35,https://valuetainment.com/?utm_source=Google&utm_medium=CPC&utm_campaign= vt_summit_earlybird ,701.13
328155,1012,5754,google,2025-11-25 18:29:58,6.76,https://valuetainment.com/?utm_campaign=vt summit vip&utm_source=meta,430.79
392468,1010,5228,meta,2025-12-21 23:52:00,10.48,https://valuetainment.com/?utm_source=META&utm_campaign=pbd-cold-scale,569.17
367361,1012,5718,Meta,2025-10-22 04:16:22,5.91,https://valuetainment.com/?utm_campaign=vt_summit_vip&utm_source=Google&utm_medium=ppc,713.18
194682,1012,5759,meta,2025-11-18T04:51:09Z,7.54,https://valuetainment.com/?utm_campaign=vt_summit_vip&utm_medium=paid&utm_source=META,642.86
930837,1010,5429,meta,2026-03-02 04:44:46,12.21,https://valuetainment.com/?utm_medium=ppc&utm_campaign=pbd-cold-scale&utm_source=google,527.62
400909,1015,5228,Meta,2026-02-17 14:05:26,,https://valuetainment.com/?utm_source=tiktok&utm_campaign=Pbd_yt_remarketing,374.48
540700,1010,5733,meta,06/07/2026 15:33,8.24,https://valuetainment.com/?utm_campaign=pbd cold scale,
663095,1015,5459,GOOGLE,2025-10-18 17:18:18,,https://valuetainment.com/?utm_medium=cpc&utm_campaign=pbd--yt--remarketing!!&utm_source=META,293.99
716881,1002,5616,google,2026-04-29 11:28:28,,https://valuetainment.com/?utm_medium=CPC&utm_campaign= brand_gs_promo &utm_source=META,34.02
777698,1011,5913,Google,2025-12-20T16:54:44Z,2.31,https://valuetainment.com/?utm_source=tiktok&utm_medium=Paid_Social&utm_campaign=consult_,741.75
101657,1004,5558,GOOGLE,03/11/2026 00:39,6.05,https://valuetainment.com/?utm_medium=cpc&utm_campaign=s@les_m@stery_lnch&utm_source=tiktok,589.97
227766,1010,5616,tiktok,11/19/2025 18:17,6.83,https://valuetainment.com/?utm_source=TikTok&utm_medium=ppc&utm_campaign=PBD_COLD_SCALE,
309837,1007,5517,google,2025-12-09T03:09:33Z,2.48,https://valuetainment.com/?utm_campaign=vt summit lastcall&utm_medium=Paid_Social&utm_source=meta,764.07
398739,1014,5517,META,2026-03-20T04:11:16Z,3.02,https://valuetainment.com/?utm_medium=Paid_Social&utm_campaign=brand--protein--q2!!&utm_source=facebook,
191214,1013,5758,Meta,12/18/2025 03:45,5.57,https://valuetainment.com/?utm_source=tik_tok&utm_campaign=p@t_lib_bundle&utm_medium=cpc,684.72
786516,1014,5665,Meta,03/10/2026 17:01,9.72,https://valuetainment.com/?utm_medium=Paid_Social&utm_campaign=brand protein q2&utm_source=tik_tok,172.02
350680,1004,5284,google,03/06/2026 18:52,7.18,https://valuetainment.com/?utm_source=tik_tok&utm_medium=Paid_Social&utm_campaign=sales_mastery_lnch,
665531,1013,5616,Meta,2026-01-27T17:01:04Z,3.32,https://valuetainment.com/?utm_source=google&utm_medium=paid&utm_campaign= pat_lib_bundle ,112.17
522780,1003,5089,meta,04/10/2026 14:59,6.16,https://valuetainment.com/?utm_medium=Paid_Social&utm_source=Google&utm_campaign=vt_summit_e@rlybird,453.31
245662,1007,5733,META,2026-06-03 02:31:52,7.85,https://valuetainment.com/?utm_source=tiktok&utm_medium=CPC&utm_campaign=vt_summi,529.76
516466,1004,5025,GOOGLE,2026-05-18 08:20:10,7.93,https://valuetainment.com/?utm_medium=CPC&utm_campaign=sales--mastery--lnch!!,389.91
495475,1010,5030,meta,02/01/2026 00:15,11.98,https://valuetainment.com/?utm_medium=paid&utm_source=meta&utm_campaign=Pbd_cold_scale,146.11
485303,1014,5284,META,01/07/2026 23:18,12.34,https://valuetainment.com/?utm_campaign=brand protein q2&utm_medium=paid&utm_source=meta,21.21
644624,1003,5692,META,05/09/2026 08:24,10.41,https://valuetainment.com/?utm_source=META&utm_medium=Paid_Social&utm_campaign= vt_summit_earlybird ,201.28
657196,1011,5095,tik_tok,2026-04-11T14:26:04Z,,https://valuetainment.com/?utm_campaign=consult--dfy--retgt!!&utm_source=META,
649465,1013,5032,META,2026-04-20 04:41:39,5.58,https://valuetainment.com/?utm_medium=paid&utm_campaign=pat--lib--bundle!!,653.31
738976,1001,5604,META ,2026-02-19T01:40:00Z,9.78,https://valuetainment.com/?utm_medium=ppc&utm_source=tiktok&utm_campaign=pbd--pod--prosp--q1!!,
359630,1007,5089,Google,2026-03-31 02:01:52,1.78,https://valuetainment.com/?utm_campaign=VT_SUMMIT_LASTCALL&utm_source=meta&utm_medium=Paid_Social,217.67
692718,1015,5429,Meta,2026-05-09 11:36:41,1.65,https://valuetainment.com/?utm_source=tik_tok&utm_medium=Paid_Social&utm_campaign=pbd_yt_rem@rketing,
821778,1004,5095,Google,2026-03-12T21:04:30Z,10.73,https://valuetainment.com/?utm_medium=ppc&utm_campaign=salesmasterylnch,
997363,1008,5754,google,2025-11-22 19:55:10,9.46,https://valuetainment.com/?utm_campaign=brandfxsponsor&utm_source=tiktok,506.39
559002,1013,5913,Google,2026-01-12T02:46:17Z,11.85,https://valuetainment.com/?utm_medium=paid&utm_source=tiktok&utm_campaign=pat lib bundle,292.43
134999,1008,5089,META,2026-03-29T14:52:57Z,4.85,https://valuetainment.com/?utm_source=meta&utm_campaign=BRAND_FX_SPONSOR&utm_medium=paid,81.01
517305,1011,5692,google,2025-10-02 08:07:51,9.86,https://valuetainment.com/?utm_medium=paid&utm_campaign=consult dfy retgt&utm_source=meta,
336838,1013,5758,Meta,2026-02-06T18:16:53Z,4.89,https://valuetainment.com/?utm_medium=paid&utm_campaign= pat_lib_bundle &utm_source=TikTok,400.78
275955,1004,5654,Google,04/17/2026 14:55,5.26,https://valuetainment.com/?utm_medium=CPC&utm_campaign= sales_mastery_lnch &utm_source=Google,373.2
311907,1004,5032,tiktok,03/03/2026 01:14,11.59,https://valuetainment.com/?utm_source=facebook&utm_campaign=salesmasterylnch,518.18
646008,1009,5250,Meta,2026-05-14 19:27:07,10.11,https://valuetainment.com/?utm_campaign=le@dership_101_ev&utm_source=META,
378459,1015,5913,meta,03/24/2026 02:44,,https://valuetainment.com/?utm_campaign=pbd-yt-remarketing&utm_medium=ppc&utm_source=google,
139488,1002,5203,TikTok,2026-02-07T22:43:15Z,5.4,https://valuetainment.com/?utm_source=meta&utm_medium=CPC&utm_campaign=br@nd_gs_pr0m0,
289339,1003,5604,Meta,10/26/2025 16:08,6.91,https://valuetainment.com/?utm_medium=CPC&utm_campaign=vt summit earlybird&utm_source=Google,240.55
363703,1006,5089,meta,2026-03-25T20:11:19Z,5.64,https://valuetainment.com/?utm_medium=Paid_Social&utm_source=TikTok&utm_campaign=ce0_b00tc@mp_pr0sp,639.9
118369,1007,5142,META ,2025-10-15T05:15:06Z,4.04,https://valuetainment.com/?utm_source=tik_tok&utm_campaign=vtsummitlastcall,
877070,1015,5654,tiktok,03/09/2026 04:14,10.59,https://valuetainment.com/?utm_source=tiktok&utm_campaign=pbd_yt_r&utm_medium=ppc,73.93
336504,1014,5603,tik_tok,2026-05-23 07:58:27,8.94,https://valuetainment.com/?utm_campaign=brand_pr&utm_source=google,604.09
903273,1005,5517,tiktok,2026-04-13T06:26:17Z,2.68,https://valuetainment.com/?utm_campaign= pbd_retarget_warm &utm_source=META,
275124,1015,5250,Google,01/18/2026 01:43,1.9,https://valuetainment.com/?utm_campaign=pbd_yt_rem@rketing&utm_medium=paid&utm_source=google,439.19
931199,1014,5692,google,2026-05-17 08:29:46,11.39,https://valuetainment.com/?utm_source=META&utm_medium=CPC&utm_campaign=br@nd_pr0tein_q2,
922755,1004,5616,TikTok,2026-03-20T05:59:52Z,11.64,https://valuetainment.com/?utm_source=META&utm_campaign=salesmasterylnch&utm_medium=CPC,787.47
362139,1004,5558,Meta,2025-11-13T17:38:03Z,9.26,https://valuetainment.com/?utm_medium=cpc&utm_campaign=SALES_MASTERY_LNCH&utm_source=google,106.37
387220,1007,5089,Google,2025-10-27T07:11:39Z,,https://valuetainment.com/?utm_source=google&utm_campaign=vt-summit-lastcall&utm_medium=ppc,
435632,1010,5284,META,11/09/2025 14:26,0.68,https://valuetainment.com/?utm_source=tik_tok&utm_campaign=pbd--cold--scale!!&utm_medium=paid,
129458,1013,5238,Meta,2026-03-24T16:23:54Z,2.66,https://valuetainment.com/?utm_source=META&utm_campaign=PAT_LIB_BUNDLE&utm_medium=ppc,416.55
432117,1002,5654,GOOGLE,2026-05-13 15:10:45,12.36,https://valuetainment.com/?utm_campaign=brand gs promo&utm_source=facebook,
208304,1008,5429,google,2026-05-24 15:17:40,1.35,https://valuetainment.com/?utm_medium=Paid_Social&utm_source=meta&utm_campaign=brand fx sponsor,296.79
403627,1004,5432,meta,2025-12-08T08:41:40Z,10.02,https://valuetainment.com/?utm_campaign=sales_mastery_lnch&utm_medium=cpc,
588990,1009,5025,google,2026-04-21T14:37:08Z,11.4,https://valuetainment.com/?utm_campaign=leadership-101-ev&utm_medium=paid&utm_source=meta,639.5
309613,1001,5616,google,2025-10-02T23:20:18Z,12.16,https://valuetainment.com/?utm_medium=CPC&utm_campaign=pbd pod prosp q1&utm_source=META,
537503,1014,5281,GOOGLE,2025-10-07 02:24:26,12.47,https://valuetainment.com/?utm_source=TikTok&utm_campaign=brand protein q2,107.42
779425,1009,5114,Google,04/20/2026 00:00,4.32,https://valuetainment.com/?utm_campaign= leadership_101_ev &utm_source=facebook,141.44
821471,1010,5758,meta,03/09/2026 23:28,3.09,https://valuetainment.com/?utm_campaign=pbd_c0ld_sc@le&utm_medium=Paid_Social&utm_source=META,57.73
106095,1006,5027,Google,2026-02-07 15:16:04,7.42,https://valuetainment.com/?utm_source=facebook&utm_medium=paid&utm_campaign=ceo bootcamp prosp,335.05
657196,1011,5095,tik_tok,2026-04-11T14:26:04Z,,https://valuetainment.com/?utm_campaign=consult--dfy--retgt!!&utm_source=META,
275479,1004,5733,meta,05/23/2026 23:05,10.32,https://valuetainment.com/?utm_medium=cpc&utm_source=TikTok&utm_campaign=s@les_m@stery_lnch,430.74
326063,1005,5692,tik_tok,05/07/2026 19:31,3.95,https://valuetainment.com/?utm_medium=ppc&utm_source=meta&utm_campaign=pbd_reta,
832187,1012,5142,google,2026-01-21 02:29:03,8.08,https://valuetainment.com/?utm_medium=Paid_Social&utm_source=meta&utm_campaign=vt_summi,97.11
855018,1015,5432,TIKTOK,2026-04-29 22:24:15,3.97,https://valuetainment.com/?utm_campaign=pbd yt remarketing&utm_source=google&utm_medium=paid,101.2
538203,1015,5284,meta,2025-11-26T10:27:30Z,,https://valuetainment.com/?utm_campaign=pbd--yt--remarketing!!&utm_medium=paid&utm_source=TikTok,
563824,1005,5616,Meta,2025-11-07T16:47:36Z,1.13,https://valuetainment.com/?utm_source=TikTok&utm_medium=CPC&utm_campaign= pbd_retarget_warm ,211.37
537174,1012,5718,meta,2026-04-18T07:14:07Z,2.19,https://valuetainment.com/?utm_source=google&utm_campaign=vt--summit--vip!!&utm_medium=cpc,
986982,1012,5692,Meta,2026-03-24T11:57:31Z,1.95,https://valuetainment.com/?utm_source=tik_tok&utm_medium=paid&utm_campaign=VT_SUMMIT_VIP,
296395,1008,5777,META,2026-05-23 17:22:17,,https://valuetainment.com/?utm_campaign=brand--fx--sponsor!!&utm_source=meta&utm_medium=paid,
736472,1012,5250,GOOGLE,2026-04-14T05:17:02Z,0.95,https://valuetainment.com/?utm_campaign=vt_summit_vip&utm_medium=ppc,205.74
412939,1014,5114,META,2026-04-08 05:14:03,11.35,https://valuetainment.com/?utm_medium=cpc&utm_campaign=brand protein q2&utm_source=google,239.61
200923,1002,5759,META,12/03/2025 07:21,3.77,https://valuetainment.com/?utm_source=META&utm_medium=paid&utm_campaign=BRAND_GS_PROMO,
255813,1014,5603,META ,03/26/2026 20:07,6.29,https://valuetainment.com/?utm_source=google&utm_campaign= brand_protein_q2 &utm_medium=paid,
849121,1001,5459,GOOGLE,2026-06-05T09:23:27Z,,https://valuetainment.com/?utm_medium=Paid_Social&utm_source=Google&utm_campaign=pbd_pod_,
188053,1007,5828,TikTok,2026-02-19 08:43:08,10.41,https://valuetainment.com/?utm_source=tik_tok&utm_campaign=vt_summi,140.2
720268,1003,5025,GOOGLE,10/25/2025 11:49,8.23,https://valuetainment.com/?utm_medium=ppc&utm_campaign=vt_summi,614.32
836581,1013,5913,meta,2026-03-23T19:50:35Z,,https://valuetainment.com/?utm_medium=ppc&utm_campaign=Pat_lib_bundle&utm_source=META,
796990,1005,5754,meta,2025-10-10 08:42:53,5.29,https://valuetainment.com/?utm_campaign=pbdretargetwarm&utm_source=META&utm_medium=cpc,725.29
351632,1011,5828,Meta,2026-06-06 12:04:03,5.51,https://valuetainment.com/?utm_campaign=CONSULT_DFY_RETGT&utm_source=google,
360208,1006,5429,Google,2026-02-06T18:15:53Z,2.12,https://valuetainment.com/?utm_medium=CPC&utm_source=TikTok&utm_campaign=ceo--bootcamp--prosp!!,240.07
290397,1014,5025,Meta,11/02/2025 00:32,8.93,https://valuetainment.com/?utm_medium=CPC&utm_campaign= brand_protein_q2 ,141.73
391318,1005,5777,google,2026-03-06T06:51:39Z,4.95,https://valuetainment.com/?utm_source=tik_tok&utm_medium=Paid_Social&utm_campaign=pbd_retarget_warm,729.46
649999,1015,5574,META,01/18/2026 09:34,7.19,https://valuetainment.com/?utm_campaign=pbdytremarketing&utm_source=tik_tok,268.32
195521,1012,5250,google,10/05/2025 22:55,8.69,https://valuetainment.com/?utm_campaign=vt-summit-vip&utm_medium=ppc&utm_source=meta,
925457,1012,5517,google,2025-12-12T09:52:14Z,7.58,https://valuetainment.com/?utm_medium=CPC&utm_campaign=vtsummitvip&utm_source=google,360.57
348918,1001,5913,Meta,2026-06-06 18:24:12,10.51,https://valuetainment.com/?utm_campaign=pbdpodprospq1&utm_medium=cpc&utm_source=tiktok,337.65
857727,1004,5558,META,2026-04-14 20:34:24,,https://valuetainment.com/?utm_medium=cpc&utm_source=meta&utm_campaign=sales mastery lnch,452.58
596006,1007,5733,TikTok,03/15/2026 22:28,3.99,https://valuetainment.com/?utm_medium=cpc&utm_source=meta&utm_campaign=vt summit lastcall,791.74
532794,1003,5284,META,2026-05-03T23:45:14Z,11.13,https://valuetainment.com/?utm_campaign=vtsummitearlybird&utm_medium=paid&utm_source=google,674.46
524966,1006,5558,TIKTOK,2026-03-25T23:43:38Z,4.5,https://valuetainment.com/?utm_campaign=ceo_bootcamp_prosp&utm_source=tiktok&utm_medium=ppc,512.73
280338,1010,5777,Meta,12/09/2025 01:01,,https://valuetainment.com/?utm_campaign=pbd-cold-scale&utm_source=tik_tok,298.31
214824,1013,5032,Meta,10/13/2025 07:26,6.44,https://valuetainment.com/?utm_campaign=PAT_LIB_BUNDLE&utm_source=META,343.45
685631,1004,5754,META,10/23/2025 16:09,8.85,https://valuetainment.com/?utm_source=Google&utm_medium=paid&utm_campaign=Sales_mastery_lnch,637.73
424143,1012,5284,google,11/02/2025 06:18,2.24,https://valuetainment.com/?utm_medium=Paid_Social&utm_campaign=vt-summit-vip,
545467,1014,5758,meta,2025-12-09T23:25:32Z,0.54,https://valuetainment.com/?utm_medium=Paid_Social&utm_campaign=brand_protein_q2,645.18
751916,1001,5574,meta,2026-02-27T10:52:31Z,8.23,https://valuetainment.com/?utm_source=META&utm_campaign=pbd--pod--prosp--q1!!&utm_medium=paid,
920375,1001,5777,tiktok,2025-11-10 13:10:21,7.86,https://valuetainment.com/?utm_campaign=pbd--pod--prosp--q1!!&utm_source=TikTok,282.2
600170,1013,5654,google,2025-10-02T17:44:32Z,2.64,https://valuetainment.com/?utm_campaign=Pat_lib_bundle&utm_source=meta&utm_medium=Paid_Social,152.87
529768,1015,5032,Meta,12/01/2025 17:10,2.43,https://valuetainment.com/?utm_campaign= pbd_yt_remarketing &utm_medium=CPC&utm_source=Google,
258655,1011,5025,Google,2026-04-10T11:01:16Z,6.65,https://valuetainment.com/?utm_campaign= consult_dfy_retgt &utm_source=meta,709.03
977500,1010,5281,google,05/24/2026 09:53,10.47,https://valuetainment.com/?utm_campaign=PBD_COLD_SCALE&utm_medium=paid,
892761,1008,5828,google,2025-12-16T03:07:53Z,1.45,https://valuetainment.com/?utm_medium=Paid_Social&utm_campaign=brand_fx_sponsor&utm_source=META,
305802,1010,5604,Google,02/07/2026 11:47,4.36,https://valuetainment.com/?utm_medium=paid&utm_source=tik_tok&utm_campaign=Pbd_cold_scale,285.5
810453,1011,5250,Google,2026-05-25 16:48:07,12.06,https://valuetainment.com/?utm_campaign=c0nsult_dfy_retgt&utm_medium=cpc&utm_source=Google,344.2
931486,1005,5692,meta,2026-05-02T23:48:25Z,3.75,https://valuetainment.com/?utm_source=meta&utm_campaign=pbd-retarget-warm&utm_medium=paid,313.3
914056,1013,5558,meta,2025-12-13 19:32:18,5.68,https://valuetainment.com/?utm_source=facebook&utm_campaign=PAT_LIB_BUNDLE,219.76
641689,1008,5828,meta,2026-05-13 02:01:13,9.07,https://valuetainment.com/?utm_campaign=brand_fx_sponsor&utm_source=TikTok&utm_medium=ppc,81.14
665703,1002,5758,Google,2025-10-06T20:58:57Z,4.71,https://valuetainment.com/?utm_medium=ppc&utm_source=tiktok&utm_campaign=brand--gs--promo!!,351.91
953568,1006,5089,tik_tok,2026-06-09T07:35:25Z,7.87,https://valuetainment.com/?utm_campaign=Ceo_bootcamp_prosp&utm_medium=Paid_Social&utm_source=google,449.51
736490,1008,5754,google,2026-01-21T00:41:53Z,5.95,https://valuetainment.com/?utm_medium=cpc&utm_source=google&utm_campaign=brandfxsponsor,175.67
798910,1015,5654,Meta,2025-12-15 14:43:04,4.18,https://valuetainment.com/?utm_medium=ppc&utm_campaign=Pbd_yt_remarketing,
373257,1007,5006,google,03/19/2026 20:21,6.22,https://valuetainment.com/?utm_source=meta&utm_medium=ppc&utm_campaign=VT_SUMMIT_LASTCALL,567.87
272620,1015,5558,META,12/28/2025 12:53,,https://valuetainment.com/?utm_source=tik_tok&utm_medium=CPC&utm_campaign=Pbd_yt_remarketing,183.05
212745,1008,5758,META ,2026-05-29 13:02:08,4.4,https://valuetainment.com/?utm_medium=Paid_Social&utm_source=TikTok&utm_campaign=Brand_fx_sponsor,
531880,1012,5692,Google,2026-03-18 16:18:17,3.79,https://valuetainment.com/?utm_campaign=vt_summit_vip&utm_medium=Paid_Social,
356717,1010,5759,meta,10/12/2025 06:13,4.2,https://valuetainment.com/?utm_campaign=PBD_COLD_SCALE&utm_source=facebook,432.46
773045,1002,5665,meta,01/11/2026 06:05,2.68,https://valuetainment.com/?utm_source=Google&utm_campaign=brandgspromo&utm_medium=Paid_Social,295.52
798379,1002,5429,Google,02/06/2026 06:58,7.99,https://valuetainment.com/?utm_source=TikTok&utm_medium=cpc&utm_campaign= brand_gs_promo ,513.39
208824,1015,5032,META,05/15/2026 04:37,11.01,https://valuetainment.com/?utm_medium=cpc&utm_campaign=pbd_yt_rem@rketing,
918035,1014,5574,meta,2026-05-04 17:09:40,4.29,https://valuetainment.com/?utm_medium=paid&utm_source=META&utm_campaign=br@nd_pr0tein_q2,628.59
110394,1015,5692,google,11/24/2025 04:36,2.51,https://valuetainment.com/?utm_source=tik_tok&utm_campaign=pbd yt remarketing&utm_medium=cpc,789.27
908300,1008,5574,META,2026-02-18T04:50:03Z,3.96,https://valuetainment.com/?utm_medium=CPC&utm_source=TikTok&utm_campaign=Brand_fx_sponsor,404.69
361400,1006,5758,meta,2026-01-08T05:38:05Z,8.98,https://valuetainment.com/?utm_campaign=ceo_bootcamp_prosp&utm_medium=ppc,
751881,1009,5616,google,2026-02-18T00:24:44Z,8.62,https://valuetainment.com/?utm_campaign=Leadership_101_ev&utm_source=google&utm_medium=paid,103.55
169230,1014,5558,META,12/08/2025 01:09,11.41,https://valuetainment.com/?utm_medium=CPC&utm_source=meta&utm_campaign=Brand_protein_q2,662.6
882374,1007,5459,TIKTOK,2026-05-10T04:11:12Z,8.22,https://valuetainment.com/?utm_medium=Paid_Social&utm_campaign=vt summit lastcall&utm_source=google,634.48
154262,1009,5223,GOOGLE,2026-03-31T07:19:04Z,10.69,https://valuetainment.com/?utm_medium=cpc&utm_source=facebook&utm_campaign=leadership_101_ev,308.88
606750,1008,5095,meta,2026-01-28T03:45:35Z,1.28,https://valuetainment.com/?utm_medium=paid&utm_campaign=brandfxsponsor&utm_source=tiktok,550.39
582173,1011,5142,GOOGLE,2026-01-28 21:52:32,6.87,https://valuetainment.com/?utm_medium=ppc&utm_campaign=consult_&utm_source=tik_tok,487.73
336108,1010,5758,meta,2025-12-05 03:45:18,2.34,https://valuetainment.com/?utm_source=meta&utm_medium=CPC&utm_campaign=pbd_cold_scale,197.81
940014,1008,5006,meta,2026-02-17T10:32:06Z,10.17,https://valuetainment.com/?utm_source=tiktok&utm_medium=cpc&utm_campaign=Brand_fx_sponsor,
425914,1006,5142,meta,2026-03-30T22:53:08Z,2.69,https://valuetainment.com/?utm_campaign=ceo-bootcamp-prosp,162.08
395108,1007,5225,Meta,2026-04-03T10:17:37Z,8.91,https://valuetainment.com/?utm_campaign= vt_summit_lastcall &utm_source=TikTok&utm_medium=ppc,
132975,1005,5718,Google,02/03/2026 10:29,6.68,https://valuetainment.com/?utm_source=tik_tok&utm_medium=ppc&utm_campaign= pbd_retarget_warm ,380.17
343920,1012,5114,Meta,2025-10-18T03:00:22Z,3.23,https://valuetainment.com/?utm_source=tiktok&utm_campaign=Vt_summit_vip,
207292,1010,5828,TIKTOK,2026-05-18T23:25:27Z,6.74,https://valuetainment.com/?utm_medium=CPC&utm_source=TikTok&utm_campaign=pbdcoldscale,306.36
117007,1001,5758,TIKTOK,2025-10-28 16:54:04,,https://valuetainment.com/?utm_campaign=PBD_POD_PROSP_Q1&utm_source=TikTok&utm_medium=CPC,
823306,1013,5284,Meta,2026-02-03 19:27:28,4.17,https://valuetainment.com/?utm_source=Google&utm_campaign=pat lib bundle,180.77
752959,1012,5459,Meta,11/08/2025 07:32,2.45,https://valuetainment.com/?utm_source=facebook&utm_campaign=vt summit vip&utm_medium=paid,384.45
107469,1001,5104,meta,04/18/2026 11:30,,https://valuetainment.com/?utm_medium=cpc&utm_campaign=pbdpodprospq1&utm_source=tik_tok,
914617,1004,5558,meta,02/14/2026 03:57,5.04,https://valuetainment.com/?utm_source=tik_tok&utm_campaign=sales_mastery_lnch&utm_medium=Paid_Social,
270318,1014,5754,GOOGLE,2026-05-03 15:17:58,4.94,https://valuetainment.com/?utm_medium=CPC&utm_campaign=Brand_protein_q2,557.05
540460,1013,5025,tik_tok,10/29/2025 07:18,1.2,https://valuetainment.com/?utm_source=facebook&utm_campaign=pat-lib-bundle&utm_medium=CPC,
319925,1008,5654,Google,2026-02-10T14:44:30Z,4.94,https://valuetainment.com/?utm_source=TikTok&utm_campaign=br@nd_fx_sp0ns0r&utm_medium=paid,
821776,1007,5758,google,2026-02-10 05:16:54,3.34,https://valuetainment.com/?utm_source=meta&utm_medium=CPC&utm_campaign=Vt_summit_lastcall,66.33
444749,1010,5665,Google,01/13/2026 15:45,3.97,https://valuetainment.com/?utm_medium=ppc&utm_source=facebook&utm_campaign=pbd--cold--scale!!,
250025,1005,5517,google,03/22/2026 01:38,8.38,https://valuetainment.com/?utm_campaign=pbdretargetwarm&utm_medium=paid&utm_source=tiktok,
425090,1010,5558,google,2025-12-30T11:51:04Z,9.99,https://valuetainment.com/?utm_medium=Paid_Social&utm_campaign=pbd_cold_scale&utm_source=meta,269.11
369881,1008,5558,meta,2026-05-21T03:16:19Z,11.34,https://valuetainment.com/?utm_source=tik_tok&utm_campaign=brandfxsponsor&utm_medium=CPC,507.73
190678,1006,5828,TIKTOK,02/10/2026 21:43,9.13,https://valuetainment.com/?utm_medium=Paid_Social&utm_campaign=ceo_bootcamp_prosp&utm_source=Google,
982304,1004,5654,Meta,2025-11-23T03:45:51Z,10.54,https://valuetainment.com/?utm_campaign=salesmasterylnch&utm_source=google&utm_medium=Paid_Social,759.35
147435,1012,5203,GOOGLE,2026-03-24T16:00:30Z,,https://valuetainment.com/?utm_medium=Paid_Social&utm_campaign=vt--summit--vip!!&utm_source=Google,759.94
335343,1005,5890,TikTok,2026-03-26T17:20:27Z,11.8,https://valuetainment.com/?utm_campaign=PBD_RETARGET_WARM&utm_source=google,571.53
604163,1008,5025,META ,2026-03-05T02:57:07Z,1.17,https://valuetainment.com/?utm_medium=ppc&utm_source=TikTok&utm_campaign=brand fx sponsor,662.65
711545,1014,5574,tiktok,2026-03-07T01:18:22Z,12.14,https://valuetainment.com/?utm_campaign=brand_protein_q2&utm_medium=Paid_Social&utm_source=tik_tok,
842464,1010,5089,tiktok,2026-04-26T15:09:37Z,10.28,https://valuetainment.com/?utm_source=tiktok&utm_campaign=Pbd_cold_scale&utm_medium=Paid_Social,
415055,1014,5616,TIKTOK,2025-12-15T21:21:56Z,6.49,https://valuetainment.com/?utm_campaign=brandproteinq2&utm_source=TikTok,
618689,1003,5828,Meta,12/10/2025 01:44,3.58,https://valuetainment.com/?utm_source=meta&utm_campaign=vt summit earlybird&utm_medium=ppc,
137812,1011,5032,TIKTOK,03/05/2026 02:59,8.34,https://valuetainment.com/?utm_source=tik_tok&utm_campaign=consult dfy retgt,69.47
978580,1007,5284,meta,2025-12-13 21:44:15,3.23,https://valuetainment.com/?utm_source=meta&utm_medium=cpc&utm_campaign=vt--summit--lastcall!!,234.27
929916,1009,5104,Google,01/17/2026 23:11,11.89,https://valuetainment.com/?utm_medium=ppc&utm_campaign=leadership-101-ev&utm_source=facebook,
478004,1002,5758,google,04/25/2026 00:26,11.53,https://valuetainment.com/?utm_source=META&utm_medium=ppc&utm_campaign=brand gs promo,483.61
981355,1012,5027,tik_tok,2026-05-14 13:03:41,10.05,https://valuetainment.com/?utm_campaign=vt_summi&utm_source=meta&utm_medium=Paid_Social,784.12
916215,1012,5027,google,2026-05-15 12:30:26,2.15,https://valuetainment.com/?utm_medium=cpc&utm_source=META&utm_campaign=vt-summit-vip,610.87
942873,1006,5758,Meta,2025-10-06 00:36:09,0.85,https://valuetainment.com/?utm_campaign=ceo bootcamp prosp&utm_source=facebook&utm_medium=Paid_Social,601.92
605954,1012,5754,tiktok,2026-01-26 00:01:20,7.23,https://valuetainment.com/?utm_source=tiktok&utm_campaign=vtsummitvip&utm_medium=CPC,163.07
355517,1005,5284,Google,2026-05-09 14:56:33,10.78,https://valuetainment.com/?utm_campaign=Pbd_retarget_warm&utm_medium=Paid_Social&utm_source=META,351.16
552407,1004,5692,meta,2026-02-14T22:12:21Z,2.48,https://valuetainment.com/?utm_campaign= sales_mastery_lnch &utm_medium=cpc,486.4
736116,1006,5432,META ,11/19/2025 05:50,2.58,https://valuetainment.com/?utm_campaign=CEO_BOOTCAMP_PROSP&utm_medium=ppc,625.06
833368,1001,5025,google,01/20/2026 09:33,3.09,https://valuetainment.com/?utm_source=Google&utm_medium=CPC&utm_campaign= pbd_pod_prosp_q1 ,400.57
455644,1002,5718,google,10/03/2025 05:02,1.8,https://valuetainment.com/?utm_source=Google&utm_campaign= brand_gs_promo ,236.26
837771,1004,5718,tiktok,12/28/2025 16:09,12.18,https://valuetainment.com/?utm_source=tik_tok&utm_campaign=s@les_m@stery_lnch,531.35
444600,1004,5027,meta,12/05/2025 22:43,1.79,https://valuetainment.com/?utm_source=facebook&utm_campaign=SALES_MASTERY_LNCH&utm_medium=ppc,
786002,1008,5203,GOOGLE,2025-12-24 02:50:27,,https://valuetainment.com/?utm_campaign=brand fx sponsor&utm_source=Google&utm_medium=paid,
251569,1007,5025,TikTok,11/07/2025 05:48,0.78,https://valuetainment.com/?utm_campaign=vt-summit-lastcall&utm_source=meta&utm_medium=CPC,564.31
624203,1003,5759,meta,2026-02-16T01:39:53Z,7.9,https://valuetainment.com/?utm_medium=paid&utm_campaign=VT_SUMMIT_EARLYBIRD,797.58
339618,1014,5665,meta,2026-02-02T11:13:06Z,5.44,https://valuetainment.com/?utm_campaign=brand-protein-q2&utm_medium=cpc,
648942,1001,5517,GOOGLE,2025-10-10 11:49:57,12.06,https://valuetainment.com/?utm_medium=cpc&utm_campaign=pbd_p0d_pr0sp_q1&utm_source=tiktok,404.95
119776,1002,5718,meta,2025-10-12T21:28:12Z,5.7,https://valuetainment.com/?utm_campaign=brand_gs&utm_medium=ppc&utm_source=Google,
140875,1012,5759,META,2026-04-24 04:32:13,8.8,https://valuetainment.com/?utm_source=facebook&utm_campaign= vt_summit_vip ,413.74
973680,1001,5604,META,2026-04-22T16:19:22Z,8.64,https://valuetainment.com/?utm_campaign= pbd_pod_prosp_q1 &utm_medium=paid,113.38
608702,1009,5759,Google,2026-01-19T10:55:47Z,4.71,https://valuetainment.com/?utm_source=tiktok&utm_medium=Paid_Social&utm_campaign=leadersh,
867538,1010,5692,GOOGLE,11/09/2025 04:39,2.92,https://valuetainment.com/?utm_source=google&utm_campaign=pbd--cold--scale!!,297.3
923754,1008,5754,TikTok,03/08/2026 15:56,11.67,https://valuetainment.com/?utm_medium=paid&utm_source=tik_tok&utm_campaign=BRAND_FX_SPONSOR,
520328,1011,5759,meta,12/08/2025 06:07,12.18,https://valuetainment.com/?utm_campaign=consult dfy retgt&utm_medium=CPC&utm_source=Google,179.33
792837,1006,5104,tiktok,03/01/2026 18:25,9.3,https://valuetainment.com/?utm_source=tik_tok&utm_campaign=Ceo_bootcamp_prosp&utm_medium=CPC,
446704,1008,5665,TIKTOK,2026-01-23 12:46:10,4.42,https://valuetainment.com/?utm_medium=paid&utm_source=Google&utm_campaign=brand_fx_sponsor,
271530,1012,5558,Meta,10/19/2025 06:50,10.64,https://valuetainment.com/?utm_medium=ppc&utm_campaign=vt-summit-vip&utm_source=google,353.99
261337,1015,5006,meta,2025-11-14 05:11:22,5.35,https://valuetainment.com/?utm_campaign=pbd_yt_r&utm_medium=CPC&utm_source=google,
730947,1002,5228,TIKTOK,04/16/2026 16:28,5.81,https://valuetainment.com/?utm_medium=paid&utm_source=META&utm_campaign=BRAND_GS_PROMO,
379449,1001,5432,META ,2025-10-05 21:35:05,1.31,https://valuetainment.com/?utm_campaign=pbd pod prosp q1&utm_source=google,153.75
785914,1005,5828,META ,01/13/2026 22:07,10.2,https://valuetainment.com/?utm_campaign=pbd-retarget-warm&utm_source=tik_tok,474.97
332108,1012,5890,Google,2025-10-15T18:31:32Z,8.18,https://valuetainment.com/?utm_medium=paid&utm_source=meta&utm_campaign=vtsummitvip,525.83
508537,1006,5558,Google,2026-03-05T07:44:14Z,1.09,https://valuetainment.com/?utm_source=tiktok&utm_campaign= ceo_bootcamp_prosp ,
817684,1013,5006,tik_tok,10/04/2025 02:50,8.62,https://valuetainment.com/?utm_source=Google&utm_campaign=pat_lib_&utm_medium=Paid_Social,
360159,1003,5758,Google,03/16/2026 16:53,7.95,https://valuetainment.com/?utm_campaign=VT_SUMMIT_EARLYBIRD&utm_medium=cpc,102.35
110506,1006,5913,GOOGLE,02/19/2026 20:04,7.7,https://valuetainment.com/?utm_medium=paid&utm_campaign=ceo bootcamp prosp,
916981,1001,5616,META,2026-01-04 19:59:56,7.77,https://valuetainment.com/?utm_source=tiktok&utm_medium=Paid_Social&utm_campaign=pbd_p0d_pr0sp_q1,
418322,1006,5228,meta,2026-03-07T21:52:35Z,7.18,https://valuetainment.com/?utm_medium=ppc&utm_source=Google&utm_campaign=ce0_b00tc@mp_pr0sp,478.11
431618,1003,5558,GOOGLE,2026-02-06T16:53:13Z,1.18,https://valuetainment.com/?utm_medium=cpc&utm_source=meta&utm_campaign=Vt_summit_earlybird,424.28
174814,1002,5238,Meta,2026-01-26T13:30:49Z,7.03,https://valuetainment.com/?utm_source=Google&utm_campaign=brandgspromo,
449138,1004,5913,tik_tok,2025-11-15T13:27:58Z,11.4,https://valuetainment.com/?utm_medium=Paid_Social&utm_campaign= sales_mastery_lnch &utm_source=google,
211953,1011,5616,meta,2026-05-05T06:25:51Z,5.08,https://valuetainment.com/?utm_source=tiktok&utm_campaign= consult_dfy_retgt &utm_medium=cpc,
481738,1005,5665,google,2025-11-17T12:20:30Z,6.4,https://valuetainment.com/?utm_campaign=pbd_retarget_warm&utm_source=tik_tok,
776891,1009,5032,GOOGLE,2025-12-15T02:42:56Z,10.48,https://valuetainment.com/?utm_medium=paid&utm_campaign=leadership101ev&utm_source=facebook,408.96
424328,1007,5025,META ,2025-12-08T23:55:26Z,9.49,https://valuetainment.com/?utm_campaign=vt--summit--lastcall!!&utm_medium=ppc&utm_source=TikTok,538.98
978214,1015,5095,meta,2026-06-09 12:40:54,,https://valuetainment.com/?utm_source=TikTok&utm_medium=ppc&utm_campaign=Pbd_yt_remarketing,
108206,1008,5459,tik_tok,03/10/2026 17:33,3.53,https://valuetainment.com/?utm_source=META&utm_medium=Paid_Social&utm_campaign= brand_fx_sponsor ,413.65
210906,1003,5603,Google,2025-11-05 07:25:28,8.49,https://valuetainment.com/?utm_campaign=vt summit earlybird&utm_medium=Paid_Social,
705445,1004,5104,Meta,10/13/2025 02:33,10.08,https://valuetainment.com/?utm_campaign=sales-mastery-lnch&utm_medium=Paid_Social,282.88
386132,1009,5913,google,2025-10-21T17:05:30Z,5.6,https://valuetainment.com/?utm_campaign=leadersh&utm_source=Google&utm_medium=paid,720.57
498930,1005,5281,META,2025-11-23T01:43:46Z,5.92,https://valuetainment.com/?utm_medium=Paid_Social&utm_source=google&utm_campaign=pbd-retarget-warm,484.82
521818,1012,5095,meta,2026-04-17 13:42:18,6.92,https://valuetainment.com/?utm_campaign=vt_summit_vip&utm_medium=paid,221.97
616934,1006,5114,Google,2026-01-17 01:32:47,7.59,https://valuetainment.com/?utm_campaign=ceo bootcamp prosp&utm_medium=ppc&utm_source=facebook,
821956,1002,5114,Google,11/28/2025 06:31,4.17,https://valuetainment.com/?utm_source=META&utm_medium=ppc&utm_campaign=brandgspromo,
756542,1010,5025,Meta,01/03/2026 04:28,11.93,https://valuetainment.com/?utm_campaign=pbd-cold-scale,117.73
813745,1005,5759,META,03/17/2026 23:38,5.92,https://valuetainment.com/?utm_campaign=Pbd_retarget_warm&utm_source=meta&utm_medium=CPC,512.77
315667,1003,5828,META,2026-05-17 03:49:18,10.31,https://valuetainment.com/?utm_medium=ppc&utm_source=TikTok&utm_campaign=vt_summi,127.02
275129,1002,5006,meta,2025-10-20 08:38:12,7.91,https://valuetainment.com/?utm_medium=CPC&utm_campaign= brand_gs_promo &utm_source=meta,470.44
394252,1013,5104,meta,2026-06-08T03:36:43Z,9.83,https://valuetainment.com/?utm_campaign=Pat_lib_bundle&utm_source=META&utm_medium=ppc,344.37
561644,1009,5203,META,10/24/2025 00:23,11.7,https://valuetainment.com/?utm_campaign=le@dership_101_ev&utm_source=Google&utm_medium=CPC,
800771,1002,5238,google,2026-01-15 09:32:01,5.58,https://valuetainment.com/?utm_campaign=BRAND_GS_PROMO&utm_source=Google&utm_medium=ppc,
123812,1005,5238,meta,2026-05-12T20:42:46Z,8.68,https://valuetainment.com/?utm_campaign=pbd-retarget-warm&utm_medium=CPC&utm_source=META,112.49
107543,1009,5228,meta,2026-03-15T11:16:30Z,2.93,https://valuetainment.com/?utm_campaign=leadersh&utm_medium=ppc&utm_source=Google,327.08
836204,1012,5203,meta,2025-10-12T22:25:27Z,1.28,https://valuetainment.com/?utm_source=META&utm_campaign=vt summit vip&utm_medium=cpc,727.62
894721,1012,5250,meta,2025-12-09T12:46:00Z,10.31,https://valuetainment.com/?utm_source=tik_tok&utm_campaign=vt_summit_vip&utm_medium=Paid_Social,
522197,1014,5250,google,2025-12-21 14:22:19,,https://valuetainment.com/?utm_source=google&utm_medium=cpc&utm_campaign=brandproteinq2,287.52
612659,1006,5025,meta,2025-10-11T09:26:31Z,5.23,https://valuetainment.com/?utm_campaign=ce0_b00tc@mp_pr0sp&utm_source=tik_tok&utm_medium=ppc,
842916,1010,5223,Google,05/14/2026 12:44,9.79,https://valuetainment.com/?utm_medium=ppc&utm_source=tik_tok&utm_campaign=PBD_COLD_SCALE,103.54
661212,1003,5006,META ,2026-05-11 21:55:41,4.61,https://valuetainment.com/?utm_source=META&utm_medium=Paid_Social&utm_campaign=Vt_summit_earlybird,730.09
191914,1013,5203,meta,2026-02-05T22:06:38Z,1.88,https://valuetainment.com/?utm_medium=ppc&utm_campaign=pat_lib_&utm_source=google,
233730,1013,5777,GOOGLE,2026-03-17 17:01:52,,https://valuetainment.com/?utm_source=facebook&utm_medium=cpc&utm_campaign=Pat_lib_bundle,43.83
120158,1010,5758,tiktok,2026-02-12 16:02:02,10.74,https://valuetainment.com/?utm_medium=ppc&utm_campaign=Pbd_cold_scale&utm_source=TikTok,537.5
152629,1009,5032,Google,2026-04-20 11:56:33,,https://valuetainment.com/?utm_campaign=leadersh&utm_medium=cpc,
340826,1010,5777,Meta,2025-11-04 13:10:55,1.73,https://valuetainment.com/?utm_source=tik_tok&utm_campaign=pbd_cold,
246757,1003,5759,Google,2025-10-14 03:15:36,6.33,https://valuetainment.com/?utm_campaign=vt_summit_earlybird&utm_source=facebook,433.71
977336,1012,5238,google,2026-04-16T10:30:07Z,0.51,https://valuetainment.com/?utm_campaign=Vt_summit_vip,339.21
815593,1004,5616,google,01/01/2026 22:33,8.15,https://valuetainment.com/?utm_campaign=sales_ma&utm_source=TikTok&utm_medium=cpc,
458022,1013,5665,google,2026-03-25 21:57:08,10.34,https://valuetainment.com/?utm_campaign=pat lib bundle&utm_medium=ppc&utm_source=tik_tok,
300337,1009,5558,GOOGLE,04/09/2026 14:47,9.13,https://valuetainment.com/?utm_source=meta&utm_medium=cpc&utm_campaign=leadersh,606.53
719338,1004,5429,Meta,05/01/2026 23:14,6.75,https://valuetainment.com/?utm_medium=Paid_Social&utm_source=tiktok&utm_campaign=Sales_mastery_lnch,
105010,1001,5665,META ,2026-03-09 08:14:58,,https://valuetainment.com/?utm_source=google&utm_medium=paid&utm_campaign=PBD_POD_PROSP_Q1,28.97
306966,1012,5095,Google,2026-06-06T20:19:52Z,11.49,https://valuetainment.com/?utm_medium=ppc&utm_source=tiktok&utm_campaign=vtsummitvip,547.16
395950,1008,5095,Google,2026-04-21T23:42:58Z,10.94,https://valuetainment.com/?utm_medium=paid&utm_campaign=brand--fx--sponsor!!&utm_source=google,333.61
436577,1009,5758,Google,2026-01-27 13:21:30,4.32,https://valuetainment.com/?utm_campaign=leadership-101-ev&utm_source=tiktok,
948357,1009,5203,META ,2026-04-07T01:46:32Z,2.05,https://valuetainment.com/?utm_medium=CPC&utm_campaign= leadership_101_ev &utm_source=Google,478.94
219169,1009,5228,google,2026-04-14 16:07:01,6.19,https://valuetainment.com/?utm_campaign=Leadership_101_ev&utm_source=facebook&utm_medium=ppc,410.59
138928,1006,5665,meta,2026-03-31 01:44:23,8.05,https://valuetainment.com/?utm_campaign=CEO_BOOTCAMP_PROSP&utm_source=google,493.52
352797,1012,5733,Google,2025-11-18 08:32:07,1.05,https://valuetainment.com/?utm_medium=paid&utm_source=tiktok&utm_campaign=vtsummitvip,774.49
447193,1001,5429,TikTok,2025-11-13 16:41:52,11.31,https://valuetainment.com/?utm_medium=Paid_Social&utm_campaign=pbd-pod-prosp-q1&utm_source=tiktok,421.6
624157,1007,5890,Google,2026-03-21 18:32:43,5.98,https://valuetainment.com/?utm_source=tiktok&utm_medium=CPC&utm_campaign=Vt_summit_lastcall,
216890,1001,5654,Meta,2025-11-11T08:26:40Z,9.68,https://valuetainment.com/?utm_campaign=pbd_pod_&utm_source=tiktok,
196079,1015,5281,tiktok,03/29/2026 02:26,6.2,https://valuetainment.com/?utm_campaign=PBD_YT_REMARKETING&utm_source=google&utm_medium=ppc,579.12
975374,1003,5223,Meta,2026-03-02 11:35:58,7.77,https://valuetainment.com/?utm_source=Google&utm_campaign=vt--summit--earlybird!!,
207903,1013,5225,meta,2025-10-18 02:27:46,8.57,https://valuetainment.com/?utm_campaign=pat--lib--bundle!!&utm_source=facebook&utm_medium=paid,
409355,1013,5574,google,04/19/2026 02:45,9.58,https://valuetainment.com/?utm_medium=cpc&utm_source=tik_tok&utm_campaign=PAT_LIB_BUNDLE,
684358,1004,5027,META,2025-12-10T02:44:01Z,5.68,https://valuetainment.com/?utm_source=google&utm_medium=paid&utm_campaign=s@les_m@stery_lnch,728.84
838516,1006,5225,meta,03/08/2026 16:18,,https://valuetainment.com/?utm_source=google&utm_campaign=ceo_bootcamp_prosp&utm_medium=cpc,
212168,1008,5027,META,03/20/2026 23:10,0.53,https://valuetainment.com/?utm_source=META&utm_campaign=brand_fx&utm_medium=Paid_Social,673.29
768400,1015,5203,META,05/20/2026 05:06,,https://valuetainment.com/?utm_campaign=Pbd_yt_remarketing&utm_source=tiktok&utm_medium=CPC,394.2
872089,1010,5089,Meta,2026-06-01 18:19:02,3.37,https://valuetainment.com/?utm_medium=CPC&utm_campaign=pbd_c0ld_sc@le&utm_source=facebook,19.23
566959,1012,5089,Meta,02/20/2026 08:54,1.53,https://valuetainment.com/?utm_medium=Paid_Social&utm_source=META&utm_campaign=vt-summit-vip,
193298,1015,5574,GOOGLE,2026-03-16T13:40:08Z,2.84,https://valuetainment.com/?utm_source=META&utm_campaign=PBD_YT_REMARKETING&utm_medium=CPC,135.0
989484,1010,5089,meta,10/02/2025 01:54,7.45,https://valuetainment.com/?utm_source=TikTok&utm_medium=Paid_Social&utm_campaign=pbd cold scale,299.97
177984,1013,5032,TIKTOK,2025-10-23 21:11:21,7.57,https://valuetainment.com/?utm_medium=ppc&utm_campaign=PAT_LIB_BUNDLE,
614590,1010,5030,META ,2026-05-22T04:25:18Z,6.71,https://valuetainment.com/?utm_source=META&utm_medium=CPC&utm_campaign=PBD_COLD_SCALE,
267973,1012,5733,Meta,2026-03-10T12:28:47Z,6.19,https://valuetainment.com/?utm_source=tiktok&utm_campaign=vtsummitvip&utm_medium=cpc,334.77
647379,1012,5114,Google,2026-06-03T04:52:46Z,5.68,https://valuetainment.com/?utm_campaign=vt--summit--vip!!,
926034,1015,5203,GOOGLE,02/18/2026 01:39,,https://valuetainment.com/?utm_campaign= pbd_yt_remarketing &utm_source=meta&utm_medium=ppc,705.79
516721,1006,5558,Google,05/12/2026 08:57,11.46,https://valuetainment.com/?utm_campaign=ceo bootcamp prosp,701.41
577963,1004,5203,META ,10/31/2025 22:45,12.17,https://valuetainment.com/?utm_campaign=SALES_MASTERY_LNCH&utm_medium=ppc,356.01
857649,1011,5429,META,2026-05-20 12:34:18,0.86,https://valuetainment.com/?utm_campaign=CONSULT_DFY_RETGT&utm_source=tik_tok,
300171,1003,5284,google,2025-10-30T09:42:43Z,1.68,https://valuetainment.com/?utm_medium=CPC&utm_campaign=vt_summit_earlybird&utm_source=META,
494675,1010,5095,Meta,2026-04-20T09:01:31Z,1.78,https://valuetainment.com/?utm_source=facebook&utm_campaign=pbd-cold-scale,602.15
655080,1001,5890,google,10/07/2025 20:37,1.38,https://valuetainment.com/?utm_medium=paid&utm_campaign=PBD_POD_PROSP_Q1,675.48
895450,1002,5032,meta,2025-11-19T00:45:37Z,7.39,https://valuetainment.com/?utm_campaign=brandgspromo&utm_medium=CPC,124.19
407270,1012,5203,Google,2026-05-04T16:04:40Z,8.23,https://valuetainment.com/?utm_source=tik_tok&utm_medium=paid&utm_campaign=vt_summit_vip,417.52
257050,1012,5225,GOOGLE,01/21/2026 13:42,4.22,https://valuetainment.com/?utm_medium=CPC&utm_campaign=VT_SUMMIT_VIP&utm_source=META,635.75
400096,1014,5913,GOOGLE,2026-01-06T08:00:39Z,3.22,https://valuetainment.com/?utm_source=META&utm_campaign=BRAND_PROTEIN_Q2,175.2
418321,1010,5758,Meta,2025-10-19 12:11:23,9.71,https://valuetainment.com/?utm_source=tik_tok&utm_campaign=pbd_cold_scale&utm_medium=paid,103.06
486559,1001,5692,meta,2025-11-20T03:39:01Z,2.52,https://valuetainment.com/?utm_source=TikTok&utm_campaign=PBD_POD_PROSP_Q1&utm_medium=Paid_Social,328.69
332103,1014,5203,Google,2025-10-08T18:54:05Z,8.62,https://valuetainment.com/?utm_medium=cpc&utm_campaign=brand-protein-q2&utm_source=TikTok,
825448,1006,5616,google,01/23/2026 13:32,9.63,https://valuetainment.com/?utm_source=Google&utm_medium=cpc&utm_campaign=CEO_BOOTCAMP_PROSP,281.19
304964,1010,5238,META,2026-05-29 05:33:02,11.01,https://valuetainment.com/?utm_medium=Paid_Social&utm_campaign=pbdcoldscale&utm_source=TikTok,94.84
275622,1005,5758,meta,11/24/2025 22:33,3.23,https://valuetainment.com/?utm_medium=CPC&utm_source=tiktok&utm_campaign=Pbd_retarget_warm,335.26
995015,1006,5517,google,05/14/2026 15:04,8.94,https://valuetainment.com/?utm_medium=cpc&utm_campaign=ceo_boot&utm_source=meta,585.97
394259,1013,5754,Google,2026-05-08T17:25:36Z,10.47,https://valuetainment.com/?utm_source=tik_tok&utm_campaign=PAT_LIB_BUNDLE,639.99
273648,1008,5718,META,2026-05-28T12:58:38Z,6.4,https://valuetainment.com/?utm_campaign=brand_fx&utm_medium=CPC&utm_source=TikTok,
582549,1011,5604,META,2026-03-25T21:14:13Z,,https://valuetainment.com/?utm_medium=CPC&utm_campaign=CONSULT_DFY_RETGT&utm_source=google,
742064,1008,5718,google,2026-06-06 23:27:30,,https://valuetainment.com/?utm_medium=CPC&utm_source=meta&utm_campaign=brand_fx_sponsor,
776954,1010,5913,TIKTOK,2026-04-11T16:40:28Z,4.63,https://valuetainment.com/?utm_campaign=pbd_cold&utm_medium=ppc&utm_source=meta,406.36
703779,1006,5754,Google,03/09/2026 08:25,2.35,https://valuetainment.com/?utm_source=TikTok&utm_campaign=ceo-bootcamp-prosp&utm_medium=Paid_Social,775.73
696647,1004,5027,META,11/09/2025 04:22,0.47,https://valuetainment.com/?utm_campaign=sales_ma&utm_source=Google&utm_medium=CPC,
154805,1005,5223,meta,04/12/2026 10:19,4.57,https://valuetainment.com/?utm_campaign=pbd_ret@rget_w@rm&utm_medium=CPC,501.18
439714,1001,5733,Google,2025-12-10T17:45:07Z,0.86,https://valuetainment.com/?utm_campaign=pbd_pod_&utm_source=Google&utm_medium=cpc,
376747,1012,5733,Google,2026-03-24 22:02:31,3.63,https://valuetainment.com/?utm_medium=paid&utm_source=facebook&utm_campaign=vt--summit--vip!!,419.34
641689,1008,5828,meta,2026-05-13 02:01:13,9.07,https://valuetainment.com/?utm_campaign=brand_fx_sponsor&utm_source=TikTok&utm_medium=ppc,81.14
929049,1006,5616,tiktok,2026-04-07 04:27:17,12.1,https://valuetainment.com/?utm_medium=paid&utm_campaign=ce0_b00tc@mp_pr0sp&utm_source=Google,391.97
278391,1014,5223,TikTok,2026-04-03 06:46:14,7.17,https://valuetainment.com/?utm_source=Google&utm_campaign=brandproteinq2,418.98
471399,1008,5284,meta,2026-03-13 11:14:45,5.52,https://valuetainment.com/?utm_campaign=brandfxsponsor&utm_medium=paid&utm_source=Google,22.14
101693,1002,5616,tiktok,01/29/2026 10:21,1.8,https://valuetainment.com/?utm_campaign=brand_gs&utm_medium=CPC,760.64
780314,1014,5558,TIKTOK,2026-04-26 10:40:17,8.18,https://valuetainment.com/?utm_source=meta&utm_medium=Paid_Social&utm_campaign=br@nd_pr0tein_q2,
862250,1008,5665,GOOGLE,01/01/2026 17:23,6.59,https://valuetainment.com/?utm_source=tiktok&utm_campaign=Brand_fx_sponsor&utm_medium=ppc,225.72
928391,1006,5250,google,2025-12-16 15:51:58,2.82,https://valuetainment.com/?utm_campaign= ceo_bootcamp_prosp &utm_source=google&utm_medium=ppc,
967958,1001,5006,google,11/13/2025 19:00,9.01,https://valuetainment.com/?utm_campaign=pbd_pod_prosp_q1,619.62
846697,1010,5238,Meta,2026-02-18 00:02:04,10.06,https://valuetainment.com/?utm_campaign= pbd_cold_scale &utm_source=tiktok&utm_medium=Paid_Social,
434687,1015,5006,tiktok,2025-10-04 19:03:32,4.77,https://valuetainment.com/?utm_medium=Paid_Social&utm_campaign=PBD_YT_REMARKETING,301.87
407696,1001,5095,Google,2026-03-04T15:43:01Z,9.98,https://valuetainment.com/?utm_medium=Paid_Social&utm_campaign=pbd_pod_prosp_q1&utm_source=Google,252.48
117469,1013,5104,meta,2025-12-27 13:36:32,3.24,https://valuetainment.com/?utm_source=tiktok&utm_medium=Paid_Social&utm_campaign= pat_lib_bundle ,774.27
126000,1005,5759,GOOGLE,2026-06-07 01:28:01,10.58,https://valuetainment.com/?utm_campaign=pbdretargetwarm&utm_medium=ppc,73.98
124173,1001,5025,Google,02/27/2026 22:54,4.7,https://valuetainment.com/?utm_source=tik_tok&utm_medium=ppc&utm_campaign= pbd_pod_prosp_q1 ,376.21
704516,1005,5718,Meta,04/02/2026 19:06,1.53,https://valuetainment.com/?utm_campaign=PBD_RETARGET_WARM&utm_medium=Paid_Social&utm_source=META,
266846,1003,5517,tik_tok,12/24/2025 13:36,12.31,https://valuetainment.com/?utm_source=Google&utm_campaign=vt_summit_e@rlybird&utm_medium=ppc,440.06
964853,1008,5459,google,11/04/2025 07:07,3.74,https://valuetainment.com/?utm_source=tik_tok&utm_medium=CPC&utm_campaign= brand_fx_sponsor ,248.88
257281,1010,5030,Meta,06/08/2026 12:46,6.38,https://valuetainment.com/?utm_campaign=pbd_cold&utm_source=tik_tok,
318404,1003,5890,tik_tok,12/13/2025 02:47,8.3,https://valuetainment.com/?utm_source=meta&utm_campaign= vt_summit_earlybird &utm_medium=cpc,611.2
411526,1014,5025,TikTok,2026-04-09 16:01:57,7.74,https://valuetainment.com/?utm_campaign=brand--protein--q2!!&utm_source=tik_tok,406.47
223172,1008,5032,google,04/06/2026 09:13,2.31,https://valuetainment.com/?utm_source=TikTok&utm_medium=paid&utm_campaign=Brand_fx_sponsor,233.49
501505,1013,5089,meta,04/24/2026 02:06,11.11,https://valuetainment.com/?utm_medium=Paid_Social&utm_campaign=PAT_LIB_BUNDLE,455.18
618172,1012,5558,Meta,12/13/2025 12:59,5.65,https://valuetainment.com/?utm_source=tik_tok&utm_medium=paid&utm_campaign=vt-summit-vip,
905567,1010,5032,Meta,2026-02-07 14:17:54,5.48,https://valuetainment.com/?utm_medium=Paid_Social&utm_campaign=pbd-cold-scale,
324859,1006,5718,Meta,11/10/2025 07:09,9.1,https://valuetainment.com/?utm_medium=paid&utm_campaign=ceo bootcamp prosp&utm_source=Google,490.74
437668,1001,5027,TIKTOK,12/01/2025 05:34,5.15,https://valuetainment.com/?utm_source=Google&utm_medium=ppc&utm_campaign=pbd_pod_,
351361,1014,5027,meta,2025-10-23 16:49:56,1.66,https://valuetainment.com/?utm_source=facebook&utm_medium=paid&utm_campaign=brandproteinq2,697.84
871758,1008,5754,meta,2025-12-22 00:12:06,11.53,https://valuetainment.com/?utm_campaign=brand fx sponsor&utm_source=facebook,549.99
645175,1001,5913,META ,2026-03-17 11:58:59,6.94,https://valuetainment.com/?utm_campaign= pbd_pod_prosp_q1 &utm_source=tiktok,593.56
696822,1006,5025,Meta,2026-03-07 05:21:48,10.59,https://valuetainment.com/?utm_campaign=ceo bootcamp prosp&utm_source=tiktok&utm_medium=ppc,127.92
523809,1015,5095,meta,12/03/2025 05:01,8.49,https://valuetainment.com/?utm_campaign=pbd--yt--remarketing!!&utm_source=TikTok&utm_medium=paid,261.88
706482,1011,5006,google,05/20/2026 14:37,,https://valuetainment.com/?utm_campaign=consult-dfy-retgt&utm_source=TikTok&utm_medium=ppc,510.38
783728,1015,5574,Meta,2025-10-02T15:56:21Z,10.29,https://valuetainment.com/?utm_source=facebook&utm_campaign=pbdytremarketing&utm_medium=paid,463.65
854110,1008,5459,Google,11/26/2025 18:50,10.17,https://valuetainment.com/?utm_medium=paid&utm_campaign= brand_fx_sponsor &utm_source=tik_tok,759.31
477208,1007,5432,GOOGLE,12/25/2025 04:03,3.97,https://valuetainment.com/?utm_campaign=vtsummitlastcall&utm_source=google&utm_medium=Paid_Social,474.93
631970,1012,5718,Google,02/05/2026 15:18,7.46,https://valuetainment.com/?utm_source=meta&utm_medium=cpc&utm_campaign=VT_SUMMIT_VIP,
914509,1015,5238,Google,01/12/2026 23:00,4.49,https://valuetainment.com/?utm_medium=Paid_Social&utm_campaign=pbd--yt--remarketing!!,
670730,1015,5777,GOOGLE,2025-10-16 08:41:02,9.46,https://valuetainment.com/?utm_source=META&utm_medium=CPC&utm_campaign=PBD_YT_REMARKETING,
910280,1014,5692,META,2025-10-01 20:44:34,1.46,https://valuetainment.com/?utm_campaign=BRAND_PROTEIN_Q2&utm_source=google,81.9
401022,1014,5777,Google,04/15/2026 22:12,,https://valuetainment.com/?utm_campaign=brand_protein_q2&utm_medium=Paid_Social,684.23
987658,1011,5654,google,03/09/2026 21:56,11.69,https://valuetainment.com/?utm_campaign=Consult_dfy_retgt&utm_medium=Paid_Social&utm_source=meta,
726680,1015,5095,meta,2025-11-16 01:24:11,12.14,https://valuetainment.com/?utm_source=META&utm_campaign=pbdytremarketing&utm_medium=paid,
356581,1010,5142,meta,2026-02-11T07:34:04Z,5.02,https://valuetainment.com/?utm_medium=CPC&utm_source=tik_tok&utm_campaign=pbd cold scale,95.11
430156,1004,5228,meta,2025-10-02 10:01:10,10.89,https://valuetainment.com/?utm_campaign=sales--mastery--lnch!!&utm_source=facebook,665.65
245664,1014,5104,GOOGLE,11/27/2025 22:47,11.33,https://valuetainment.com/?utm_campaign=brand protein q2&utm_medium=ppc&utm_source=Google,0.15
150285,1012,5913,META ,2026-04-27 20:19:14,1.02,https://valuetainment.com/?utm_source=tik_tok&utm_campaign=Vt_summit_vip,
747504,1002,5459,TIKTOK,2026-03-19 23:04:19,5.83,https://valuetainment.com/?utm_source=google&utm_campaign=brand_gs_promo&utm_medium=paid,529.37
634723,1009,5104,Meta,2025-11-09 22:12:27,9.8,https://valuetainment.com/?utm_medium=CPC&utm_campaign=leadership-101-ev&utm_source=google,766.58
549788,1013,5142,Meta,2026-01-05T01:30:35Z,2.29,https://valuetainment.com/?utm_medium=Paid_Social&utm_campaign=pat--lib--bundle!!&utm_source=google,199.57
218330,1003,5890,Google,10/24/2025 02:39,1.28,https://valuetainment.com/?utm_medium=cpc&utm_campaign=vt--summit--earlybird!!&utm_source=META,557.46
599750,1004,5759,Meta,2025-12-11 05:37:18,1.3,https://valuetainment.com/?utm_medium=CPC&utm_source=facebook&utm_campaign=Sales_mastery_lnch,543.09
882597,1002,5025,Meta,2025-10-22T12:14:54Z,9.85,https://valuetainment.com/?utm_source=tiktok&utm_campaign=brand gs promo&utm_medium=paid,
920256,1010,5104,META,2026-01-01 14:03:36,9.74,https://valuetainment.com/?utm_campaign=pbd_c0ld_sc@le&utm_medium=paid&utm_source=meta,511.34
899837,1011,5558,Meta,01/24/2026 22:30,2.47,https://valuetainment.com/?utm_campaign=consult dfy retgt&utm_source=Google&utm_medium=cpc,438.54
475991,1006,5203,tiktok,2026-03-11 17:07:48,1.77,https://valuetainment.com/?utm_campaign=Ceo_bootcamp_prosp&utm_medium=Paid_Social&utm_source=tik_tok,
838587,1010,5114,META,01/17/2026 01:22,5.54,https://valuetainment.com/?utm_campaign= pbd_cold_scale &utm_source=google,
783377,1012,5432,tik_tok,2026-06-01T13:10:04Z,4.4,https://valuetainment.com/?utm_medium=ppc&utm_source=google&utm_campaign= vt_summit_vip ,107.16
278539,1015,5654,Meta,12/24/2025 21:17,7.87,https://valuetainment.com/?utm_campaign=Pbd_yt_remarketing&utm_medium=CPC&utm_source=google,
797581,1001,5777,Meta,12/30/2025 11:08,12.36,https://valuetainment.com/?utm_source=google&utm_medium=Paid_Social&utm_campaign=PBD_POD_PROSP_Q1,
897350,1007,5025,meta,2025-10-20T06:29:52Z,9.46,https://valuetainment.com/?utm_campaign= vt_summit_lastcall &utm_medium=CPC,736.13
793715,1012,5203,TikTok,01/24/2026 14:16,9.92,https://valuetainment.com/?utm_campaign=vt--summit--vip!!&utm_medium=ppc&utm_source=TikTok,36.21
117367,1009,5517,META,2026-01-26T11:03:16Z,8.31,https://valuetainment.com/?utm_campaign=LEADERSHIP_101_EV&utm_source=META,295.62
877293,1012,5104,google,2025-11-26T12:17:12Z,3.8,https://valuetainment.com/?utm_source=tiktok&utm_medium=paid&utm_campaign= vt_summit_vip ,
498297,1010,5828,meta,2026-05-12T14:02:58Z,4.09,https://valuetainment.com/?utm_medium=cpc&utm_campaign=pbd-cold-scale,150.6
871076,1002,5114,tik_tok,2025-12-05T06:43:34Z,1.14,https://valuetainment.com/?utm_source=facebook&utm_campaign=brand_gs_promo&utm_medium=cpc,337.8
411165,1014,5027,Meta,2026-01-04T09:30:55Z,2.95,https://valuetainment.com/?utm_source=tik_tok&utm_medium=CPC&utm_campaign=brand_pr,1.65
358365,1006,5281,google,10/31/2025 12:39,5.05,https://valuetainment.com/?utm_campaign=ceobootcampprosp&utm_source=facebook,281.01
118008,1014,5250,google,05/05/2026 17:55,7.81,https://valuetainment.com/?utm_medium=paid&utm_campaign=brandproteinq2&utm_source=meta,200.0
942763,1003,5032,meta,2025-12-12 15:12:45,8.98,https://valuetainment.com/?utm_source=tik_tok&utm_medium=cpc&utm_campaign=vt summit earlybird,249.71
512390,1008,5718,Google,2026-06-02T08:17:27Z,9.33,https://valuetainment.com/?utm_campaign=brand_fx&utm_source=META&utm_medium=paid,144.13
966401,1015,5030,META ,10/06/2025 08:05,0.46,https://valuetainment.com/?utm_source=google&utm_medium=ppc&utm_campaign=pbd yt remarketing,739.78
696822,1006,5025,Meta,2026-03-07 05:21:48,10.59,https://valuetainment.com/?utm_campaign=ceo bootcamp prosp&utm_source=tiktok&utm_medium=ppc,127.92
166980,1008,5692,TikTok,2025-12-31 06:29:07,2.14,https://valuetainment.com/?utm_source=tiktok&utm_medium=CPC&utm_campaign=br@nd_fx_sp0ns0r,
847096,1006,5032,Google,2026-03-05T17:05:17Z,8.82,https://valuetainment.com/?utm_medium=ppc&utm_source=facebook&utm_campaign=ceobootcampprosp,395.83
779057,1002,5558,GOOGLE,01/25/2026 00:38,11.79,https://valuetainment.com/?utm_campaign=BRAND_GS_PROMO&utm_medium=CPC&utm_source=tik_tok,
311587,1002,5574,google,2026-04-25T14:24:56Z,9.51,https://valuetainment.com/?utm_source=TikTok&utm_campaign=brand gs promo,757.31
146489,1003,5718,tiktok,2026-04-04T20:14:01Z,4.53,https://valuetainment.com/?utm_campaign=VT_SUMMIT_EARLYBIRD&utm_medium=paid&utm_source=META,664.31
230445,1012,5228,Meta,04/11/2026 00:22,9.86,https://valuetainment.com/?utm_campaign=vtsummitvip&utm_source=Google,787.62
535849,1004,5223,META ,2026-04-28T04:33:41Z,0.78,https://valuetainment.com/?utm_medium=Paid_Social&utm_campaign=sales--mastery--lnch!!,
742703,1013,5754,META,2026-01-22 13:49:00,7.26,https://valuetainment.com/?utm_source=facebook&utm_campaign=pat_lib_,386.49
419837,1015,5250,TikTok,2026-01-13T07:02:47Z,4.82,https://valuetainment.com/?utm_medium=ppc&utm_source=TikTok&utm_campaign=pbd_yt_rem@rketing,789.09
832885,1010,5692,META,2026-04-21T19:38:38Z,5.36,https://valuetainment.com/?utm_medium=CPC&utm_campaign=pbd_cold,
149529,1003,5284,META,2026-02-22 20:00:28,8.62,https://valuetainment.com/?utm_medium=CPC&utm_source=facebook&utm_campaign=vt_summit_earlybird,512.47
983885,1012,5758,tik_tok,2025-11-26T07:11:20Z,,https://valuetainment.com/?utm_source=meta&utm_campaign=vt-summit-vip&utm_medium=ppc,
914056,1013,5558,meta,2025-12-13 19:32:18,5.68,https://valuetainment.com/?utm_source=facebook&utm_campaign=PAT_LIB_BUNDLE,219.76
585705,1015,5281,meta,2025-12-02T17:04:26Z,6.47,https://valuetainment.com/?utm_medium=cpc&utm_campaign= pbd_yt_remarketing &utm_source=TikTok,732.14
949352,1006,5228,google,2026-04-26 12:44:43,2.68,https://valuetainment.com/?utm_medium=cpc&utm_source=tik_tok&utm_campaign=CEO_BOOTCAMP_PROSP,483.24
411152,1009,5089,meta,12/28/2025 00:45,11.13,https://valuetainment.com/?utm_campaign=le@dership_101_ev&utm_medium=Paid_Social&utm_source=META,0.97
686523,1014,5281,google,2025-12-05T09:37:31Z,2.24,https://valuetainment.com/?utm_source=tik_tok&utm_campaign=brandproteinq2&utm_medium=cpc,526.54
738693,1010,5733,Google,2026-02-12 22:27:02,7.72,https://valuetainment.com/?utm_source=tiktok&utm_medium=CPC&utm_campaign=pbd-cold-scale,601.86
581316,1012,5758,META,01/09/2026 19:16,5.07,https://valuetainment.com/?utm_campaign=vt summit vip,
458005,1007,5027,tiktok,2026-05-12 22:26:35,6.62,https://valuetainment.com/?utm_campaign=vt_summit_l@stc@ll&utm_medium=CPC,121.36
258787,1007,5558,tik_tok,2025-10-25T04:30:13Z,2.91,https://valuetainment.com/?utm_campaign=vtsummitlastcall&utm_medium=paid,489.18
300228,1011,5281,GOOGLE,05/27/2026 15:58,11.67,https://valuetainment.com/?utm_medium=Paid_Social&utm_campaign=CONSULT_DFY_RETGT&utm_source=meta,
938306,1007,5558,meta,2025-10-26 17:17:31,2.28,https://valuetainment.com/?utm_medium=cpc&utm_source=Google&utm_campaign=vt--summit--lastcall!!,204.12
214835,1002,5032,META ,2025-12-21T01:37:24Z,10.53,https://valuetainment.com/?utm_campaign=br@nd_gs_pr0m0&utm_source=facebook,257.38
201026,1011,5027,Google,2026-01-17 07:25:30,8.23,https://valuetainment.com/?utm_campaign=CONSULT_DFY_RETGT&utm_medium=CPC&utm_source=Google,62.61
478496,1005,5203,meta,2026-02-14T08:24:01Z,7.17,https://valuetainment.com/?utm_medium=ppc&utm_campaign= pbd_retarget_warm &utm_source=google,275.31
553917,1007,5030,meta,2026-04-18 12:44:30,,https://valuetainment.com/?utm_source=google&utm_campaign=vt--summit--lastcall!!,173.03
705489,1004,5238,meta,2025-11-06T23:19:30Z,,https://valuetainment.com/?utm_campaign= sales_mastery_lnch &utm_medium=cpc,666.13
795381,1010,5890,google,2026-05-29T05:15:29Z,10.15,https://valuetainment.com/?utm_campaign=Pbd_cold_scale&utm_source=Google&utm_medium=Paid_Social,
480216,1002,5032,META,11/19/2025 05:59,7.02,https://valuetainment.com/?utm_medium=Paid_Social&utm_campaign=brand gs promo&utm_source=TikTok,402.29
338971,1004,5718,Google,03/16/2026 10:43,12.2,https://valuetainment.com/?utm_campaign=sales_mastery_lnch&utm_source=Google,247.27
500327,1005,5733,tiktok,2025-11-25T15:07:49Z,2.42,https://valuetainment.com/?utm_medium=paid&utm_campaign=pbd_reta&utm_source=meta,755.79
513474,1009,5604,meta,2026-05-05 21:28:32,10.07,https://valuetainment.com/?utm_source=tik_tok&utm_campaign=leadership101ev,361.95
551574,1012,5517,meta,2026-03-04T04:58:17Z,5.03,https://valuetainment.com/?utm_source=tik_tok&utm_campaign=vt_summit_vip&utm_medium=cpc,400.21
756138,1013,5758,meta,2026-05-09 17:47:05,10.01,https://valuetainment.com/?utm_medium=ppc&utm_campaign=PAT_LIB_BUNDLE,346.01
823369,1013,5284,google,2025-10-18T16:54:11Z,1.64,https://valuetainment.com/?utm_source=tik_tok&utm_campaign=pat-lib-bundle&utm_medium=cpc,609.54
358494,1004,5030,TikTok,2025-12-20T11:58:08Z,4.05,https://valuetainment.com/?utm_campaign=s@les_m@stery_lnch&utm_source=TikTok,785.81
741684,1001,5142,META,2026-04-07T10:40:20Z,11.19,https://valuetainment.com/?utm_campaign=PBD_POD_PROSP_Q1&utm_source=tik_tok&utm_medium=cpc,562.12
982861,1010,5913,META,2026-04-17T16:14:27Z,8.34,https://valuetainment.com/?utm_source=google&utm_medium=Paid_Social&utm_campaign=PBD_COLD_SCALE,555.68
800599,1010,5281,meta,12/08/2025 05:52,6.2,https://valuetainment.com/?utm_campaign=pbd_c0ld_sc@le&utm_source=facebook&utm_medium=ppc,728.2
156199,1007,5142,tiktok,2025-10-22 12:12:17,,https://valuetainment.com/?utm_source=tik_tok&utm_campaign=VT_SUMMIT_LASTCALL&utm_medium=CPC,627.02
476018,1013,5754,google,2026-04-08 13:38:02,10.84,https://valuetainment.com/?utm_source=TikTok&utm_medium=Paid_Social&utm_campaign=pat_lib_bundle,581.82
870323,1012,5250,META,2026-02-24 09:48:15,2.15,https://valuetainment.com/?utm_source=meta&utm_medium=CPC&utm_campaign= vt_summit_vip ,531.26
543020,1012,5006,Google,2026-04-04T01:37:39Z,5.45,https://valuetainment.com/?utm_source=Google&utm_campaign=vtsummitvip,
257147,1005,5603,meta,2026-03-20T13:04:02Z,11.62,https://valuetainment.com/?utm_medium=cpc&utm_campaign=pbd retarget warm&utm_source=facebook,305.72
404591,1012,5203,Google,02/18/2026 05:48,,https://valuetainment.com/?utm_source=google&utm_campaign=vt_summit_vip&utm_medium=CPC,21.41
613462,1012,5032,Meta,2026-01-21T05:10:51Z,6.87,https://valuetainment.com/?utm_source=google&utm_campaign=vt_summit_vip&utm_medium=ppc,50.35
491040,1007,5095,Meta,2026-04-09T12:50:24Z,8.18,https://valuetainment.com/?utm_source=Google&utm_medium=cpc&utm_campaign= vt_summit_lastcall ,
992247,1005,5223,google,2026-01-14 14:48:44,10.1,https://valuetainment.com/?utm_medium=cpc&utm_campaign=pbd-retarget-warm&utm_source=google,588.28
378811,1009,5238,GOOGLE,2026-04-23T20:32:46Z,7.81,https://valuetainment.com/?utm_medium=CPC&utm_source=TikTok&utm_campaign=leadersh,
667886,1007,5104,Google,2026-03-29T17:18:51Z,9.82,https://valuetainment.com/?utm_medium=Paid_Social&utm_source=facebook&utm_campaign=vtsummitlastcall,
104523,1015,5654,google,05/28/2026 02:37,8.39,https://valuetainment.com/?utm_campaign=Pbd_yt_remarketing&utm_source=meta&utm_medium=Paid_Social,
281010,1005,5574,TikTok,2026-03-29T01:43:05Z,11.65,https://valuetainment.com/?utm_medium=ppc&utm_campaign=PBD_RETARGET_WARM&utm_source=TikTok,
721923,1012,5228,Google,01/17/2026 12:44,10.54,https://valuetainment.com/?utm_medium=cpc&utm_campaign=vt summit vip&utm_source=Google,410.39
160695,1009,5913,meta,05/08/2026 03:06,9.78,https://valuetainment.com/?utm_medium=cpc&utm_campaign= leadership_101_ev &utm_source=meta,117.79
582549,1011,5604,META,2026-03-25T21:14:13Z,,https://valuetainment.com/?utm_medium=CPC&utm_campaign=CONSULT_DFY_RETGT&utm_source=google,
122204,1008,5718,meta,02/01/2026 19:09,8.35,https://valuetainment.com/?utm_campaign= brand_fx_sponsor &utm_source=tik_tok&utm_medium=CPC,409.2
713857,1014,5777,GOOGLE,2026-04-18 17:20:38,7.22,https://valuetainment.com/?utm_medium=paid&utm_source=meta&utm_campaign=brandproteinq2,774.35
654027,1014,5030,tik_tok,2026-03-09T13:06:23Z,10.36,https://valuetainment.com/?utm_campaign=BRAND_PROTEIN_Q2&utm_source=tiktok&utm_medium=paid,
222959,1015,5223,Google,2026-01-22T17:46:30Z,12.29,https://valuetainment.com/?utm_medium=CPC&utm_source=google&utm_campaign= pbd_yt_remarketing ,349.61
602447,1012,5913,Meta,2026-03-23 23:33:40,3.67,https://valuetainment.com/?utm_campaign= vt_summit_vip &utm_source=facebook,770.55
597626,1001,5089,META,11/10/2025 17:48,,https://valuetainment.com/?utm_source=google&utm_campaign=PBD_POD_PROSP_Q1&utm_medium=CPC,677.28
486473,1006,5281,META,2026-04-01 20:19:51,10.33,https://valuetainment.com/?utm_campaign=ce0_b00tc@mp_pr0sp&utm_medium=cpc&utm_source=Google,674.65
187879,1012,5432,TIKTOK,10/04/2025 10:20,4.39,https://valuetainment.com/?utm_source=tiktok&utm_campaign=vt summit vip&utm_medium=paid,343.25
779792,1005,5517,google,2026-03-19 09:57:30,6.15,https://valuetainment.com/?utm_campaign=pbdretargetwarm&utm_source=Google&utm_medium=paid,751.17
916505,1003,5890,meta,2026-04-12T10:15:19Z,4.19,https://valuetainment.com/?utm_medium=paid&utm_source=Google&utm_campaign=vt_summit_earlybird,211.1
882984,1006,5432,meta,2026-03-17 20:03:59,6.05,https://valuetainment.com/?utm_campaign=ceo bootcamp prosp&utm_source=facebook&utm_medium=Paid_Social,
968554,1007,5913,meta,2026-02-20 09:45:41,7.49,https://valuetainment.com/?utm_campaign=vt-summit-lastcall&utm_medium=ppc&utm_source=tik_tok,111.43
414070,1010,5281,Google,12/23/2025 03:22,5.7,https://valuetainment.com/?utm_campaign=pbd_cold&utm_medium=CPC&utm_source=facebook,677.87
650912,1005,5429,Google,06/03/2026 09:20,7.96,https://valuetainment.com/?utm_source=META&utm_medium=Paid_Social&utm_campaign= pbd_retarget_warm ,491.43
402303,1004,5030,meta,2026-02-02T01:52:21Z,1.06,https://valuetainment.com/?utm_source=Google&utm_medium=cpc&utm_campaign=sales--mastery--lnch!!,92.24
621615,1002,5758,meta,2025-11-08 08:33:28,9.66,https://valuetainment.com/?utm_source=Google&utm_campaign=brand-gs-promo,218.73
401533,1011,5006,meta,12/06/2025 08:03,4.04,https://valuetainment.com/?utm_medium=paid&utm_source=facebook&utm_campaign=consult-dfy-retgt,
301945,1001,5025,Google,2025-11-13T14:46:01Z,9.03,https://valuetainment.com/?utm_campaign=pbd_p0d_pr0sp_q1&utm_source=facebook,
110141,1001,5089,google,2026-05-05 12:11:08,3.69,https://valuetainment.com/?utm_source=meta&utm_medium=ppc&utm_campaign= pbd_pod_prosp_q1 ,18.91
614925,1012,5616,google,2025-11-21 07:36:17,4.01,https://valuetainment.com/?utm_source=META&utm_medium=cpc&utm_campaign=vt_summit_vip,
264599,1005,5250,google,2026-03-30T04:53:36Z,10.44,https://valuetainment.com/?utm_medium=paid&utm_campaign=pbd_ret@rget_w@rm&utm_source=meta,
431905,1004,5095,meta,06/01/2026 16:49,6.52,https://valuetainment.com/?utm_medium=Paid_Social&utm_source=tiktok&utm_campaign=SALES_MASTERY_LNCH,
149757,1015,5095,GOOGLE,01/30/2026 12:05,11.15,https://valuetainment.com/?utm_source=tik_tok&utm_medium=Paid_Social&utm_campaign=pbd yt remarketing,491.13
203777,1013,5604,GOOGLE,2025-11-22T00:01:43Z,11.79,https://valuetainment.com/?utm_campaign=pat_lib_&utm_source=TikTok&utm_medium=Paid_Social,16.38
750242,1013,5030,tiktok,02/02/2026 18:51,5.73,https://valuetainment.com/?utm_source=google&utm_medium=CPC&utm_campaign=pat_lib_bundle,232.78
345896,1006,5828,tiktok,2026-04-10 21:23:00,,https://valuetainment.com/?utm_medium=cpc&utm_campaign=CEO_BOOTCAMP_PROSP,725.5
586241,1003,5604,Meta,01/02/2026 23:54,1.42,https://valuetainment.com/?utm_campaign=vt-summit-earlybird&utm_source=google&utm_medium=CPC,45.5
533770,1013,5238,Google,2026-05-22 00:43:31,6.15,https://valuetainment.com/?utm_source=google&utm_campaign=p@t_lib_bundle&utm_medium=paid,725.75
631778,1001,5432,Meta,02/24/2026 18:14,0.77,https://valuetainment.com/?utm_campaign=PBD_POD_PROSP_Q1&utm_source=tiktok,2.24
276316,1007,5114,meta,2026-01-10 15:01:37,0.61,https://valuetainment.com/?utm_campaign=vt-summit-lastcall&utm_source=tik_tok&utm_medium=Paid_Social,511.15
386923,1011,5828,Google,2026-01-12 00:47:44,1.66,https://valuetainment.com/?utm_campaign=CONSULT_DFY_RETGT&utm_source=facebook,
625021,1001,5574,tik_tok,02/22/2026 21:57,4.96,https://valuetainment.com/?utm_source=Google&utm_medium=Paid_Social&utm_campaign= pbd_pod_prosp_q1 ,332.66
420691,1014,5429,GOOGLE,12/12/2025 07:26,9.15,https://valuetainment.com/?utm_campaign=brand--protein--q2!!&utm_source=Google&utm_medium=paid,250.34
590479,1011,5692,google,2025-11-08T14:31:53Z,,https://valuetainment.com/?utm_campaign=consult--dfy--retgt!!,
441027,1002,5758,google,10/08/2025 16:02,,https://valuetainment.com/?utm_campaign=Brand_gs_promo&utm_medium=ppc,636.18
768066,1003,5223,tiktok,12/29/2025 05:20,5.45,https://valuetainment.com/?utm_medium=cpc&utm_campaign=vt--summit--earlybird!!,
753914,1010,5225,Google,03/03/2026 19:51,1.14,https://valuetainment.com/?utm_campaign=pbd cold scale&utm_source=meta,
212149,1007,5142,META ,02/04/2026 06:15,5.84,https://valuetainment.com/?utm_campaign=vt_summi&utm_medium=Paid_Social,
929026,1014,5558,Google,2025-11-15 02:55:16,,https://valuetainment.com/?utm_campaign= brand_protein_q2 &utm_source=tiktok,791.63
558589,1014,5429,Google,02/04/2026 13:38,5.41,https://valuetainment.com/?utm_campaign=brand_pr&utm_source=facebook&utm_medium=cpc,525.88
238444,1008,5759,meta,2026-03-12 04:01:36,7.72,https://valuetainment.com/?utm_medium=CPC&utm_campaign=brand_fx&utm_source=TikTok,75.59
773651,1006,5692,META ,01/24/2026 03:55,2.19,https://valuetainment.com/?utm_medium=Paid_Social&utm_campaign=ceobootcampprosp&utm_source=google,665.08
587291,1001,5281,Google,12/25/2025 12:47,1.89,https://valuetainment.com/?utm_source=META&utm_medium=Paid_Social&utm_campaign=pbdpodprospq1,755.1
228274,1012,5250,GOOGLE,04/08/2026 03:41,8.07,https://valuetainment.com/?utm_source=meta&utm_campaign=vt summit vip,226.75
758007,1011,5238,META ,01/21/2026 11:30,11.49,https://valuetainment.com/?utm_campaign=consultdfyretgt&utm_source=Google,60.38
614277,1007,5654,meta,2025-12-05 02:37:47,4.63,https://valuetainment.com/?utm_source=meta&utm_campaign=vtsummitlastcall,168.14
975996,1007,5758,Meta,12/20/2025 04:10,4.84,https://valuetainment.com/?utm_source=meta&utm_campaign=vt summit lastcall&utm_medium=CPC,
405891,1008,5616,meta,2025-12-12 21:03:50,,https://valuetainment.com/?utm_campaign=brand--fx--sponsor!!&utm_source=google&utm_medium=Paid_Social,543.95
606805,1002,5114,Meta,10/05/2025 15:09,11.67,https://valuetainment.com/?utm_campaign= brand_gs_promo &utm_medium=paid&utm_source=meta,
859455,1012,5692,META,11/10/2025 13:54,9.62,https://valuetainment.com/?utm_campaign=VT_SUMMIT_VIP&utm_medium=cpc&utm_source=tik_tok,333.7
214915,1015,5759,Meta,03/07/2026 13:54,5.78,https://valuetainment.com/?utm_source=TikTok&utm_campaign=pbdytremarketing&utm_medium=ppc,466.17
824410,1004,5225,meta,2026-06-04 12:12:34,2.16,https://valuetainment.com/?utm_source=Google&utm_medium=ppc&utm_campaign=sales_ma,
565857,1012,5089,tiktok,05/22/2026 16:45,6.94,https://valuetainment.com/?utm_medium=cpc&utm_campaign=VT_SUMMIT_VIP,354.51
848502,1004,5754,meta,2026-05-24T00:55:42Z,8.89,https://valuetainment.com/?utm_campaign=sales--mastery--lnch!!&utm_source=TikTok&utm_medium=cpc,81.23
125691,1007,5032,Google,2026-02-28 05:25:44,4.36,https://valuetainment.com/?utm_campaign=vtsummitlastcall,355.06
253350,1007,5692,Google,2026-05-01 07:26:11,2.68,https://valuetainment.com/?utm_source=TikTok&utm_campaign=vt_summi&utm_medium=Paid_Social,525.97
696973,1004,5223,Meta,2026-02-03T07:55:49Z,11.35,https://valuetainment.com/?utm_source=TikTok&utm_campaign=sales mastery lnch&utm_medium=cpc,337.56
650326,1013,5654,google,2025-10-30 14:50:14,4.63,https://valuetainment.com/?utm_source=facebook&utm_campaign=pat--lib--bundle!!,677.71
345433,1012,5828,google,2026-04-25T19:29:23Z,,https://valuetainment.com/?utm_campaign=vt-summit-vip&utm_source=Google&utm_medium=ppc,247.31
614961,1015,5558,meta,12/18/2025 12:29,3.01,https://valuetainment.com/?utm_source=google&utm_campaign=pbd yt remarketing&utm_medium=cpc,36.94
841853,1006,5027,tik_tok,2025-12-21 03:43:08,5.98,https://valuetainment.com/?utm_campaign=ceobootcampprosp&utm_medium=Paid_Social&utm_source=facebook,
335054,1001,5558,Google,12/06/2025 05:47,11.39,https://valuetainment.com/?utm_source=meta&utm_campaign=pbd--pod--prosp--q1!!,591.09
564378,1010,5284,meta,2026-04-25 06:53:13,,https://valuetainment.com/?utm_campaign=pbd_cold_scale&utm_medium=CPC,
205885,1011,5228,Google,2026-05-28 21:21:44,3.7,https://valuetainment.com/?utm_source=meta&utm_campaign=CONSULT_DFY_RETGT&utm_medium=CPC,109.73
755900,1002,5238,tik_tok,2026-06-03 04:28:05,2.61,https://valuetainment.com/?utm_campaign=Brand_gs_promo&utm_medium=CPC&utm_source=tiktok,
129002,1009,5558,google,2026-05-16 10:20:45,7.43,https://valuetainment.com/?utm_source=google&utm_campaign=leadership--101--ev!!&utm_medium=paid,
479701,1005,5228,GOOGLE,2026-04-21T09:37:01Z,4.54,https://valuetainment.com/?utm_source=META&utm_medium=CPC&utm_campaign=PBD_RETARGET_WARM,
840364,1005,5758,meta,2025-11-07T12:06:58Z,9.46,https://valuetainment.com/?utm_campaign=pbd-retarget-warm,308.08
492217,1013,5089,META,02/20/2026 03:12,10.03,https://valuetainment.com/?utm_source=google&utm_campaign=Pat_lib_bundle&utm_medium=Paid_Social,531.7
589772,1003,5754,meta,2026-01-24T16:01:13Z,2.82,https://valuetainment.com/?utm_medium=Paid_Social&utm_campaign=vt summit earlybird&utm_source=meta,375.06
508930,1013,5603,GOOGLE,12/25/2025 15:34,11.94,https://valuetainment.com/?utm_source=Google&utm_campaign=pat lib bundle&utm_medium=paid,598.01
850578,1011,5025,tik_tok,10/16/2025 00:42,2.08,https://valuetainment.com/?utm_source=facebook&utm_medium=paid&utm_campaign=consult_,84.68
169958,1014,5890,meta,02/07/2026 23:54,8.39,https://valuetainment.com/?utm_campaign=brand_pr&utm_source=Google,
878826,1013,5718,meta,04/07/2026 06:01,8.52,https://valuetainment.com/?utm_source=facebook&utm_campaign=patlibbundle,719.05
139788,1014,5758,tik_tok,2026-05-30 20:29:58,3.72,https://valuetainment.com/?utm_campaign=brand_protein_q2&utm_source=META&utm_medium=Paid_Social,505.96
892217,1007,5603,Google,2025-11-09T00:16:21Z,4.91,https://valuetainment.com/?utm_medium=CPC&utm_campaign=VT_SUMMIT_LASTCALL&utm_source=google,5.02
969198,1011,5228,meta,2026-03-22 21:46:16,11.57,https://valuetainment.com/?utm_source=tik_tok&utm_campaign=Consult_dfy_retgt,
810469,1002,5228,google,2025-10-02 20:55:16,4.61,https://valuetainment.com/?utm_campaign=brand_gs&utm_medium=Paid_Social,
266309,1008,5718,Google,2026-01-21 06:21:17,,https://valuetainment.com/?utm_source=meta&utm_medium=Paid_Social&utm_campaign=brand_fx,47.67
712328,1004,5665,google,03/17/2026 23:14,,https://valuetainment.com/?utm_campaign=s@les_m@stery_lnch&utm_source=TikTok&utm_medium=CPC,269.1
629728,1008,5718,meta,2026-03-03T20:39:31Z,6.75,https://valuetainment.com/?utm_campaign=Brand_fx_sponsor&utm_source=meta&utm_medium=Paid_Social,
445705,1002,5006,meta,2026-02-07 11:09:33,8.62,https://valuetainment.com/?utm_campaign=br@nd_gs_pr0m0&utm_source=META&utm_medium=ppc,
905330,1005,5429,meta,2025-12-11 07:11:31,,https://valuetainment.com/?utm_campaign= pbd_retarget_warm &utm_medium=cpc,63.64
764486,1010,5828,Meta,2025-10-23T11:19:29Z,8.26,https://valuetainment.com/?utm_medium=paid&utm_campaign=pbd--cold--scale!!&utm_source=META,
359778,1001,5616,META ,01/18/2026 20:45,12.39,https://valuetainment.com/?utm_source=tiktok&utm_medium=Paid_Social&utm_campaign= pbd_pod_prosp_q1 ,487.84
972993,1005,5284,tik_tok,2025-12-17 11:01:43,4.33,https://valuetainment.com/?utm_campaign=pbd--retarget--warm!!&utm_medium=ppc,260.55
565450,1015,5692,meta,2026-04-22T10:40:09Z,4.02,https://valuetainment.com/?utm_medium=CPC&utm_campaign= pbd_yt_remarketing ,
703637,1002,5603,meta,05/11/2026 17:27,7.49,https://valuetainment.com/?utm_source=META&utm_campaign=br@nd_gs_pr0m0&utm_medium=CPC,
578804,1012,5604,Meta,2026-03-23 05:05:11,3.5,https://valuetainment.com/?utm_medium=CPC&utm_source=TikTok&utm_campaign=vt_summi,275.24
884616,1011,5250,meta,2025-11-24 09:01:01,5.41,https://valuetainment.com/?utm_campaign=c0nsult_dfy_retgt&utm_source=tik_tok&utm_medium=ppc,687.97
530915,1002,5238,Meta,2026-03-04T19:51:18Z,3.93,https://valuetainment.com/?utm_medium=ppc&utm_campaign=Brand_gs_promo,754.98
976650,1003,5429,meta,2026-03-16 04:14:33,0.52,https://valuetainment.com/?utm_source=META&utm_medium=paid&utm_campaign=vt_summit_e@rlybird,
309100,1009,5459,Meta,2025-10-07T22:59:25Z,11.9,https://valuetainment.com/?utm_campaign=leadership101ev&utm_medium=cpc&utm_source=google,605.48
905340,1013,5142,google,2026-05-16 05:20:33,11.01,https://valuetainment.com/?utm_campaign=Pat_lib_bundle&utm_source=tik_tok&utm_medium=Paid_Social,129.82
372235,1003,5032,Meta,2025-10-09T23:28:14Z,10.76,https://valuetainment.com/?utm_campaign= vt_summit_earlybird ,583.12
647579,1015,5558,tiktok,12/26/2025 05:44,2.55,https://valuetainment.com/?utm_campaign=pbdytremarketing&utm_source=META&utm_medium=paid,
150678,1009,5913,google,2025-12-24 04:33:25,2.84,https://valuetainment.com/?utm_source=tiktok&utm_medium=Paid_Social&utm_campaign=leadership101ev,504.7
758864,1002,5828,meta,2026-01-20T09:46:21Z,8.06,https://valuetainment.com/?utm_source=meta&utm_medium=Paid_Social&utm_campaign=brand_gs_promo,
623747,1012,5718,META ,2026-03-03 15:27:38,,https://valuetainment.com/?utm_campaign=vt summit vip&utm_source=meta,
529242,1014,5777,META,2026-01-13T21:50:15Z,8.71,https://valuetainment.com/?utm_campaign=BRAND_PROTEIN_Q2&utm_medium=paid&utm_source=tik_tok,496.94
645742,1004,5754,google,2025-12-05 23:37:18,1.28,https://valuetainment.com/?utm_source=facebook&utm_campaign= sales_mastery_lnch ,248.75
195606,1003,5142,meta,01/04/2026 14:41,7.85,https://valuetainment.com/?utm_medium=paid&utm_campaign=vt--summit--earlybird!!&utm_source=google,647.64
705615,1001,5913,Meta,01/20/2026 07:00,8.15,https://valuetainment.com/?utm_medium=ppc&utm_campaign=pbd--pod--prosp--q1!!&utm_source=tiktok,
577085,1011,5089,meta,2026-01-20T09:45:42Z,11.28,https://valuetainment.com/?utm_campaign=consult dfy retgt&utm_source=META,703.56
110431,1013,5238,META,2026-03-05 23:39:26,6.68,https://valuetainment.com/?utm_medium=Paid_Social&utm_source=facebook&utm_campaign=pat lib bundle,
988272,1013,5104,TikTok,2025-11-30 06:44:48,4.39,https://valuetainment.com/?utm_medium=cpc&utm_source=facebook&utm_campaign= pat_lib_bundle ,
673108,1012,5203,meta,2025-12-30T11:41:46Z,3.4,https://valuetainment.com/?utm_source=facebook&utm_medium=CPC&utm_campaign=vt_summit_vip,
884877,1007,5654,TikTok,01/04/2026 08:29,1.65,https://valuetainment.com/?utm_campaign=vtsummitlastcall&utm_medium=paid&utm_source=META,
278743,1002,5030,google,2026-03-27T20:32:41Z,4.44,https://valuetainment.com/?utm_campaign=BRAND_GS_PROMO&utm_source=facebook,440.65
102359,1007,5603,google,2025-10-07T08:19:53Z,12.0,https://valuetainment.com/?utm_source=Google&utm_campaign= vt_summit_lastcall ,218.91
141406,1005,5429,Meta,2026-05-09 02:02:34,5.72,https://valuetainment.com/?utm_campaign=pbd_ret@rget_w@rm&utm_medium=ppc&utm_source=tiktok,
219130,1009,5777,tik_tok,2026-03-07T17:09:26Z,7.84,https://valuetainment.com/?utm_source=meta&utm_campaign=leadership_101_ev,
449518,1002,5142,meta,2026-01-28T13:52:15Z,3.53,https://valuetainment.com/?utm_medium=paid&utm_campaign=brand_gs&utm_source=META,345.06
617310,1010,5718,meta,2025-11-26T05:08:58Z,3.51,https://valuetainment.com/?utm_source=meta&utm_campaign=pbd_cold&utm_medium=CPC,
199460,1015,5429,google,01/07/2026 11:17,7.32,https://valuetainment.com/?utm_medium=ppc&utm_campaign=pbd_yt_r,
118506,1006,5089,Google,2026-05-17T03:36:13Z,7.5,https://valuetainment.com/?utm_medium=cpc&utm_campaign=ceo_bootcamp_prosp&utm_source=google,512.47
543745,1006,5665,Google,02/13/2026 03:53,4.16,https://valuetainment.com/?utm_source=tik_tok&utm_medium=CPC&utm_campaign=ceo-bootcamp-prosp,
666065,1015,5517,tik_tok,2025-10-10T22:15:08Z,5.31,https://valuetainment.com/?utm_source=tiktok&utm_campaign=Pbd_yt_remarketing,
226835,1002,5733,meta,12/13/2025 15:34,5.11,https://valuetainment.com/?utm_campaign=brand-gs-promo&utm_medium=ppc,432.11
373407,1004,5604,meta,2025-10-31T13:24:09Z,11.89,https://valuetainment.com/?utm_campaign=sales--mastery--lnch!!&utm_medium=CPC,
676276,1012,5759,tiktok,2025-12-24 13:56:00,3.5,https://valuetainment.com/?utm_medium=paid&utm_source=tik_tok&utm_campaign=vt_summit_vip,158.98
362836,1012,5604,Google,2026-01-19 11:38:46,7.96,https://valuetainment.com/?utm_source=meta&utm_medium=Paid_Social&utm_campaign=vt--summit--vip!!,115.27
425191,1006,5025,GOOGLE,2026-04-01 10:33:59,9.91,https://valuetainment.com/?utm_campaign=ceobootcampprosp&utm_source=google&utm_medium=Paid_Social,33.5
867080,1006,5759,GOOGLE,01/18/2026 21:19,11.38,https://valuetainment.com/?utm_campaign=Ceo_bootcamp_prosp&utm_medium=cpc&utm_source=meta,103.46
890851,1015,5095,meta,02/14/2026 16:13,4.97,https://valuetainment.com/?utm_medium=paid&utm_campaign=pbd_yt_r&utm_source=tik_tok,
325202,1012,5030,meta,2025-11-12T11:27:10Z,8.72,https://valuetainment.com/?utm_medium=cpc&utm_campaign=vt_summit_vip,
525805,1002,5665,meta,10/22/2025 06:12,6.5,https://valuetainment.com/?utm_campaign=brand_gs_promo&utm_medium=cpc,491.96
320974,1004,5104,META ,2025-10-11T05:34:14Z,1.12,https://valuetainment.com/?utm_medium=Paid_Social&utm_campaign=sales_mastery_lnch&utm_source=tiktok,
480524,1003,5754,google,2025-12-30 06:10:31,,https://valuetainment.com/?utm_campaign=vt-summit-earlybird&utm_source=META&utm_medium=CPC,66.2
201376,1006,5223,meta,2026-02-02 06:27:58,5.43,https://valuetainment.com/?utm_medium=ppc&utm_campaign=ceo_bootcamp_prosp,
784209,1014,5104,Meta,04/21/2026 11:32,7.19,https://valuetainment.com/?utm_source=tiktok&utm_medium=paid&utm_campaign=BRAND_PROTEIN_Q2,318.81
738265,1002,5104,TikTok,2025-11-28 22:45:39,2.2,https://valuetainment.com/?utm_campaign=BRAND_GS_PROMO&utm_medium=paid&utm_source=META,
968125,1012,5692,google,2025-10-22T07:15:35Z,11.56,https://valuetainment.com/?utm_source=Google&utm_campaign=vt--summit--vip!!,484.59
558931,1011,5558,google,2025-10-24T18:25:33Z,10.14,https://valuetainment.com/?utm_source=Google&utm_medium=CPC&utm_campaign=consult dfy retgt,76.57
440389,1013,5758,GOOGLE,2026-01-15T07:32:40Z,10.72,https://valuetainment.com/?utm_source=tik_tok&utm_campaign=p@t_lib_bundle,471.19
420349,1011,5228,meta,12/22/2025 21:13,9.55,https://valuetainment.com/?utm_source=META&utm_medium=cpc&utm_campaign= consult_dfy_retgt ,72.96
859827,1003,5225,tiktok,2025-11-28 17:43:23,4.57,https://valuetainment.com/?utm_campaign=vt_summit_earlybird&utm_medium=paid,92.75
506153,1011,5104,meta,2025-12-20 15:36:36,8.63,https://valuetainment.com/?utm_campaign=consult dfy retgt&utm_source=META&utm_medium=Paid_Social,
406447,1011,5429,google,2026-01-22 00:24:03,10.27,https://valuetainment.com/?utm_campaign=consult dfy retgt&utm_source=Google,773.52
907101,1007,5284,META,04/28/2026 05:54,10.09,https://valuetainment.com/?utm_source=Google&utm_medium=cpc&utm_campaign=vt_summit_l@stc@ll,575.29
558327,1006,5225,meta,2025-12-27T11:36:55Z,9.36,https://valuetainment.com/?utm_source=google&utm_medium=Paid_Social&utm_campaign=Ceo_bootcamp_prosp,519.58
173491,1005,5759,Meta,05/29/2026 07:53,11.73,https://valuetainment.com/?utm_medium=cpc&utm_campaign=PBD_RETARGET_WARM,
359486,1013,5459,TikTok,2026-02-18 12:04:45,7.63,https://valuetainment.com/?utm_medium=ppc&utm_campaign=pat_lib_bundle&utm_source=meta,420.41
421327,1008,5089,META ,05/25/2026 09:33,3.35,https://valuetainment.com/?utm_source=tik_tok&utm_campaign= brand_fx_sponsor &utm_medium=paid,
501129,1014,5284,Google,12/09/2025 22:24,2.17,https://valuetainment.com/?utm_campaign=Brand_protein_q2&utm_medium=ppc,
316317,1002,5754,google,2025-12-22T19:19:41Z,0.89,https://valuetainment.com/?utm_medium=paid&utm_campaign=Brand_gs_promo&utm_source=meta,
415535,1002,5104,tik_tok,03/22/2026 22:10,2.24,https://valuetainment.com/?utm_medium=Paid_Social&utm_campaign=brand--gs--promo!!&utm_source=facebook,93.17
865954,1003,5759,META,2026-05-17 19:41:24,7.62,https://valuetainment.com/?utm_medium=CPC&utm_campaign=vt_summit_e@rlybird&utm_source=Google,22.77
584125,1003,5718,META,02/09/2026 01:43,3.58,https://valuetainment.com/?utm_source=tik_tok&utm_medium=CPC&utm_campaign=vt_summi,
111080,1001,5777,Meta,2026-01-30T11:22:27Z,5.55,https://valuetainment.com/?utm_campaign=pbd-pod-prosp-q1&utm_source=Google&utm_medium=ppc,
118189,1001,5142,Meta,03/22/2026 06:38,,https://valuetainment.com/?utm_campaign=Pbd_pod_prosp_q1&utm_source=TikTok&utm_medium=paid,10.81
369756,1010,5284,Google,2026-04-26T06:08:28Z,1.67,https://valuetainment.com/?utm_campaign=pbd_c0ld_sc@le&utm_medium=cpc&utm_source=meta,
601702,1007,5558,GOOGLE,2026-03-16 01:18:57,8.64,https://valuetainment.com/?utm_medium=CPC&utm_source=google&utm_campaign=vt-summit-lastcall,309.11
435169,1007,5006,Google,2025-12-26 06:30:33,10.06,https://valuetainment.com/?utm_campaign=Vt_summit_lastcall&utm_source=facebook&utm_medium=Paid_Social,101.05
484087,1003,5030,Meta,2025-10-28T00:39:20Z,12.32,https://valuetainment.com/?utm_medium=paid&utm_source=META&utm_campaign=Vt_summit_earlybird,735.39
914044,1001,5142,tiktok,2026-05-18T19:22:05Z,5.95,https://valuetainment.com/?utm_medium=Paid_Social&utm_campaign=pbd_pod_prosp_q1,758.38
266794,1004,5558,GOOGLE,06/09/2026 23:30,8.29,https://valuetainment.com/?utm_campaign=sales mastery lnch&utm_medium=CPC&utm_source=google,488.07
471904,1003,5025,Meta,2026-03-06 14:50:03,4.95,https://valuetainment.com/?utm_source=tiktok&utm_campaign=vt_summit_e@rlybird,
805226,1005,5228,GOOGLE,2026-03-25T15:35:37Z,4.33,https://valuetainment.com/?utm_campaign=pbd_retarget_warm&utm_medium=CPC&utm_source=facebook,508.09
928357,1001,5429,TikTok,2026-06-05 19:52:19,11.76,https://valuetainment.com/?utm_source=google&utm_campaign=pbd pod prosp q1,484.2
334662,1010,5558,google,2026-02-17T07:48:36Z,0.84,https://valuetainment.com/?utm_source=Google&utm_campaign=pbd cold scale&utm_medium=CPC,532.01
316923,1011,5238,Meta,05/02/2026 00:17,11.84,https://valuetainment.com/?utm_source=tik_tok&utm_campaign=consult-dfy-retgt&utm_medium=Paid_Social,565.13
216038,1003,5692,google,05/24/2026 20:14,10.97,https://valuetainment.com/?utm_source=tiktok&utm_campaign=vt_summit_earlybird&utm_medium=paid,96.16
159637,1011,5718,Meta,10/09/2025 03:19,4.58,https://valuetainment.com/?utm_source=meta&utm_medium=CPC&utm_campaign= consult_dfy_retgt ,444.88
163853,1004,5754,meta,05/02/2026 21:22,9.8,https://valuetainment.com/?utm_medium=Paid_Social&utm_campaign=sales_ma&utm_source=facebook,
782108,1011,5025,tiktok,05/14/2026 17:50,11.45,https://valuetainment.com/?utm_medium=ppc&utm_source=Google&utm_campaign=CONSULT_DFY_RETGT,
395802,1006,5777,Google,02/02/2026 13:13,3.85,https://valuetainment.com/?utm_source=META&utm_campaign=ce0_b00tc@mp_pr0sp&utm_medium=CPC,627.39
373740,1009,5030,google,2026-03-24T07:21:24Z,2.76,https://valuetainment.com/?utm_medium=cpc&utm_campaign=leadership--101--ev!!,433.09
117197,1008,5114,google,2026-05-15 21:31:50,1.73,https://valuetainment.com/?utm_source=Google&utm_campaign= brand_fx_sponsor &utm_medium=cpc,684.11
453771,1012,5095,Google,2026-03-25 05:28:45,12.31,https://valuetainment.com/?utm_medium=ppc&utm_source=tik_tok&utm_campaign=VT_SUMMIT_VIP,
819991,1006,5517,meta,11/14/2025 10:48,7.44,https://valuetainment.com/?utm_campaign=Ceo_bootcamp_prosp&utm_source=TikTok,
300936,1001,5281,google,2026-02-15T08:04:20Z,7.14,https://valuetainment.com/?utm_medium=cpc&utm_campaign=pbd_pod_prosp_q1,135.77
626428,1002,5459,meta,2026-03-05 16:53:25,1.08,https://valuetainment.com/?utm_source=Google&utm_campaign=brand_gs&utm_medium=Paid_Social,
582241,1014,5104,meta,2026-01-19 01:39:07,12.48,https://valuetainment.com/?utm_source=META&utm_campaign=brand--protein--q2!!&utm_medium=cpc,
136445,1014,5225,google,02/05/2026 03:58,11.97,https://valuetainment.com/?utm_source=TikTok&utm_campaign=Brand_protein_q2&utm_medium=cpc,489.5
746743,1004,5114,google,10/11/2025 16:35,3.22,https://valuetainment.com/?utm_medium=ppc&utm_campaign=salesmasterylnch&utm_source=Google,
220229,1014,5225,meta,12/16/2025 01:05,8.34,https://valuetainment.com/?utm_campaign=brand--protein--q2!!&utm_medium=cpc&utm_source=tiktok,106.17
768704,1005,5616,google,01/03/2026 06:17,10.25,https://valuetainment.com/?utm_medium=Paid_Social&utm_campaign=pbdretargetwarm&utm_source=META,782.9
333020,1007,5095,Google,2026-04-09 03:34:34,1.72,https://valuetainment.com/?utm_campaign= vt_summit_lastcall &utm_source=tiktok&utm_medium=ppc,140.59
997912,1001,5574,meta,2025-10-20T16:30:51Z,11.52,https://valuetainment.com/?utm_source=META&utm_medium=cpc&utm_campaign=pbd pod prosp q1,
499322,1011,5754,tiktok,11/24/2025 03:17,0.95,https://valuetainment.com/?utm_campaign=consult-dfy-retgt&utm_source=facebook,304.79
567129,1009,5654,google,2026-05-06 13:46:41,11.17,https://valuetainment.com/?utm_source=facebook&utm_campaign=leadership--101--ev!!,256.14
329489,1005,5027,google,2026-03-05 00:00:30,,https://valuetainment.com/?utm_source=Google&utm_campaign= pbd_retarget_warm &utm_medium=CPC,198.98
966431,1013,5284,Meta,03/30/2026 16:47,9.13,https://valuetainment.com/?utm_campaign=pat--lib--bundle!!&utm_medium=ppc&utm_source=facebook,515.97
773783,1014,5665,Meta,2025-11-24T22:58:33Z,10.89,https://valuetainment.com/?utm_source=google&utm_medium=paid&utm_campaign=brand-protein-q2,713.22
234443,1004,5692,Google,2026-04-26 16:08:55,2.16,https://valuetainment.com/?utm_source=META&utm_campaign=sales_mastery_lnch,383.64
166026,1001,5030,Meta,2026-01-03T20:59:12Z,11.11,https://valuetainment.com/?utm_campaign=pbd-pod-prosp-q1&utm_medium=ppc,
873199,1013,5225,meta,01/16/2026 21:44,3.91,https://valuetainment.com/?utm_source=Google&utm_campaign=pat_lib_&utm_medium=paid,
220040,1006,5754,Google,2026-06-09 11:03:51,5.89,https://valuetainment.com/?utm_source=tiktok&utm_campaign=ceo bootcamp prosp&utm_medium=Paid_Social,5.21
118048,1007,5228,google,2025-12-27T00:23:54Z,9.22,https://valuetainment.com/?utm_campaign=vtsummitlastcall&utm_source=tik_tok&utm_medium=cpc,610.16
256730,1006,5238,Meta,04/08/2026 07:41,8.25,https://valuetainment.com/?utm_medium=CPC&utm_campaign= ceo_bootcamp_prosp &utm_source=META,
717959,1007,5225,meta,04/25/2026 20:20,7.75,https://valuetainment.com/?utm_medium=Paid_Social&utm_source=facebook&utm_campaign=vt_summit_l@stc@ll,140.48
900527,1011,5758,Google,2026-04-12 20:54:54,11.06,https://valuetainment.com/?utm_campaign=consult_&utm_source=TikTok,412.98
983788,1005,5089,meta,2026-01-25T16:40:50Z,8.84,https://valuetainment.com/?utm_campaign=pbd_reta&utm_medium=Paid_Social&utm_source=tiktok,
343765,1001,5733,Google,11/18/2025 21:54,10.15,https://valuetainment.com/?utm_medium=ppc&utm_source=google&utm_campaign=pbd-pod-prosp-q1,
132938,1015,5429,Meta,2026-04-28 10:01:28,1.3,https://valuetainment.com/?utm_campaign=pbdytremarketing&utm_source=TikTok,
230738,1007,5228,meta,10/24/2025 17:05,4.57,https://valuetainment.com/?utm_medium=cpc&utm_source=facebook&utm_campaign=VT_SUMMIT_LASTCALL,382.32
890331,1006,5095,TikTok,2026-01-08 23:07:19,11.31,https://valuetainment.com/?utm_medium=CPC&utm_campaign=ceo bootcamp prosp&utm_source=meta,596.26
966396,1003,5758,meta,2025-10-14 20:17:39,12.33,https://valuetainment.com/?utm_source=tiktok&utm_campaign=vt summit earlybird&utm_medium=Paid_Social,
733268,1015,5459,meta,2026-03-30T17:26:14Z,5.43,https://valuetainment.com/?utm_medium=CPC&utm_campaign=pbd yt remarketing&utm_source=TikTok,
955384,1007,5759,Google,2025-10-03T12:48:19Z,7.12,https://valuetainment.com/?utm_source=google&utm_medium=ppc&utm_campaign=vt--summit--lastcall!!,
313154,1001,5142,meta,02/13/2026 16:09,0.66,https://valuetainment.com/?utm_source=Google&utm_medium=paid&utm_campaign=pbd--pod--prosp--q1!!,766.09
858982,1009,5104,Google,2026-03-24 17:57:42,1.97,https://valuetainment.com/?utm_campaign=leadership--101--ev!!&utm_medium=CPC&utm_source=google,
472541,1004,5616,Meta,05/16/2026 09:54,10.95,https://valuetainment.com/?utm_medium=Paid_Social&utm_source=meta&utm_campaign=sales--mastery--lnch!!,709.47
894101,1008,5733,meta,04/18/2026 00:05,0.81,https://valuetainment.com/?utm_campaign=brandfxsponsor&utm_medium=paid&utm_source=META,634.13
749814,1005,5574,Google,2026-04-24 11:26:37,2.02,https://valuetainment.com/?utm_source=META&utm_campaign=pbdretargetwarm&utm_medium=Paid_Social,34.89
619582,1013,5095,meta,11/22/2025 13:38,11.02,https://valuetainment.com/?utm_medium=Paid_Social&utm_campaign=pat-lib-bundle&utm_source=facebook,78.21
265470,1015,5030,meta,2025-12-18 01:15:07,11.95,https://valuetainment.com/?utm_campaign=pbd--yt--remarketing!!&utm_source=tik_tok&utm_medium=Paid_Social,
174928,1003,5281,meta,2026-01-25T05:06:59Z,7.48,https://valuetainment.com/?utm_source=google&utm_campaign= vt_summit_earlybird &utm_medium=ppc,487.36
984855,1002,5114,google,2025-11-04T23:46:19Z,2.79,https://valuetainment.com/?utm_medium=paid&utm_source=META&utm_campaign=brand_gs_promo,
175458,1004,5828,google,2026-04-30 08:06:05,3.78,https://valuetainment.com/?utm_source=TikTok&utm_campaign=salesmasterylnch&utm_medium=CPC,715.28
552029,1014,5692,Meta,2025-12-20 18:38:50,2.38,https://valuetainment.com/?utm_campaign=brand_protein_q2&utm_medium=cpc,233.33
590097,1013,5558,google,2026-05-29 22:07:21,6.62,https://valuetainment.com/?utm_campaign=p@t_lib_bundle&utm_medium=Paid_Social&utm_source=meta,35.84
116432,1013,5604,meta,02/04/2026 17:19,6.5,https://valuetainment.com/?utm_medium=cpc&utm_source=Google&utm_campaign=pat_lib_,11.02
781504,1001,5089,Meta,2026-05-09 11:13:04,9.8,https://valuetainment.com/?utm_campaign=pbd pod prosp q1&utm_source=meta,629.69
165134,1005,5095,META,05/30/2026 05:44,8.02,https://valuetainment.com/?utm_campaign=pbd retarget warm&utm_medium=ppc&utm_source=TikTok,602.0
819909,1009,5758,tiktok,2025-12-31 00:08:01,2.58,https://valuetainment.com/?utm_campaign=LEADERSHIP_101_EV&utm_source=TikTok&utm_medium=cpc,736.48
874594,1005,5604,google,2026-05-23T16:09:56Z,6.25,https://valuetainment.com/?utm_medium=Paid_Social&utm_source=TikTok&utm_campaign=pbd_ret@rget_w@rm,632.92
267237,1011,5030,Meta,2026-05-23T14:34:44Z,8.57,https://valuetainment.com/?utm_campaign=consult dfy retgt&utm_medium=Paid_Social&utm_source=tiktok,501.84
696389,1011,5114,TIKTOK,04/13/2026 08:25,4.43,https://valuetainment.com/?utm_medium=ppc&utm_source=google&utm_campaign=consult-dfy-retgt,
343697,1002,5574,GOOGLE,2026-01-31 19:34:21,4.75,https://valuetainment.com/?utm_medium=Paid_Social&utm_source=google&utm_campaign=brand--gs--promo!!,
521312,1014,5754,meta,11/23/2025 01:29,3.46,https://valuetainment.com/?utm_medium=cpc&utm_source=facebook&utm_campaign=br@nd_pr0tein_q2,415.45
807931,1005,5558,tiktok,03/23/2026 14:40,3.06,https://valuetainment.com/?utm_campaign=PBD_RETARGET_WARM&utm_medium=cpc&utm_source=tik_tok,41.46
737086,1014,5604,TIKTOK,06/08/2026 13:21,5.73,https://valuetainment.com/?utm_medium=CPC&utm_source=tik_tok&utm_campaign= brand_protein_q2 ,
975454,1005,5432,GOOGLE,2026-01-09T10:54:03Z,11.18,https://valuetainment.com/?utm_campaign=pbd--retarget--warm!!&utm_medium=paid,590.8
577595,1010,5890,GOOGLE,2025-12-02 16:36:45,2.23,https://valuetainment.com/?utm_source=meta&utm_campaign=pbd cold scale&utm_medium=cpc,
893969,1002,5558,Meta,2025-11-19 00:08:19,11.89,https://valuetainment.com/?utm_medium=Paid_Social&utm_source=meta&utm_campaign=brand gs promo,
101727,1001,5558,meta,2026-05-05T16:12:30Z,9.63,https://valuetainment.com/?utm_medium=ppc&utm_source=tik_tok&utm_campaign=Pbd_pod_prosp_q1,
366519,1015,5429,meta,2026-05-13 05:06:42,7.41,https://valuetainment.com/?utm_medium=ppc&utm_campaign= pbd_yt_remarketing &utm_source=tik_tok,
646807,1003,5777,meta,01/16/2026 18:43,11.79,https://valuetainment.com/?utm_campaign=VT_SUMMIT_EARLYBIRD&utm_source=Google&utm_medium=Paid_Social,381.45
346924,1005,5718,meta,10/05/2025 00:11,11.38,https://valuetainment.com/?utm_medium=paid&utm_campaign=pbd retarget warm&utm_source=tiktok,547.41
741504,1010,5574,google,2026-02-23 07:30:34,4.71,https://valuetainment.com/?utm_medium=ppc&utm_campaign=pbd cold scale&utm_source=google,338.12
732327,1014,5089,Meta,2025-11-18T11:19:47Z,4.47,https://valuetainment.com/?utm_medium=paid&utm_source=tik_tok&utm_campaign=BRAND_PROTEIN_Q2,427.45
992576,1001,5104,google,2025-11-28 04:34:15,7.69,https://valuetainment.com/?utm_campaign= pbd_pod_prosp_q1 &utm_source=tik_tok&utm_medium=ppc,783.53
318404,1003,5890,tik_tok,12/13/2025 02:47,8.3,https://valuetainment.com/?utm_source=meta&utm_campaign= vt_summit_earlybird &utm_medium=cpc,611.2
367775,1015,5733,META,2026-03-25 22:18:11,10.98,https://valuetainment.com/?utm_medium=cpc&utm_campaign= pbd_yt_remarketing &utm_source=TikTok,161.73
141458,1014,5558,GOOGLE,2026-04-30 15:41:54,2.84,https://valuetainment.com/?utm_campaign=BRAND_PROTEIN_Q2&utm_medium=paid,542.74
543710,1008,5758,google,2026-03-24T09:35:24Z,12.21,https://valuetainment.com/?utm_medium=ppc&utm_source=google&utm_campaign=brandfxsponsor,
344131,1007,5665,tik_tok,2026-01-16T17:19:23Z,4.53,https://valuetainment.com/?utm_campaign=vt_summit_lastcall&utm_medium=cpc&utm_source=META,
351807,1002,5025,tiktok,2026-01-23 03:47:51,4.49,https://valuetainment.com/?utm_medium=ppc&utm_campaign=brand gs promo,73.78
296444,1003,5733,META,2025-10-09 02:07:13,5.94,https://valuetainment.com/?utm_medium=CPC&utm_campaign=vt-summit-earlybird&utm_source=meta,532.83
176577,1010,5281,Google,2025-10-24 09:37:23,,https://valuetainment.com/?utm_source=facebook&utm_campaign=pbd_cold&utm_medium=Paid_Social,
733384,1008,5281,META ,2026-03-09T01:39:03Z,9.11,https://valuetainment.com/?utm_medium=Paid_Social&utm_campaign=brand-fx-sponsor&utm_source=META,325.7
664872,1010,5223,GOOGLE,2026-03-12T01:06:38Z,10.5,https://valuetainment.com/?utm_source=TikTok&utm_medium=Paid_Social&utm_campaign=pbd--cold--scale!!,517.9
756138,1013,5758,meta,2026-05-09 17:47:05,10.01,https://valuetainment.com/?utm_medium=ppc&utm_campaign=PAT_LIB_BUNDLE,346.01
451709,1006,5777,GOOGLE,2025-11-15 04:16:27,7.01,https://valuetainment.com/?utm_campaign=ceo--bootcamp--prosp!!&utm_source=TikTok,
581415,1010,5459,GOOGLE,2026-05-08 17:11:51,6.81,https://valuetainment.com/?utm_medium=Paid_Social&utm_campaign=pbd--cold--scale!!,446.42
947277,1013,5203,google,2026-04-29T07:06:09Z,0.51,https://valuetainment.com/?utm_source=Google&utm_campaign=PAT_LIB_BUNDLE&utm_medium=cpc,784.37
581532,1001,5758,Meta,2026-05-05 17:43:18,0.91,https://valuetainment.com/?utm_campaign=pbd_pod_&utm_source=google&utm_medium=ppc,
141349,1004,5025,meta,2026-05-29T00:49:16Z,7.58,https://valuetainment.com/?utm_medium=ppc&utm_campaign=Sales_mastery_lnch&utm_source=facebook,
188501,1006,5203,TIKTOK,2026-02-26 19:22:30,7.63,https://valuetainment.com/?utm_source=TikTok&utm_campaign=ceo-bootcamp-prosp,670.09
629202,1009,5558,tiktok,2026-06-04 18:15:02,9.2,https://valuetainment.com/?utm_source=facebook&utm_campaign= leadership_101_ev &utm_medium=CPC,754.62
688420,1002,5250,meta,2025-12-29 12:13:04,8.04,https://valuetainment.com/?utm_medium=Paid_Social&utm_source=tiktok&utm_campaign=brand-gs-promo,684.06
182919,1008,5027,Meta,2026-02-02 16:50:01,8.1,https://valuetainment.com/?utm_source=tiktok&utm_campaign= brand_fx_sponsor &utm_medium=cpc,109.88
825030,1009,5604,GOOGLE,05/14/2026 10:11,12.31,https://valuetainment.com/?utm_campaign=leadership_101_ev&utm_medium=paid&utm_source=meta,
564920,1004,5616,Google,06/08/2026 10:13,3.3,https://valuetainment.com/?utm_medium=cpc&utm_source=tik_tok&utm_campaign=sales_ma,784.74
795687,1010,5432,META,2026-02-08 22:19:38,8.43,https://valuetainment.com/?utm_campaign=pbd--cold--scale!!&utm_medium=CPC&utm_source=META,325.22
165119,1014,5203,META,05/27/2026 04:16,10.23,https://valuetainment.com/?utm_medium=ppc&utm_source=facebook&utm_campaign=br@nd_pr0tein_q2,
338356,1012,5754,tik_tok,12/22/2025 06:43,2.34,https://valuetainment.com/?utm_source=facebook&utm_campaign=vtsummitvip&utm_medium=ppc,417.2
482756,1013,5654,META,2026-04-06T04:30:32Z,3.15,https://valuetainment.com/?utm_source=Google&utm_campaign=patlibbundle&utm_medium=CPC,611.16
536802,1010,5459,Google,2026-04-16T00:38:12Z,8.5,https://valuetainment.com/?utm_source=facebook&utm_campaign=pbd cold scale&utm_medium=ppc,288.48
648131,1011,5429,META ,2025-11-08 18:54:45,4.34,https://valuetainment.com/?utm_source=TikTok&utm_campaign=consult dfy retgt&utm_medium=CPC,286.78
248063,1010,5616,meta,05/02/2026 08:28,,https://valuetainment.com/?utm_medium=cpc&utm_source=google&utm_campaign=pbd-cold-scale,
168617,1004,5281,META ,2025-12-29 09:55:49,12.05,https://valuetainment.com/?utm_medium=CPC&utm_campaign=sales--mastery--lnch!!&utm_source=Google,770.92
991585,1007,5027,google,04/21/2026 21:34,4.69,https://valuetainment.com/?utm_medium=Paid_Social&utm_campaign=vt_summit_lastcall,146.01
846060,1007,5558,GOOGLE,2026-03-12 08:53:08,1.15,https://valuetainment.com/?utm_medium=paid&utm_source=facebook&utm_campaign= vt_summit_lastcall ,
554626,1009,5142,Meta,2025-11-14 17:37:44,1.05,https://valuetainment.com/?utm_medium=cpc&utm_source=Google&utm_campaign=leadership101ev,
893096,1002,5228,meta,01/02/2026 03:17,11.16,https://valuetainment.com/?utm_campaign=Brand_gs_promo&utm_medium=CPC&utm_source=tik_tok,
835343,1013,5718,META,2026-01-27 12:35:06,10.96,https://valuetainment.com/?utm_campaign=patlibbundle&utm_source=facebook&utm_medium=paid,177.95
728765,1011,5228,Google,2026-02-09T10:01:21Z,,https://valuetainment.com/?utm_campaign=consult-dfy-retgt&utm_source=google&utm_medium=cpc,766.09
291055,1007,5238,meta,2026-01-07T09:28:07Z,4.33,https://valuetainment.com/?utm_medium=cpc&utm_source=tik_tok&utm_campaign=vt--summit--lastcall!!,
211222,1010,5558,google,06/02/2026 00:42,2.3,https://valuetainment.com/?utm_source=facebook&utm_medium=ppc&utm_campaign=pbd_c0ld_sc@le,
649697,1003,5604,meta,2026-05-11T08:44:30Z,7.92,https://valuetainment.com/?utm_campaign=vt_summit_earlybird&utm_source=google&utm_medium=cpc,118.22
406313,1012,5104,GOOGLE,02/19/2026 06:16,9.63,https://valuetainment.com/?utm_campaign=vtsummitvip&utm_source=meta&utm_medium=paid,696.39
605637,1015,5758,META,01/18/2026 18:51,5.8,https://valuetainment.com/?utm_campaign=PBD_YT_REMARKETING&utm_source=TikTok,567.21
858303,1010,5459,Meta,01/03/2026 20:04,3.62,https://valuetainment.com/?utm_source=tik_tok&utm_campaign=pbd-cold-scale&utm_medium=ppc,28.29
925133,1004,5225,meta,2026-04-13T12:50:54Z,,https://valuetainment.com/?utm_medium=cpc&utm_source=tik_tok&utm_campaign=sales-mastery-lnch,613.08
621691,1012,5250,TikTok,2026-03-14 20:37:25,10.06,https://valuetainment.com/?utm_campaign=Vt_summit_vip&utm_source=META&utm_medium=Paid_Social,
610650,1002,5030,GOOGLE,2025-12-18T03:13:38Z,3.59,https://valuetainment.com/?utm_campaign=brand gs promo&utm_medium=CPC&utm_source=meta,
508141,1009,5032,Meta,2026-01-08 10:57:35,7.73,https://valuetainment.com/?utm_source=tiktok&utm_medium=CPC&utm_campaign=leadership--101--ev!!,
193665,1002,5238,META,2026-02-09T23:01:38Z,2.45,https://valuetainment.com/?utm_campaign=brand gs promo&utm_source=Google,17.71
795764,1013,5692,Google,2025-12-03T23:34:40Z,6.89,https://valuetainment.com/?utm_medium=ppc&utm_campaign=PAT_LIB_BUNDLE&utm_source=facebook,
954843,1001,5654,META ,2025-10-19 16:00:01,7.14,https://valuetainment.com/?utm_source=Google&utm_campaign= pbd_pod_prosp_q1 &utm_medium=CPC,581.21
840843,1013,5104,google,2026-02-18T04:25:47Z,0.8,https://valuetainment.com/?utm_campaign=pat--lib--bundle!!&utm_medium=paid,
429563,1013,5692,meta,05/07/2026 10:50,2.0,https://valuetainment.com/?utm_campaign=PAT_LIB_BUNDLE&utm_medium=cpc&utm_source=meta,
767173,1006,5692,Google,2025-12-20T01:55:51Z,4.17,https://valuetainment.com/?utm_medium=cpc&utm_campaign=ceo-bootcamp-prosp&utm_source=tiktok,458.0
748513,1007,5006,GOOGLE,03/07/2026 03:29,2.84,https://valuetainment.com/?utm_campaign=Vt_summit_lastcall&utm_source=tiktok&utm_medium=paid,
947808,1001,5114,TIKTOK,03/14/2026 05:54,5.63,https://valuetainment.com/?utm_medium=CPC&utm_source=META&utm_campaign=PBD_POD_PROSP_Q1,43.26
886633,1007,5032,meta,03/24/2026 13:30,4.33,https://valuetainment.com/?utm_source=Google&utm_campaign=vt-summit-lastcall&utm_medium=paid,370.15
417345,1004,5223,TikTok,2026-01-30T13:11:32Z,6.88,https://valuetainment.com/?utm_medium=cpc&utm_campaign= sales_mastery_lnch &utm_source=google,96.33
464835,1008,5665,tik_tok,10/14/2025 16:42,0.83,https://valuetainment.com/?utm_source=Google&utm_medium=Paid_Social&utm_campaign= brand_fx_sponsor ,606.38
320330,1002,5095,Meta,2026-02-17T09:29:36Z,7.92,https://valuetainment.com/?utm_source=tiktok&utm_campaign= brand_gs_promo ,409.39
414467,1002,5604,META ,2026-05-21T21:30:59Z,,https://valuetainment.com/?utm_medium=paid&utm_source=google&utm_campaign=brand gs promo,90.36
962198,1013,5754,META,2026-05-02T13:39:18Z,,https://valuetainment.com/?utm_source=TikTok&utm_medium=ppc&utm_campaign=patlibbundle,144.72
825447,1012,5890,Google,2026-02-08T08:34:56Z,7.68,https://valuetainment.com/?utm_medium=CPC&utm_source=tik_tok&utm_campaign=vt_summit_vip,
533959,1009,5517,google,2025-12-13 00:46:52,2.4,https://valuetainment.com/?utm_medium=cpc&utm_source=META&utm_campaign=LEADERSHIP_101_EV,
705748,1015,5225,google,04/12/2026 16:46,2.74,https://valuetainment.com/?utm_campaign=PBD_YT_REMARKETING&utm_source=facebook&utm_medium=Paid_Social,
416592,1002,5558,TikTok,2025-12-24 19:45:02,5.16,https://valuetainment.com/?utm_campaign=BRAND_GS_PROMO&utm_source=meta&utm_medium=CPC,395.39
157639,1012,5777,tik_tok,01/04/2026 08:19,3.07,https://valuetainment.com/?utm_campaign=vt-summit-vip,220.29
858879,1012,5250,Google,2026-04-05 04:24:31,7.8,https://valuetainment.com/?utm_source=facebook&utm_medium=paid&utm_campaign=vt_summit_vip,
867927,1002,5913,google,2026-06-07 00:10:30,4.71,https://valuetainment.com/?utm_source=TikTok&utm_campaign=brand gs promo&utm_medium=paid,507.12
837093,1009,5616,meta,05/21/2026 06:13,3.24,https://valuetainment.com/?utm_source=TikTok&utm_medium=Paid_Social&utm_campaign=Leadership_101_ev,37.84
341359,1004,5665,Google,2025-11-25 22:20:51,6.83,https://valuetainment.com/?utm_medium=paid&utm_campaign=sales-mastery-lnch&utm_source=TikTok,
368077,1012,5284,Meta,2026-06-07 01:23:19,5.35,https://valuetainment.com/?utm_campaign=VT_SUMMIT_VIP&utm_medium=CPC&utm_source=META,364.86
552407,1004,5692,meta,2026-02-14T22:12:21Z,2.48,https://valuetainment.com/?utm_campaign= sales_mastery_lnch &utm_medium=cpc,486.4
820480,1004,5718,Google,2026-04-20 23:48:05,9.04,https://valuetainment.com/?utm_source=Google&utm_medium=cpc&utm_campaign=salesmasterylnch,163.57
260364,1008,5030,meta,2026-01-29 05:52:06,8.3,https://valuetainment.com/?utm_medium=CPC&utm_source=TikTok&utm_campaign=brand_fx,770.87
556986,1010,5913,Meta,11/22/2025 16:43,4.34,https://valuetainment.com/?utm_source=google&utm_campaign=pbd_cold&utm_medium=ppc,546.66
845665,1010,5558,meta,2026-03-27 00:00:39,9.27,https://valuetainment.com/?utm_medium=cpc&utm_campaign=pbd_cold&utm_source=facebook,623.73
679459,1015,5890,META,2025-12-25 09:21:30,3.3,https://valuetainment.com/?utm_medium=Paid_Social&utm_campaign=Pbd_yt_remarketing&utm_source=google,
746387,1013,5718,Meta,2025-11-23T15:26:13Z,8.91,https://valuetainment.com/?utm_medium=paid&utm_campaign=pat--lib--bundle!!&utm_source=META,791.18
959189,1005,5692,GOOGLE,2025-11-03T12:29:23Z,9.7,https://valuetainment.com/?utm_source=google&utm_campaign=Pbd_retarget_warm,
179143,1008,5228,GOOGLE,06/04/2026 07:48,8.45,https://valuetainment.com/?utm_medium=cpc&utm_source=meta&utm_campaign=br@nd_fx_sp0ns0r,
270107,1004,5913,meta,2026-04-30T06:18:54Z,1.51,https://valuetainment.com/?utm_medium=paid&utm_source=google&utm_campaign=salesmasterylnch,
403375,1010,5429,meta,2026-01-28T14:50:22Z,6.7,https://valuetainment.com/?utm_campaign=pbd_cold&utm_medium=paid&utm_source=tiktok,173.12
592135,1013,5913,Google,2026-02-12T09:46:55Z,3.59,https://valuetainment.com/?utm_source=tik_tok&utm_campaign=patlibbundle,
239013,1004,5225,meta,2026-03-31 02:42:38,5.68,https://valuetainment.com/?utm_medium=cpc&utm_campaign=sales-mastery-lnch,570.33
249665,1010,5718,meta,2026-01-18T17:10:58Z,10.59,https://valuetainment.com/?utm_medium=cpc&utm_source=meta&utm_campaign=pbdcoldscale,
531694,1002,5718,Meta,2025-10-06T15:11:08Z,6.35,https://valuetainment.com/?utm_campaign=brandgspromo&utm_source=google&utm_medium=Paid_Social,473.26
209819,1012,5032,google,2026-06-05T15:57:37Z,5.95,https://valuetainment.com/?utm_campaign=Vt_summit_vip&utm_medium=Paid_Social&utm_source=tiktok,613.92
277967,1010,5665,Google,2026-05-21 15:57:59,2.74,https://valuetainment.com/?utm_medium=ppc&utm_campaign=pbd_c0ld_sc@le,762.55
193519,1004,5692,Meta,02/11/2026 21:13,11.95,https://valuetainment.com/?utm_source=TikTok&utm_medium=cpc&utm_campaign=Sales_mastery_lnch,
361487,1015,5281,TikTok,2026-03-10 02:03:47,6.73,https://valuetainment.com/?utm_campaign= pbd_yt_remarketing &utm_medium=cpc&utm_source=meta,203.91
931813,1004,5142,GOOGLE,2025-10-02 21:00:42,9.06,https://valuetainment.com/?utm_medium=ppc&utm_campaign= sales_mastery_lnch ,191.42
968677,1003,5284,google,2025-10-31T04:40:40Z,5.94,https://valuetainment.com/?utm_campaign=vt_summit_earlybird&utm_source=TikTok&utm_medium=Paid_Social,
446954,1014,5603,google,2026-05-21T07:50:29Z,11.91,https://valuetainment.com/?utm_campaign=Brand_protein_q2&utm_source=Google,183.84
744481,1006,5006,META ,2026-03-11T11:57:43Z,11.99,https://valuetainment.com/?utm_medium=ppc&utm_campaign=Ceo_bootcamp_prosp&utm_source=TikTok,363.98
349603,1001,5225,META,2025-11-22T12:49:36Z,0.87,https://valuetainment.com/?utm_campaign=pbd_pod_prosp_q1&utm_medium=CPC&utm_source=meta,135.57
182323,1013,5114,meta,2025-12-06 23:34:25,10.89,https://valuetainment.com/?utm_campaign=Pat_lib_bundle&utm_medium=paid&utm_source=meta,534.67
654491,1005,5203,Google,03/19/2026 05:07,10.9,https://valuetainment.com/?utm_campaign=pbd retarget warm&utm_source=TikTok&utm_medium=Paid_Social,
105554,1011,5654,meta,2025-12-18 09:14:01,12.23,https://valuetainment.com/?utm_source=TikTok&utm_campaign=consult dfy retgt,491.8
418083,1007,5032,meta,2025-12-12 23:40:05,11.7,https://valuetainment.com/?utm_campaign=vt_summit_lastcall&utm_medium=paid&utm_source=META,746.6
403978,1004,5225,Google,2026-04-12T19:54:34Z,5.79,https://valuetainment.com/?utm_campaign=sales_mastery_lnch&utm_source=tiktok&utm_medium=ppc,14.82
228829,1001,5828,GOOGLE,2026-02-21 21:30:30,10.64,https://valuetainment.com/?utm_source=meta&utm_campaign=pbd_p0d_pr0sp_q1&utm_medium=cpc,
553270,1013,5250,google,2025-11-28T15:41:49Z,10.43,https://valuetainment.com/?utm_campaign=pat-lib-bundle&utm_source=meta&utm_medium=CPC,131.18
902408,1008,5025,google,2026-02-27T02:13:02Z,3.84,https://valuetainment.com/?utm_medium=ppc&utm_source=meta&utm_campaign=br@nd_fx_sp0ns0r,287.96
500156,1007,5284,meta,2025-11-14T11:41:58Z,6.09,https://valuetainment.com/?utm_source=Google&utm_medium=ppc&utm_campaign=vt_summit_l@stc@ll,
307739,1002,5574,Meta,2025-10-11T09:41:29Z,4.62,https://valuetainment.com/?utm_campaign= brand_gs_promo &utm_source=META,414.48
157105,1005,5429,Google,2026-04-23 13:02:15,,https://valuetainment.com/?utm_campaign=Pbd_retarget_warm&utm_medium=Paid_Social,
220614,1010,5006,GOOGLE,2026-03-04 03:03:34,10.88,https://valuetainment.com/?utm_source=Google&utm_campaign=pbd-cold-scale&utm_medium=Paid_Social,100.3
475125,1003,5459,META ,2026-04-18 05:55:38,10.83,https://valuetainment.com/?utm_campaign=vt_summit_e@rlybird&utm_medium=paid&utm_source=META,
676537,1008,5718,TikTok,2026-01-03 06:31:10,8.87,https://valuetainment.com/?utm_source=META&utm_medium=Paid_Social&utm_campaign=br@nd_fx_sp0ns0r,534.75
356139,1008,5828,GOOGLE,2026-04-06T12:48:38Z,10.57,https://valuetainment.com/?utm_medium=CPC&utm_campaign=brandfxsponsor&utm_source=facebook,618.14
997662,1003,5574,Google,2025-10-31 12:34:49,5.91,https://valuetainment.com/?utm_campaign=VT_SUMMIT_EARLYBIRD&utm_source=Google&utm_medium=CPC,580.03
171992,1008,5758,google,2026-03-16T00:45:56Z,7.69,https://valuetainment.com/?utm_source=meta&utm_campaign=brand-fx-sponsor&utm_medium=Paid_Social,345.92
986319,1006,5225,META,11/20/2025 07:18,2.52,https://valuetainment.com/?utm_campaign=ceo bootcamp prosp&utm_source=META&utm_medium=paid,
850432,1006,5758,META,2026-06-04 09:57:32,1.42,https://valuetainment.com/?utm_medium=cpc&utm_source=TikTok&utm_campaign=ceo_boot,
776555,1003,5203,meta,2026-03-12T23:45:40Z,2.26,https://valuetainment.com/?utm_campaign= vt_summit_earlybird &utm_source=TikTok,253.79
734930,1013,5203,meta,04/14/2026 09:43,10.54,https://valuetainment.com/?utm_source=facebook&utm_medium=paid&utm_campaign=patlibbundle,201.14
336504,1014,5603,tik_tok,2026-05-23 07:58:27,8.94,https://valuetainment.com/?utm_campaign=brand_pr&utm_source=google,604.09
758697,1001,5665,meta,12/22/2025 00:48,4.31,https://valuetainment.com/?utm_campaign=pbd_pod_&utm_medium=Paid_Social,
492077,1003,5654,Google,02/03/2026 21:21,6.95,https://valuetainment.com/?utm_source=meta&utm_campaign=vt_summit_e@rlybird&utm_medium=cpc,424.28
881639,1015,5250,meta,2026-03-20 00:38:12,11.57,https://valuetainment.com/?utm_campaign=pbd-yt-remarketing&utm_medium=CPC&utm_source=meta,
117585,1015,5030,meta,2026-03-21T20:31:44Z,5.66,https://valuetainment.com/?utm_medium=Paid_Social&utm_campaign=pbd yt remarketing,349.18
430645,1012,5095,TikTok,04/07/2026 19:43,5.01,https://valuetainment.com/?utm_campaign=vtsummitvip&utm_medium=ppc,479.4
581830,1006,5027,Google,10/26/2025 01:59,0.73,https://valuetainment.com/?utm_campaign=ceo_boot,656.05
695989,1015,5432,Meta,02/01/2026 19:36,7.5,https://valuetainment.com/?utm_medium=Paid_Social&utm_source=tiktok&utm_campaign=pbd-yt-remarketing,691.96
363021,1011,5223,meta,02/01/2026 15:01,1.7,https://valuetainment.com/?utm_campaign=consult-dfy-retgt&utm_source=tik_tok&utm_medium=paid,466.13
593238,1010,5603,GOOGLE,10/30/2025 23:13,3.3,https://valuetainment.com/?utm_medium=cpc&utm_campaign=pbdcoldscale&utm_source=tiktok,711.54
856380,1004,5603,Meta,01/05/2026 05:12,6.46,https://valuetainment.com/?utm_medium=Paid_Social&utm_campaign= sales_mastery_lnch ,300.74
384489,1011,5030,GOOGLE,2026-02-28 02:39:27,11.45,https://valuetainment.com/?utm_campaign=CONSULT_DFY_RETGT&utm_medium=Paid_Social,86.31
482472,1013,5030,tiktok,2026-01-04T19:29:21Z,3.79,https://valuetainment.com/?utm_medium=cpc&utm_source=facebook&utm_campaign=patlibbundle,671.15
764442,1007,5203,META ,2026-04-19T14:10:05Z,3.11,https://valuetainment.com/?utm_source=Google&utm_campaign=vtsummitlastcall&utm_medium=cpc,640.13
819368,1009,5574,Google,2026-03-17 18:18:45,8.39,https://valuetainment.com/?utm_campaign=leadersh&utm_medium=CPC&utm_source=tiktok,
545296,1005,5654,meta,01/20/2026 01:47,10.68,https://valuetainment.com/?utm_campaign=pbd_reta&utm_source=META&utm_medium=ppc,
894498,1011,5032,google,2026-03-07 19:23:24,12.29,https://valuetainment.com/?utm_source=tiktok&utm_medium=ppc&utm_campaign=consult_,764.13
473236,1007,5654,google,10/30/2025 21:24,1.59,https://valuetainment.com/?utm_medium=paid&utm_source=tiktok&utm_campaign=vt summit lastcall,530.33
969262,1010,5603,meta,2026-04-05T17:01:14Z,10.8,https://valuetainment.com/?utm_campaign=pbd-cold-scale&utm_source=TikTok&utm_medium=CPC,692.17
908910,1009,5225,meta,2025-12-08 10:06:30,0.8,https://valuetainment.com/?utm_source=tik_tok&utm_campaign=leadership101ev&utm_medium=paid,
442716,1006,5032,tik_tok,2025-11-30T20:22:35Z,,https://valuetainment.com/?utm_campaign=ceo-bootcamp-prosp&utm_medium=cpc,
520018,1009,5759,meta,2026-03-01T02:42:32Z,10.1,https://valuetainment.com/?utm_campaign=leadership-101-ev&utm_source=meta&utm_medium=cpc,547.65
760183,1008,5574,meta,2026-03-19 22:27:28,6.35,https://valuetainment.com/?utm_source=tiktok&utm_medium=Paid_Social&utm_campaign=brand--fx--sponsor!!,205.8
809395,1012,5603,meta,2026-05-12T02:04:28Z,6.01,https://valuetainment.com/?utm_source=META&utm_campaign=vt-summit-vip&utm_medium=CPC,123.8
610331,1013,5114,GOOGLE,12/17/2025 19:04,7.56,https://valuetainment.com/?utm_source=META&utm_campaign=pat_lib_,
724386,1012,5228,Google,01/21/2026 20:18,6.41,https://valuetainment.com/?utm_campaign=vt_summit_vip&utm_medium=cpc&utm_source=META,799.33
141484,1013,5429,Meta,04/18/2026 11:42,8.07,https://valuetainment.com/?utm_source=TikTok&utm_campaign= pat_lib_bundle ,748.6
294179,1007,5203,google,2025-10-21T19:18:15Z,9.66,https://valuetainment.com/?utm_medium=paid&utm_campaign= vt_summit_lastcall &utm_source=facebook,
199262,1003,5733,GOOGLE,12/30/2025 09:40,12.35,https://valuetainment.com/?utm_medium=Paid_Social&utm_campaign=vt_summit_earlybird&utm_source=tiktok,111.94
285730,1011,5223,Google,2026-02-16 18:41:28,11.21,https://valuetainment.com/?utm_medium=cpc&utm_campaign=consult dfy retgt&utm_source=META,145.79
604582,1006,5718,GOOGLE,05/11/2026 06:11,8.42,https://valuetainment.com/?utm_source=google&utm_campaign=ceo bootcamp prosp&utm_medium=Paid_Social,
562991,1002,5225,google,11/17/2025 13:48,6.0,https://valuetainment.com/?utm_medium=Paid_Social&utm_campaign=brand--gs--promo!!&utm_source=Google,
235064,1007,5616,META,2026-02-25 18:28:34,,https://valuetainment.com/?utm_campaign=vtsummitlastcall&utm_source=facebook,154.92
235797,1008,5692,meta,2025-10-12 20:19:56,7.09,https://valuetainment.com/?utm_campaign=brand_fx&utm_source=TikTok,562.77
913217,1014,5027,META ,11/29/2025 01:43,4.28,https://valuetainment.com/?utm_campaign=Brand_protein_q2&utm_medium=cpc&utm_source=META,730.74
464187,1004,5095,google,04/28/2026 16:40,8.3,https://valuetainment.com/?utm_campaign=sales mastery lnch&utm_source=tik_tok&utm_medium=paid,
609960,1009,5718,Meta,05/19/2026 23:37,5.07,https://valuetainment.com/?utm_source=meta&utm_medium=Paid_Social&utm_campaign=Leadership_101_ev,
797241,1011,5459,tiktok,2026-01-17T08:08:19Z,2.32,https://valuetainment.com/?utm_campaign=consult_dfy_retgt&utm_source=google&utm_medium=paid,573.25
654823,1001,5095,meta,2026-05-09T14:52:36Z,,https://valuetainment.com/?utm_source=meta&utm_medium=CPC&utm_campaign=pbd-pod-prosp-q1,
583783,1006,5250,meta,2026-03-15T07:49:49Z,6.65,https://valuetainment.com/?utm_medium=cpc&utm_source=tik_tok&utm_campaign=ceo-bootcamp-prosp,794.2
932026,1002,5558,Google,2025-10-19 06:31:53,12.42,https://valuetainment.com/?utm_medium=CPC&utm_campaign=br@nd_gs_pr0m0&utm_source=Google,
234429,1014,5432,Meta,2025-11-10 01:04:11,,https://valuetainment.com/?utm_campaign=brandproteinq2&utm_source=META,
912535,1008,5089,meta,03/23/2026 18:09,2.84,https://valuetainment.com/?utm_source=meta&utm_medium=ppc&utm_campaign=brand_fx_sponsor,
221776,1012,5203,tiktok,2026-01-02 12:41:58,6.75,https://valuetainment.com/?utm_source=Google&utm_medium=CPC&utm_campaign=vt_summit_vip,20.37
743451,1002,5654,Meta,2026-03-24T07:26:09Z,1.94,https://valuetainment.com/?utm_medium=paid&utm_campaign=brand_gs_promo,
675522,1013,5284,meta,2026-03-06T14:23:05Z,3.51,https://valuetainment.com/?utm_campaign=pat_lib_&utm_source=google,90.99
268292,1002,5006,meta,2026-01-22T11:49:03Z,4.06,https://valuetainment.com/?utm_campaign= brand_gs_promo &utm_source=tiktok&utm_medium=ppc,262.0
267868,1006,5006,META,2026-05-14T12:56:06Z,8.02,https://valuetainment.com/?utm_campaign=ceo--bootcamp--prosp!!&utm_source=tik_tok&utm_medium=ppc,
304373,1012,5032,google,2026-02-20T05:27:59Z,5.36,https://valuetainment.com/?utm_campaign=vtsummitvip&utm_medium=Paid_Social,257.36
160233,1012,5654,META ,2026-03-19T13:37:28Z,9.17,https://valuetainment.com/?utm_medium=Paid_Social&utm_campaign=vt summit vip&utm_source=facebook,
538960,1002,5754,meta,2026-03-17 13:07:28,7.13,https://valuetainment.com/?utm_source=META&utm_campaign=BRAND_GS_PROMO,594.28
630560,1010,5913,Google,12/14/2025 16:40,5.61,https://valuetainment.com/?utm_medium=paid&utm_campaign=pbd_c0ld_sc@le&utm_source=tik_tok,
927527,1008,5089,google,2026-05-31 07:21:21,6.43,https://valuetainment.com/?utm_campaign=br@nd_fx_sp0ns0r&utm_medium=paid&utm_source=TikTok,511.01
228219,1014,5142,meta,2026-05-01 01:10:10,3.42,https://valuetainment.com/?utm_medium=Paid_Social&utm_source=TikTok&utm_campaign=br@nd_pr0tein_q2,
810793,1011,5429,Google,2025-10-17 12:44:01,8.98,https://valuetainment.com/?utm_campaign=Consult_dfy_retgt&utm_medium=cpc&utm_source=google,346.74
629146,1010,5432,TIKTOK,2026-04-26T16:04:36Z,4.87,https://valuetainment.com/?utm_medium=cpc&utm_campaign=PBD_COLD_SCALE&utm_source=facebook,29.89
849923,1008,5574,meta,06/08/2026 13:05,2.14,https://valuetainment.com/?utm_medium=Paid_Social&utm_campaign= brand_fx_sponsor &utm_source=TikTok,526.76
633447,1005,5203,google,11/08/2025 20:40,5.96,https://valuetainment.com/?utm_campaign=PBD_RETARGET_WARM&utm_source=Google&utm_medium=CPC,
821836,1004,5030,Google,2025-11-16T11:41:37Z,6.14,https://valuetainment.com/?utm_medium=Paid_Social&utm_campaign= sales_mastery_lnch &utm_source=facebook,211.11
559299,1009,5654,Google,2025-10-05T10:53:26Z,5.67,https://valuetainment.com/?utm_medium=CPC&utm_source=META&utm_campaign= leadership_101_ev ,61.44
841709,1003,5558,TIKTOK,2026-01-22T09:12:17Z,2.03,https://valuetainment.com/?utm_campaign= vt_summit_earlybird &utm_source=tiktok,129.55
830881,1012,5030,Meta,10/14/2025 01:19,9.85,https://valuetainment.com/?utm_source=facebook&utm_medium=CPC&utm_campaign=vt_summit_vip,357.81
566843,1014,5228,tiktok,05/20/2026 14:54,11.97,https://valuetainment.com/?utm_medium=CPC&utm_source=TikTok&utm_campaign=brand_protein_q2,
591293,1014,5281,GOOGLE,2025-12-17T04:33:26Z,8.72,https://valuetainment.com/?utm_campaign=brand--protein--q2!!&utm_medium=paid&utm_source=Google,71.71
268104,1015,5718,google,2026-04-29 07:07:55,0.7,https://valuetainment.com/?utm_source=META&utm_medium=Paid_Social&utm_campaign=pbd_yt_rem@rketing,115.19
211636,1009,5095,Meta,2026-05-03 06:08:10,,https://valuetainment.com/?utm_campaign=leadership101ev&utm_source=facebook,605.22
112559,1011,5284,tiktok,03/13/2026 07:02,0.58,https://valuetainment.com/?utm_campaign=consult_&utm_source=TikTok&utm_medium=ppc,
747968,1015,5025,google,2026-01-31 06:07:51,4.83,https://valuetainment.com/?utm_source=TikTok&utm_campaign=pbd_yt_r&utm_medium=cpc,
793543,1002,5114,GOOGLE,11/29/2025 15:16,0.5,https://valuetainment.com/?utm_source=Google&utm_medium=cpc&utm_campaign=brand_gs_promo,
994662,1013,5429,TikTok,2026-04-14 03:03:52,10.4,https://valuetainment.com/?utm_medium=ppc&utm_source=google&utm_campaign=PAT_LIB_BUNDLE,784.52
886240,1011,5890,Meta,2026-01-16 14:10:51,4.93,https://valuetainment.com/?utm_source=google&utm_campaign=consult_&utm_medium=Paid_Social,293.35
843064,1001,5432,META,2025-11-10 10:05:42,4.44,https://valuetainment.com/?utm_campaign=Pbd_pod_prosp_q1&utm_medium=Paid_Social&utm_source=facebook,114.24
831388,1009,5089,Meta,2026-05-04 20:31:28,10.36,https://valuetainment.com/?utm_source=tik_tok&utm_medium=ppc&utm_campaign=leadership101ev,746.85
479922,1009,5574,meta,2026-05-23 20:09:47,9.1,https://valuetainment.com/?utm_source=tik_tok&utm_medium=cpc&utm_campaign=le@dership_101_ev,421.85
968158,1013,5603,google,2025-12-30T10:15:57Z,10.5,https://valuetainment.com/?utm_source=tiktok&utm_campaign=pat-lib-bundle,188.5
119420,1015,5890,tik_tok,2026-05-20 09:22:48,2.27,https://valuetainment.com/?utm_campaign=pbd_yt_remarketing&utm_medium=cpc&utm_source=tiktok,404.22
409329,1003,5754,meta,2025-11-15T18:41:09Z,8.42,https://valuetainment.com/?utm_campaign=vt_summit_e@rlybird&utm_source=google,
168652,1011,5733,meta,2025-12-19T20:08:25Z,8.04,https://valuetainment.com/?utm_source=tik_tok&utm_campaign=CONSULT_DFY_RETGT,
531452,1009,5223,meta,2026-02-07 04:59:17,10.45,https://valuetainment.com/?utm_medium=CPC&utm_campaign=leadership--101--ev!!,37.45
887331,1005,5777,Google,2025-12-04T18:04:34Z,8.58,https://valuetainment.com/?utm_source=tik_tok&utm_medium=CPC&utm_campaign=pbd retarget warm,
803908,1010,5603,META ,2025-10-23 19:41:21,10.54,https://valuetainment.com/?utm_medium=CPC&utm_campaign=PBD_COLD_SCALE&utm_source=TikTok,79.75
655951,1007,5429,tiktok,04/24/2026 01:18,6.2,https://valuetainment.com/?utm_campaign=Vt_summit_lastcall&utm_medium=cpc&utm_source=TikTok,204.65
635678,1003,5114,google,2025-12-07 06:13:54,11.42,https://valuetainment.com/?utm_medium=ppc&utm_source=meta&utm_campaign=Vt_summit_earlybird,
995702,1003,5754,Meta,2025-12-19T09:39:39Z,7.57,https://valuetainment.com/?utm_medium=cpc&utm_source=facebook&utm_campaign=vt summit earlybird,623.53
784251,1003,5692,google,2025-10-11 02:59:02,2.65,https://valuetainment.com/?utm_source=tik_tok&utm_campaign=VT_SUMMIT_EARLYBIRD,
956033,1001,5238,Google,2026-04-25T13:49:52Z,11.56,https://valuetainment.com/?utm_medium=ppc&utm_campaign=pbd--pod--prosp--q1!!,324.39
495758,1002,5574,Google,2026-04-29T06:51:23Z,3.91,https://valuetainment.com/?utm_campaign=brand--gs--promo!!&utm_medium=Paid_Social,391.97
130075,1013,5281,GOOGLE,2026-02-11 03:48:13,11.63,https://valuetainment.com/?utm_source=TikTok&utm_campaign=pat lib bundle&utm_medium=cpc,326.42
111362,1005,5250,TikTok,2026-01-04 18:24:16,5.02,https://valuetainment.com/?utm_campaign=pbd retarget warm&utm_source=tiktok&utm_medium=cpc,393.99
533696,1002,5429,Google,2026-05-29 00:56:59,8.45,https://valuetainment.com/?utm_campaign=brand gs promo&utm_source=meta,
266786,1008,5604,meta,2026-06-08T09:35:07Z,11.43,https://valuetainment.com/?utm_medium=ppc&utm_campaign=brand_fx_sponsor&utm_source=facebook,
259145,1014,5665,Meta,2026-02-05T07:42:35Z,7.56,https://valuetainment.com/?utm_campaign=Brand_protein_q2&utm_medium=ppc&utm_source=Google,449.47
705698,1001,5432,Meta,03/25/2026 02:06,11.29,https://valuetainment.com/?utm_source=META&utm_campaign=PBD_POD_PROSP_Q1&utm_medium=cpc,
791287,1014,5517,META ,2026-03-31T20:51:27Z,6.92,https://valuetainment.com/?utm_medium=CPC&utm_source=tik_tok&utm_campaign=brand_pr,
631917,1002,5284,google,2025-10-18T16:39:56Z,0.87,https://valuetainment.com/?utm_source=tik_tok&utm_campaign= brand_gs_promo &utm_medium=paid,725.92
319891,1014,5095,meta,2025-12-06T10:17:42Z,6.72,https://valuetainment.com/?utm_medium=paid&utm_campaign=br@nd_pr0tein_q2&utm_source=Google,278.84
358457,1005,5238,Meta,2026-05-20T17:53:36Z,,https://valuetainment.com/?utm_source=meta&utm_medium=Paid_Social&utm_campaign=pbd_reta,
785376,1007,5095,meta,01/11/2026 00:46,,https://valuetainment.com/?utm_source=meta&utm_campaign=vt_summit_lastcall&utm_medium=paid,718.82
315773,1015,5104,META,2025-11-13T07:23:37Z,1.0,https://valuetainment.com/?utm_medium=cpc&utm_campaign=pbd--yt--remarketing!!,
303993,1008,5759,meta,2025-11-23 08:20:13,10.9,https://valuetainment.com/?utm_source=tik_tok&utm_campaign= brand_fx_sponsor &utm_medium=CPC,238.68
416592,1002,5558,TikTok,2025-12-24 19:45:02,5.16,https://valuetainment.com/?utm_campaign=BRAND_GS_PROMO&utm_source=meta&utm_medium=CPC,395.39
411113,1012,5006,meta,2026-04-28 03:42:16,1.39,https://valuetainment.com/?utm_campaign= vt_summit_vip &utm_source=tik_tok&utm_medium=paid,785.58
973489,1009,5025,meta,2026-02-19 10:48:38,7.46,https://valuetainment.com/?utm_campaign=LEADERSHIP_101_EV&utm_source=Google&utm_medium=Paid_Social,
228415,1009,5284,meta,2026-04-11T23:35:40Z,10.08,https://valuetainment.com/?utm_medium=ppc&utm_source=google&utm_campaign=leadersh,216.21
871411,1001,5432,TikTok,2026-03-23 07:34:00,6.69,https://valuetainment.com/?utm_medium=ppc&utm_source=Google&utm_campaign=pbd--pod--prosp--q1!!,94.21
483226,1005,5432,tiktok,2026-01-28 17:39:54,8.21,https://valuetainment.com/?utm_campaign=pbdretargetwarm,607.29
707065,1001,5828,meta,2026-01-12T23:34:00Z,7.55,https://valuetainment.com/?utm_source=facebook&utm_medium=CPC&utm_campaign=pbd_p0d_pr0sp_q1,346.95
289092,1010,5603,google,2026-04-10 07:43:14,12.13,https://valuetainment.com/?utm_medium=Paid_Social&utm_campaign=pbd cold scale&utm_source=TikTok,
363807,1009,5517,google,2026-04-06T05:35:30Z,11.38,https://valuetainment.com/?utm_campaign=leadership-101-ev&utm_medium=cpc,282.32
493483,1009,5558,Google,2026-02-02T16:45:37Z,11.54,https://valuetainment.com/?utm_campaign=leadersh&utm_source=google&utm_medium=cpc,484.6
451380,1002,5759,GOOGLE,2025-12-29 08:49:42,11.82,https://valuetainment.com/?utm_campaign=brand--gs--promo!!&utm_source=google&utm_medium=CPC,499.99
816945,1006,5281,meta,2026-03-07 18:09:02,5.92,https://valuetainment.com/?utm_campaign=ceo_boot,544.34
641751,1010,5429,meta,2026-04-17T07:53:16Z,5.09,https://valuetainment.com/?utm_medium=paid&utm_campaign=pbd_cold_scale&utm_source=Google,53.32
364369,1002,5250,META ,2026-05-09T11:30:35Z,10.07,https://valuetainment.com/?utm_source=META&utm_campaign=brandgspromo,
620438,1002,5250,tik_tok,2026-05-12T12:58:08Z,4.66,https://valuetainment.com/?utm_campaign=brand-gs-promo&utm_medium=paid&utm_source=facebook,
776498,1009,5777,Google,2026-05-13 00:41:01,7.19,https://valuetainment.com/?utm_campaign=leadership101ev&utm_medium=ppc,
185980,1014,5027,GOOGLE,2026-02-25 15:22:21,5.8,https://valuetainment.com/?utm_campaign=brandproteinq2&utm_medium=ppc&utm_source=Google,
679198,1015,5095,google,2025-11-06T02:31:10Z,1.66,https://valuetainment.com/?utm_medium=CPC&utm_source=Google&utm_campaign=pbd_yt_remarketing,744.63
874417,1013,5429,meta,2026-06-02T22:06:09Z,10.16,https://valuetainment.com/?utm_campaign=pat--lib--bundle!!&utm_source=tiktok&utm_medium=ppc,
858652,1004,5603,meta,2026-04-14T01:40:04Z,7.37,https://valuetainment.com/?utm_source=facebook&utm_campaign=sales_ma&utm_medium=cpc,262.47
632990,1013,5238,GOOGLE,2026-03-27T23:11:09Z,6.29,https://valuetainment.com/?utm_medium=ppc&utm_campaign=pat-lib-bundle,521.35
488837,1009,5718,Meta,2025-12-26T01:09:19Z,0.99,https://valuetainment.com/?utm_source=meta&utm_campaign=leadership101ev&utm_medium=CPC,
339465,1014,5104,Google,2026-01-04T14:30:00Z,10.55,https://valuetainment.com/?utm_campaign=brand protein q2&utm_source=Google,
746910,1014,5238,META,03/26/2026 00:54,4.83,https://valuetainment.com/?utm_source=meta&utm_medium=cpc&utm_campaign=brand--protein--q2!!,
592215,1002,5890,meta,2025-11-22T07:58:02Z,8.55,https://valuetainment.com/?utm_campaign= brand_gs_promo &utm_source=META&utm_medium=Paid_Social,415.0
253703,1013,5429,tik_tok,2026-02-14T05:30:58Z,1.65,https://valuetainment.com/?utm_campaign=pat_lib_&utm_source=TikTok&utm_medium=CPC,268.54
232352,1004,5432,TIKTOK,2026-02-21 06:21:08,1.83,https://valuetainment.com/?utm_source=meta&utm_campaign=sales-mastery-lnch&utm_medium=ppc,372.03
218475,1003,5432,Google,06/08/2026 21:36,4.99,https://valuetainment.com/?utm_medium=paid&utm_campaign=vt_summit_earlybird&utm_source=google,
171074,1009,5238,google,2025-12-27 03:06:22,12.1,https://valuetainment.com/?utm_campaign=leadership 101 ev&utm_source=google&utm_medium=cpc,
108440,1006,5558,META ,01/30/2026 14:20,8.08,https://valuetainment.com/?utm_source=tik_tok&utm_campaign=ceo-bootcamp-prosp&utm_medium=paid,58.3
124437,1003,5718,tik_tok,2026-02-22T02:13:34Z,4.53,https://valuetainment.com/?utm_medium=Paid_Social&utm_source=tiktok&utm_campaign=vtsummitearlybird,613.91
520216,1010,5095,Google,2026-04-22 12:49:49,2.43,https://valuetainment.com/?utm_campaign=pbd-cold-scale&utm_medium=ppc&utm_source=META,
549621,1004,5558,GOOGLE,2025-12-27T21:51:18Z,6.21,https://valuetainment.com/?utm_source=facebook&utm_campaign=sales-mastery-lnch&utm_medium=CPC,
140409,1010,5030,META,2026-02-19T10:28:44Z,,https://valuetainment.com/?utm_campaign=pbd_cold&utm_medium=CPC,
705137,1006,5777,META ,03/04/2026 12:21,4.64,https://valuetainment.com/?utm_medium=Paid_Social&utm_campaign=CEO_BOOTCAMP_PROSP&utm_source=META,
634054,1007,5114,meta,2025-10-25 23:40:43,6.13,https://valuetainment.com/?utm_campaign=Vt_summit_lastcall&utm_medium=Paid_Social,
233751,1014,5654,TikTok,05/06/2026 11:51,1.2,https://valuetainment.com/?utm_source=Google&utm_medium=cpc&utm_campaign=brand_protein_q2,774.32
889825,1011,5558,Google,2025-10-07 11:26:04,11.08,https://valuetainment.com/?utm_campaign=consult_&utm_medium=CPC&utm_source=meta,492.32
968296,1009,5032,meta,2025-10-06 03:05:31,7.73,https://valuetainment.com/?utm_medium=CPC&utm_source=TikTok&utm_campaign=LEADERSHIP_101_EV,64.15
502651,1008,5030,Google,2025-10-21 09:01:37,4.31,https://valuetainment.com/?utm_campaign= brand_fx_sponsor &utm_source=Google,
640950,1012,5203,meta,2026-01-13T15:04:35Z,2.26,https://valuetainment.com/?utm_medium=paid&utm_campaign=vt_summit_vip&utm_source=tiktok,98.35
893085,1008,5089,google,06/02/2026 01:24,7.59,https://valuetainment.com/?utm_campaign= brand_fx_sponsor &utm_source=tiktok,644.44
654064,1014,5828,google,2025-10-13T11:02:40Z,,https://valuetainment.com/?utm_campaign=brand--protein--q2!!&utm_medium=CPC,298.78
244758,1015,5228,TikTok,2025-12-15T03:49:38Z,0.73,https://valuetainment.com/?utm_campaign=pbd_yt_r&utm_source=facebook&utm_medium=Paid_Social,
589739,1003,5432,GOOGLE,2026-01-03 02:55:10,0.58,https://valuetainment.com/?utm_medium=Paid_Social&utm_source=Google&utm_campaign=VT_SUMMIT_EARLYBIRD,
953478,1014,5030,GOOGLE,10/02/2025 15:39,5.08,https://valuetainment.com/?utm_medium=paid&utm_source=META&utm_campaign=brand_pr,776.11
294761,1003,5429,TikTok,05/05/2026 16:54,3.18,https://valuetainment.com/?utm_source=tik_tok&utm_medium=cpc&utm_campaign=VT_SUMMIT_EARLYBIRD,
981312,1008,5429,TIKTOK,2026-05-18 01:33:50,3.25,https://valuetainment.com/?utm_campaign=Brand_fx_sponsor&utm_medium=paid&utm_source=google,401.23
904694,1009,5142,meta,2025-12-26 02:49:58,6.15,https://valuetainment.com/?utm_campaign=leadersh&utm_medium=CPC&utm_source=tiktok,572.73
751568,1001,5104,meta,2026-01-16T14:16:23Z,7.87,https://valuetainment.com/?utm_campaign= pbd_pod_prosp_q1 &utm_medium=Paid_Social&utm_source=facebook,
314942,1009,5459,TikTok,2026-01-13T10:22:21Z,8.65,https://valuetainment.com/?utm_campaign=leadership101ev&utm_source=facebook&utm_medium=paid,
325242,1010,5604,Meta,2026-02-03T03:45:57Z,5.13,https://valuetainment.com/?utm_campaign=pbd_cold&utm_medium=ppc&utm_source=TikTok,
581003,1011,5758,Google,2026-03-05T22:47:02Z,5.6,https://valuetainment.com/?utm_campaign=Consult_dfy_retgt&utm_medium=CPC&utm_source=META,
555473,1008,5114,META ,02/04/2026 15:52,9.85,https://valuetainment.com/?utm_campaign=brandfxsponsor&utm_source=Google,29.36
559305,1005,5027,META,2026-01-18 10:39:38,1.19,https://valuetainment.com/?utm_source=tik_tok&utm_medium=ppc&utm_campaign=pbdretargetwarm,500.86
325724,1015,5654,GOOGLE,2026-05-26T15:51:40Z,3.87,https://valuetainment.com/?utm_medium=ppc&utm_campaign=Pbd_yt_remarketing&utm_source=tik_tok,466.62
655218,1008,5203,google,12/01/2025 11:59,9.29,https://valuetainment.com/?utm_source=google&utm_campaign=brand-fx-sponsor&utm_medium=paid,
320423,1005,5032,GOOGLE,2026-04-10 10:10:23,4.84,https://valuetainment.com/?utm_campaign=pbd_retarget_warm&utm_medium=paid&utm_source=facebook,156.49
795381,1010,5890,google,2026-05-29T05:15:29Z,10.15,https://valuetainment.com/?utm_campaign=Pbd_cold_scale&utm_source=Google&utm_medium=Paid_Social,
242314,1012,5654,Google,2026-03-08 21:26:39,3.04,https://valuetainment.com/?utm_source=TikTok&utm_medium=CPC&utm_campaign=vtsummitvip,29.29
995969,1006,5225,META ,10/17/2025 21:58,6.17,https://valuetainment.com/?utm_campaign=Ceo_bootcamp_prosp&utm_source=Google,534.84
585496,1010,5250,Meta,2026-02-01T07:19:35Z,11.51,https://valuetainment.com/?utm_source=facebook&utm_campaign=pbd-cold-scale,
169556,1007,5025,META ,01/16/2026 17:27,8.94,https://valuetainment.com/?utm_campaign=vt_summit_l@stc@ll&utm_source=TikTok&utm_medium=CPC,618.33
979855,1009,5089,meta,2025-11-05 16:20:30,8.8,https://valuetainment.com/?utm_campaign=leadership 101 ev&utm_source=META,225.72
492781,1010,5828,google,11/26/2025 01:06,9.57,https://valuetainment.com/?utm_medium=paid&utm_campaign=pbd--cold--scale!!&utm_source=TikTok,
291238,1015,5238,tik_tok,05/17/2026 11:35,,https://valuetainment.com/?utm_medium=Paid_Social&utm_source=meta&utm_campaign=pbd_yt_rem@rketing,223.16
791792,1013,5223,META ,2026-01-17 21:07:28,1.72,https://valuetainment.com/?utm_source=Google&utm_campaign=pat--lib--bundle!!,23.38
152367,1012,5574,META,2026-01-29T01:49:48Z,,https://valuetainment.com/?utm_campaign=vt--summit--vip!!&utm_source=tik_tok,449.01
795764,1013,5692,Google,2025-12-03T23:34:40Z,6.89,https://valuetainment.com/?utm_medium=ppc&utm_campaign=PAT_LIB_BUNDLE&utm_source=facebook,
258612,1013,5913,meta,2025-10-22 04:36:10,11.57,https://valuetainment.com/?utm_source=facebook&utm_campaign=pat--lib--bundle!!&utm_medium=paid,351.99
586687,1005,5574,meta,2025-11-10 12:15:50,8.05,https://valuetainment.com/?utm_medium=ppc&utm_campaign=pbd retarget warm,79.42
741149,1015,5459,Meta,05/06/2026 15:20,4.46,https://valuetainment.com/?utm_medium=cpc&utm_source=Google&utm_campaign= pbd_yt_remarketing ,259.92
214466,1006,5604,Meta,2026-02-04T12:34:26Z,,https://valuetainment.com/?utm_campaign=CEO_BOOTCAMP_PROSP&utm_medium=CPC&utm_source=tik_tok,408.83
317453,1009,5517,google,02/05/2026 01:15,3.53,https://valuetainment.com/?utm_campaign=Leadership_101_ev&utm_source=META,53.58
140712,1015,5733,Meta,2026-02-13T08:59:19Z,1.95,https://valuetainment.com/?utm_source=TikTok&utm_campaign=pbd_yt_rem@rketing,129.89
324732,1010,5604,meta,2026-04-17T15:33:45Z,5.21,https://valuetainment.com/?utm_campaign=pbd_cold&utm_source=tik_tok,46.21
546901,1007,5754,Meta,2026-04-25T05:43:07Z,0.72,https://valuetainment.com/?utm_source=tiktok&utm_campaign=vt_summit_l@stc@ll&utm_medium=cpc,
535827,1015,5027,tik_tok,12/30/2025 19:32,5.44,https://valuetainment.com/?utm_campaign=pbd_yt_rem@rketing&utm_medium=ppc&utm_source=meta,543.55
735933,1014,5225,google,2026-05-12 12:45:34,9.79,https://valuetainment.com/?utm_source=tiktok&utm_medium=paid&utm_campaign=brand_pr,409.8
809821,1015,5616,meta,2026-01-01 10:31:50,10.84,https://valuetainment.com/?utm_campaign=pbd_yt_rem@rketing&utm_medium=cpc,64.24
842897,1013,5095,Meta,2026-04-23 10:02:29,11.1,https://valuetainment.com/?utm_source=google&utm_campaign= pat_lib_bundle &utm_medium=cpc,
692056,1001,5429,meta,2026-05-18T03:04:11Z,11.84,https://valuetainment.com/?utm_medium=cpc&utm_campaign=pbd pod prosp q1&utm_source=tik_tok,
532060,1010,5603,Meta,2025-10-28 05:17:05,2.02,https://valuetainment.com/?utm_source=TikTok&utm_medium=CPC&utm_campaign=pbd--cold--scale!!,413.71
929574,1015,5032,META,02/13/2026 12:49,9.28,https://valuetainment.com/?utm_medium=CPC&utm_source=TikTok&utm_campaign=pbdytremarketing,
849290,1004,5517,meta,2026-02-03 21:43:54,2.35,https://valuetainment.com/?utm_medium=Paid_Social&utm_source=facebook&utm_campaign=sales-mastery-lnch,
821255,1008,5281,Google,2026-02-18T11:50:34Z,0.79,https://valuetainment.com/?utm_campaign=brand_fx&utm_medium=Paid_Social&utm_source=tik_tok,394.44
602275,1015,5758,Meta,05/10/2026 05:35,2.64,https://valuetainment.com/?utm_source=META&utm_campaign=pbd_yt_r,
256489,1003,5754,META ,2026-03-04T05:32:08Z,,https://valuetainment.com/?utm_source=facebook&utm_campaign=Vt_summit_earlybird,777.67
539611,1005,5616,META ,02/03/2026 18:25,4.7,https://valuetainment.com/?utm_source=tiktok&utm_medium=ppc&utm_campaign=pbd_retarget_warm,749.45
596393,1008,5603,META,2025-11-24 15:20:18,7.94,https://valuetainment.com/?utm_medium=paid&utm_source=google&utm_campaign=brand-fx-sponsor,179.07
647084,1001,5429,TikTok,2026-05-13 00:42:13,3.8,https://valuetainment.com/?utm_source=tik_tok&utm_medium=cpc&utm_campaign=PBD_POD_PROSP_Q1,748.81
446734,1013,5459,META,12/19/2025 03:38,7.8,https://valuetainment.com/?utm_campaign=PAT_LIB_BUNDLE&utm_source=google&utm_medium=paid,790.93
978630,1007,5032,meta,2025-12-28T00:56:43Z,1.8,https://valuetainment.com/?utm_campaign=vt summit lastcall&utm_source=META&utm_medium=Paid_Social,433.2
901896,1002,5095,META ,01/09/2026 19:06,9.86,https://valuetainment.com/?utm_campaign=brand-gs-promo&utm_medium=Paid_Social&utm_source=TikTok,497.77
873048,1010,5284,tik_tok,04/04/2026 10:14,11.91,https://valuetainment.com/?utm_campaign=pbd--cold--scale!!&utm_medium=ppc,172.27
700200,1005,5250,google,12/18/2025 04:18,5.87,https://valuetainment.com/?utm_campaign=pbd_retarget_warm&utm_source=tik_tok&utm_medium=CPC,
125976,1001,5754,META,2026-04-24T23:14:48Z,8.3,https://valuetainment.com/?utm_campaign=pbd_pod_prosp_q1&utm_source=META&utm_medium=CPC,
492096,1003,5142,tik_tok,05/11/2026 12:16,,https://valuetainment.com/?utm_source=google&utm_medium=Paid_Social&utm_campaign=vt-summit-earlybird,793.05
281375,1014,5604,Google,01/12/2026 00:35,11.94,https://valuetainment.com/?utm_source=facebook&utm_campaign= brand_protein_q2 ,224.21
546456,1001,5027,Google,06/01/2026 08:51,9.41,https://valuetainment.com/?utm_medium=paid&utm_campaign=pbd_pod_&utm_source=TikTok,580.32
765615,1006,5025,meta,2025-11-22T02:50:50Z,10.51,https://valuetainment.com/?utm_source=meta&utm_campaign=ceo--bootcamp--prosp!!&utm_medium=cpc,623.26
979620,1014,5429,META,05/13/2026 22:42,,https://valuetainment.com/?utm_medium=CPC&utm_source=tiktok&utm_campaign=Brand_protein_q2,172.11
844037,1005,5114,Meta,2025-12-14 20:41:07,2.08,https://valuetainment.com/?utm_source=google&utm_campaign=pbd_retarget_warm&utm_medium=cpc,703.47
809217,1006,5665,Meta,2026-04-26 09:20:40,12.13,https://valuetainment.com/?utm_campaign=ceobootcampprosp&utm_source=TikTok&utm_medium=CPC,601.91
493486,1009,5284,TIKTOK,2025-12-18 12:42:24,1.86,https://valuetainment.com/?utm_source=google&utm_medium=paid&utm_campaign=leadership101ev,7.62
216349,1008,5654,google,01/08/2026 17:52,7.04,https://valuetainment.com/?utm_medium=paid&utm_source=tik_tok&utm_campaign=brand_fx_sponsor,54.72
448632,1003,5114,Meta,12/10/2025 15:52,10.91,https://valuetainment.com/?utm_medium=Paid_Social&utm_campaign=vt summit earlybird&utm_source=Google,
545267,1007,5203,Meta,12/18/2025 06:47,6.62,https://valuetainment.com/?utm_campaign=Vt_summit_lastcall,
668950,1011,5429,GOOGLE,2026-03-21 16:07:13,1.1,https://valuetainment.com/?utm_source=Google&utm_medium=paid&utm_campaign=Consult_dfy_retgt,498.11
178042,1002,5558,meta,2026-03-01T11:39:02Z,4.37,https://valuetainment.com/?utm_campaign=brandgspromo&utm_source=TikTok,577.01
283509,1014,5558,meta,2025-10-11 21:52:24,1.34,https://valuetainment.com/?utm_medium=paid&utm_campaign=br@nd_pr0tein_q2&utm_source=google,
450574,1003,5284,meta,2026-05-02 19:58:36,2.34,https://valuetainment.com/?utm_medium=paid&utm_campaign=vt--summit--earlybird!!&utm_source=tik_tok,581.66
761208,1006,5777,Google,02/05/2026 07:03,11.26,https://valuetainment.com/?utm_medium=CPC&utm_source=Google&utm_campaign=ceo--bootcamp--prosp!!,
161204,1007,5665,Google,03/21/2026 17:36,10.86,https://valuetainment.com/?utm_campaign=vt-summit-lastcall&utm_source=META&utm_medium=CPC,332.41
208599,1006,5517,Meta,05/21/2026 07:25,7.91,https://valuetainment.com/?utm_source=meta&utm_campaign=ceo--bootcamp--prosp!!,
244396,1007,5025,tiktok,2025-11-21T12:26:11Z,12.41,https://valuetainment.com/?utm_campaign=vt_summi&utm_source=facebook,
412843,1006,5517,meta,11/09/2025 08:32,0.51,https://valuetainment.com/?utm_medium=Paid_Social&utm_campaign=CEO_BOOTCAMP_PROSP&utm_source=google,148.93
541249,1015,5913,meta,2025-11-04 17:21:13,11.41,https://valuetainment.com/?utm_medium=cpc&utm_source=facebook&utm_campaign= pbd_yt_remarketing ,570.21
712356,1013,5604,Meta,2026-04-26T06:20:50Z,12.19,https://valuetainment.com/?utm_campaign= pat_lib_bundle &utm_source=google&utm_medium=cpc,
143860,1003,5517,Meta,2026-01-05T21:47:08Z,11.28,https://valuetainment.com/?utm_source=tiktok&utm_campaign=Vt_summit_earlybird&utm_medium=cpc,688.56
296928,1008,5142,GOOGLE,04/27/2026 08:44,1.76,https://valuetainment.com/?utm_source=meta&utm_medium=Paid_Social&utm_campaign=brandfxsponsor,623.94
120845,1008,5777,META,2026-01-12 23:54:04,5.37,https://valuetainment.com/?utm_medium=paid&utm_campaign=brand fx sponsor,
614237,1003,5203,Meta,2026-03-13 23:22:55,0.55,https://valuetainment.com/?utm_campaign=vt_summi&utm_medium=ppc&utm_source=meta,
378868,1002,5718,TIKTOK,2025-11-08 04:05:00,3.77,https://valuetainment.com/?utm_campaign=brand--gs--promo!!&utm_medium=Paid_Social,353.74
872854,1011,5281,TikTok,2025-10-15 05:42:54,,https://valuetainment.com/?utm_medium=paid&utm_campaign=consult_&utm_source=Google,587.63
842454,1013,5733,google,2026-02-20T11:02:47Z,1.1,https://valuetainment.com/?utm_source=tik_tok&utm_campaign=pat--lib--bundle!!&utm_medium=paid,216.2
724103,1003,5223,TikTok,10/13/2025 06:47,9.88,https://valuetainment.com/?utm_source=meta&utm_medium=Paid_Social&utm_campaign=vt--summit--earlybird!!,
509824,1003,5758,Google,2026-02-08 08:00:43,9.24,https://valuetainment.com/?utm_medium=Paid_Social&utm_campaign=Vt_summit_earlybird&utm_source=META,19.34
565917,1014,5238,META ,11/01/2025 02:13,8.94,https://valuetainment.com/?utm_medium=Paid_Social&utm_campaign=brandproteinq2&utm_source=META,359.19
847263,1011,5758,meta,2025-11-04T06:29:20Z,9.85,https://valuetainment.com/?utm_medium=cpc&utm_campaign=consultdfyretgt&utm_source=Google,765.75
781223,1014,5558,google,2026-02-26T18:31:49Z,2.78,https://valuetainment.com/?utm_source=META&utm_campaign=Brand_protein_q2&utm_medium=paid,2.24
840377,1011,5759,Google,04/12/2026 20:56,5.59,https://valuetainment.com/?utm_campaign=consult_dfy_retgt&utm_source=meta&utm_medium=paid,375.81
289410,1002,5828,google,04/21/2026 02:21,0.62,https://valuetainment.com/?utm_campaign=br@nd_gs_pr0m0&utm_medium=ppc&utm_source=google,208.0
204158,1002,5250,meta,01/28/2026 03:31,3.89,https://valuetainment.com/?utm_campaign=brand_gs_promo&utm_source=META,
192044,1003,5228,META ,2025-11-23 07:37:02,6.6,https://valuetainment.com/?utm_medium=paid&utm_campaign=VT_SUMMIT_EARLYBIRD&utm_source=tiktok,364.73
848568,1011,5238,meta,12/24/2025 00:38,7.88,https://valuetainment.com/?utm_medium=cpc&utm_campaign=consult_dfy_retgt&utm_source=facebook,
949257,1008,5429,GOOGLE,2025-10-15 18:19:24,12.03,https://valuetainment.com/?utm_source=tik_tok&utm_medium=cpc&utm_campaign=br@nd_fx_sp0ns0r,
415997,1006,5203,META ,02/08/2026 18:04,6.7,https://valuetainment.com/?utm_medium=ppc&utm_source=META&utm_campaign=ceo-bootcamp-prosp,
235729,1009,5006,google,01/27/2026 19:16,1.66,https://valuetainment.com/?utm_source=TikTok&utm_medium=cpc&utm_campaign=leadership--101--ev!!,341.44
565765,1008,5142,google,2025-10-07 21:37:13,5.85,https://valuetainment.com/?utm_medium=Paid_Social&utm_campaign=brand_fx_sponsor&utm_source=tik_tok,357.65
572186,1004,5432,meta,2026-01-24T05:59:01Z,9.34,https://valuetainment.com/?utm_source=tik_tok&utm_campaign=sales-mastery-lnch&utm_medium=cpc,
295111,1003,5250,Meta,04/13/2026 05:17,11.85,https://valuetainment.com/?utm_source=META&utm_campaign=vtsummitearlybird&utm_medium=paid,157.43
375782,1009,5142,Google,2025-10-16 10:33:02,12.15,https://valuetainment.com/?utm_source=META&utm_medium=paid&utm_campaign=leadersh,465.7
306698,1004,5032,google,2025-11-16 07:34:28,,https://valuetainment.com/?utm_campaign= sales_mastery_lnch &utm_source=META&utm_medium=Paid_Social,37.43
648635,1010,5089,meta,2026-05-22 18:30:25,1.34,https://valuetainment.com/?utm_medium=paid&utm_campaign=pbd cold scale&utm_source=TikTok,714.56
402865,1008,5517,meta,2026-04-07 04:52:57,4.24,https://valuetainment.com/?utm_campaign=Brand_fx_sponsor&utm_medium=paid&utm_source=tik_tok,42.89
270260,1014,5604,google,2026-03-10T20:27:32Z,6.67,https://valuetainment.com/?utm_campaign= brand_protein_q2 &utm_source=Google,24.81
786796,1003,5665,meta,2026-01-12 17:31:55,11.72,https://valuetainment.com/?utm_medium=paid&utm_campaign=vtsummitearlybird&utm_source=google,
912819,1008,5777,google,2026-03-19T16:10:37Z,1.17,https://valuetainment.com/?utm_medium=ppc&utm_campaign=Brand_fx_sponsor&utm_source=google,673.9
781249,1009,5104,meta,2026-04-24T23:41:52Z,10.03,https://valuetainment.com/?utm_campaign=Leadership_101_ev&utm_medium=CPC&utm_source=tik_tok,264.87
335204,1004,5142,Meta,2026-06-01T07:10:15Z,7.89,https://valuetainment.com/?utm_source=TikTok&utm_medium=ppc&utm_campaign=sales--mastery--lnch!!,84.45
734005,1007,5459,TIKTOK,2025-12-14T21:58:54Z,9.82,https://valuetainment.com/?utm_medium=Paid_Social&utm_campaign=Vt_summit_lastcall&utm_source=Google,728.32
569171,1004,5142,meta,2026-03-06T01:30:47Z,11.88,https://valuetainment.com/?utm_medium=cpc&utm_source=TikTok&utm_campaign= sales_mastery_lnch ,611.45
624344,1015,5095,TIKTOK,2026-02-05 03:00:39,4.55,https://valuetainment.com/?utm_medium=cpc&utm_campaign=pbd-yt-remarketing,699.1
593580,1002,5733,meta,2025-10-17T10:15:50Z,4.9,https://valuetainment.com/?utm_source=facebook&utm_campaign=brand_gs_promo,337.23
630496,1006,5758,Meta,2026-04-19T06:50:27Z,7.73,https://valuetainment.com/?utm_campaign=ce0_b00tc@mp_pr0sp&utm_medium=cpc&utm_source=facebook,40.25
545764,1003,5828,tiktok,12/15/2025 14:53,5.8,https://valuetainment.com/?utm_campaign=VT_SUMMIT_EARLYBIRD&utm_source=tik_tok,411.9
398574,1002,5759,Google,11/11/2025 07:31,0.89,https://valuetainment.com/?utm_campaign= brand_gs_promo &utm_source=tiktok&utm_medium=Paid_Social,66.87
411941,1005,5574,meta,2026-05-28T14:17:41Z,,https://valuetainment.com/?utm_source=meta&utm_campaign=pbd_reta,558.72
315025,1012,5104,META,06/01/2026 23:36,7.22,https://valuetainment.com/?utm_source=facebook&utm_campaign=vt--summit--vip!!,109.12
814562,1013,5225,Google,2026-05-25T09:51:28Z,9.71,https://valuetainment.com/?utm_source=tiktok&utm_medium=ppc&utm_campaign=pat--lib--bundle!!,
718555,1001,5225,Google,05/19/2026 11:35,7.24,https://valuetainment.com/?utm_campaign= pbd_pod_prosp_q1 &utm_source=Google&utm_medium=CPC,421.31
856035,1013,5459,google,2026-04-27 09:06:52,,https://valuetainment.com/?utm_source=google&utm_campaign=PAT_LIB_BUNDLE,
709670,1012,5006,meta,2025-11-13 01:28:32,4.99,https://valuetainment.com/?utm_campaign=vt_summi&utm_medium=CPC,
775208,1005,5665,Google,02/03/2026 10:01,6.17,https://valuetainment.com/?utm_campaign=pbd_reta&utm_source=TikTok&utm_medium=CPC,66.8
218152,1004,5758,meta,2025-10-17 17:51:59,8.71,https://valuetainment.com/?utm_source=tiktok&utm_campaign=sales_ma,379.53
793715,1012,5203,TikTok,01/24/2026 14:16,9.92,https://valuetainment.com/?utm_campaign=vt--summit--vip!!&utm_medium=ppc&utm_source=TikTok,36.21
624867,1007,5095,TikTok,2026-01-29T04:04:34Z,5.5,https://valuetainment.com/?utm_campaign=vt_summit_lastcall&utm_medium=ppc&utm_source=meta,240.24
749994,1010,5828,Google,2026-03-08 12:31:35,5.08,https://valuetainment.com/?utm_medium=paid&utm_campaign=pbd cold scale&utm_source=tiktok,773.2
559034,1013,5142,Meta,05/14/2026 23:12,9.54,https://valuetainment.com/?utm_medium=ppc&utm_campaign=pat_lib_,258.21
727281,1002,5429,GOOGLE,2026-04-22 23:36:19,8.02,https://valuetainment.com/?utm_medium=Paid_Social&utm_source=tik_tok&utm_campaign=brand-gs-promo,
109708,1007,5032,Google,2026-02-03T04:51:23Z,5.7,https://valuetainment.com/?utm_source=META&utm_campaign=vt-summit-lastcall&utm_medium=CPC,
316277,1006,5603,google,2025-11-23T07:35:53Z,4.95,https://valuetainment.com/?utm_source=tiktok&utm_campaign=ceo_bootcamp_prosp&utm_medium=CPC,134.05
970370,1002,5095,META,2025-10-21 10:11:22,10.73,https://valuetainment.com/?utm_medium=CPC&utm_campaign=BRAND_GS_PROMO&utm_source=google,26.03
649939,1013,5027,Meta,04/27/2026 21:51,5.47,https://valuetainment.com/?utm_medium=paid&utm_campaign=pat_lib_&utm_source=google,
922116,1002,5225,meta,2026-03-11T12:45:36Z,6.78,https://valuetainment.com/?utm_source=tik_tok&utm_campaign=BRAND_GS_PROMO&utm_medium=ppc,416.49
633690,1002,5913,google,2025-10-22T01:22:07Z,3.14,https://valuetainment.com/?utm_campaign=brand_gs,108.65
781187,1001,5759,google,2026-03-31 23:03:56,10.19,https://valuetainment.com/?utm_source=TikTok&utm_medium=cpc&utm_campaign=pbd--pod--prosp--q1!!,
304492,1015,5654,google,2026-01-17T13:43:48Z,,https://valuetainment.com/?utm_source=facebook&utm_campaign=pbd_yt_r&utm_medium=CPC,
814923,1015,5089,google,2026-01-06T20:52:40Z,9.77,https://valuetainment.com/?utm_campaign=pbd-yt-remarketing&utm_source=tiktok,
149607,1015,5665,google,2026-01-22 10:09:49,0.65,https://valuetainment.com/?utm_medium=cpc&utm_source=TikTok&utm_campaign=pbd_yt_remarketing,487.41
979917,1003,5828,google,2025-10-28 10:33:15,7.68,https://valuetainment.com/?utm_source=Google&utm_medium=ppc&utm_campaign= vt_summit_earlybird ,42.44
434836,1015,5225,tik_tok,10/19/2025 09:28,8.18,https://valuetainment.com/?utm_medium=CPC&utm_campaign=Pbd_yt_remarketing&utm_source=tik_tok,
386740,1014,5432,Google,2025-12-18T23:47:05Z,5.11,https://valuetainment.com/?utm_medium=Paid_Social&utm_source=TikTok&utm_campaign=brand_pr,564.19
576084,1003,5603,Google,2026-03-22 18:48:36,4.25,https://valuetainment.com/?utm_source=META&utm_campaign=vt_summit_earlybird&utm_medium=ppc,259.32
821673,1015,5095,meta,01/11/2026 10:06,3.58,https://valuetainment.com/?utm_source=tik_tok&utm_campaign=pbd_yt_r,88.64
430876,1004,5228,tiktok,2026-01-29T04:55:17Z,3.25,https://valuetainment.com/?utm_source=facebook&utm_campaign= sales_mastery_lnch &utm_medium=paid,203.5
126240,1008,5777,Meta,2026-06-09 12:33:27,11.82,https://valuetainment.com/?utm_campaign=brand_fx&utm_source=TikTok,
419504,1009,5225,meta,2025-12-18 02:37:17,1.76,https://valuetainment.com/?utm_source=META&utm_campaign=LEADERSHIP_101_EV,151.9
854722,1001,5517,google,2026-02-06 15:43:14,,https://valuetainment.com/?utm_source=TikTok&utm_campaign=pbd--pod--prosp--q1!!&utm_medium=paid,
618253,1002,5228,google,10/09/2025 12:39,11.45,https://valuetainment.com/?utm_source=TikTok&utm_medium=cpc&utm_campaign=BRAND_GS_PROMO,
371974,1004,5281,Meta,2026-04-29T12:10:36Z,5.23,https://valuetainment.com/?utm_source=facebook&utm_campaign=salesmasterylnch&utm_medium=CPC,
894348,1003,5890,meta,2025-11-21 19:06:24,8.84,https://valuetainment.com/?utm_source=tik_tok&utm_campaign=vt-summit-earlybird,350.93
311339,1011,5604,google,04/08/2026 21:00,2.21,https://valuetainment.com/?utm_source=facebook&utm_medium=Paid_Social&utm_campaign=consult_,150.4
984263,1014,5692,google,01/10/2026 21:11,6.51,https://valuetainment.com/?utm_source=TikTok&utm_campaign= brand_protein_q2 &utm_medium=ppc,
313111,1008,5459,Meta,03/22/2026 14:56,,https://valuetainment.com/?utm_campaign=brandfxsponsor&utm_source=tik_tok,246.83
717444,1008,5759,Meta,11/25/2025 13:58,4.5,https://valuetainment.com/?utm_source=facebook&utm_medium=CPC&utm_campaign= brand_fx_sponsor ,
739976,1002,5517,google,10/21/2025 00:09,2.52,https://valuetainment.com/?utm_campaign=brand gs promo&utm_medium=CPC,
444094,1005,5759,Google,01/25/2026 15:23,4.07,https://valuetainment.com/?utm_medium=cpc&utm_source=META&utm_campaign=Pbd_retarget_warm,793.05
700033,1008,5890,meta,2025-10-20 17:54:26,3.0,https://valuetainment.com/?utm_medium=CPC&utm_source=tiktok&utm_campaign=Brand_fx_sponsor,648.6
364905,1012,5284,GOOGLE,2025-12-27T22:03:11Z,2.04,https://valuetainment.com/?utm_medium=Paid_Social&utm_source=META&utm_campaign=Vt_summit_vip,
329157,1009,5095,meta,03/24/2026 15:48,1.68,https://valuetainment.com/?utm_medium=CPC&utm_source=meta&utm_campaign=leadership--101--ev!!,601.08
130502,1002,5558,tik_tok,10/08/2025 08:52,9.48,https://valuetainment.com/?utm_source=google&utm_campaign=brand gs promo&utm_medium=ppc,545.77
709479,1012,5654,tiktok,2026-02-05T11:54:53Z,12.3,https://valuetainment.com/?utm_source=META&utm_campaign=vt--summit--vip!!&utm_medium=Paid_Social,712.42
262671,1003,5203,Meta,05/07/2026 15:30,11.07,https://valuetainment.com/?utm_source=meta&utm_medium=Paid_Social&utm_campaign=vt_summit_earlybird,400.79
640055,1012,5574,meta,2026-01-31T07:11:53Z,10.91,https://valuetainment.com/?utm_medium=CPC&utm_campaign=vt_summi&utm_source=facebook,385.26
867824,1005,5032,Meta,2026-01-29T05:35:16Z,8.81,https://valuetainment.com/?utm_source=facebook&utm_campaign=pbd-retarget-warm&utm_medium=Paid_Social,
377535,1015,5089,Google,03/31/2026 13:40,4.79,https://valuetainment.com/?utm_campaign=pbd_yt_remarketing&utm_source=meta&utm_medium=Paid_Social,537.35
211616,1005,5459,tiktok,2026-05-13T08:30:43Z,7.21,https://valuetainment.com/?utm_campaign= pbd_retarget_warm &utm_medium=paid&utm_source=google,555.78
414107,1001,5558,google,2025-10-30T03:09:52Z,7.56,https://valuetainment.com/?utm_source=META&utm_campaign=Pbd_pod_prosp_q1,205.41
367032,1015,5114,tiktok,2026-05-17 19:56:22,2.42,https://valuetainment.com/?utm_campaign=pbdytremarketing&utm_source=tiktok&utm_medium=cpc,
857830,1002,5223,meta,11/28/2025 10:49,7.88,https://valuetainment.com/?utm_source=TikTok&utm_medium=paid&utm_campaign=br@nd_gs_pr0m0,
239703,1008,5006,Google,2025-12-02T04:47:47Z,5.21,https://valuetainment.com/?utm_campaign= brand_fx_sponsor &utm_source=TikTok&utm_medium=cpc,71.85
681337,1009,5114,Google,2026-05-11 04:26:19,9.36,https://valuetainment.com/?utm_campaign=leadersh&utm_source=Google,676.25
116539,1015,5692,google,2026-05-21T04:22:09Z,5.91,https://valuetainment.com/?utm_campaign= pbd_yt_remarketing &utm_medium=ppc&utm_source=tik_tok,
832586,1010,5225,meta,12/07/2025 07:16,4.72,https://valuetainment.com/?utm_campaign=PBD_COLD_SCALE&utm_source=google,674.18
179129,1013,5114,Google,2025-12-25 14:24:26,8.31,https://valuetainment.com/?utm_campaign=pat_lib_&utm_medium=Paid_Social&utm_source=google,80.0
963474,1012,5006,meta,04/24/2026 08:15,0.91,https://valuetainment.com/?utm_campaign=vt_summi&utm_medium=CPC&utm_source=TikTok,
468976,1009,5654,meta,11/05/2025 05:57,10.26,https://valuetainment.com/?utm_source=meta&utm_medium=Paid_Social&utm_campaign=leadership--101--ev!!,
555707,1003,5429,meta,2025-11-22T19:11:41Z,8.48,https://valuetainment.com/?utm_campaign=vt-summit-earlybird&utm_source=meta,
862627,1004,5225,META ,2026-06-08T12:30:09Z,6.12,https://valuetainment.com/?utm_source=TikTok&utm_campaign=Sales_mastery_lnch&utm_medium=CPC,51.9
571345,1012,5432,google,2026-03-19T21:56:02Z,12.37,https://valuetainment.com/?utm_medium=CPC&utm_campaign=vtsummitvip&utm_source=google,159.79
318598,1005,5913,TikTok,2025-10-23T03:27:55Z,6.42,https://valuetainment.com/?utm_campaign=pbdretargetwarm&utm_source=google,
394739,1009,5828,Meta,2026-04-18T18:41:42Z,2.48,https://valuetainment.com/?utm_source=META&utm_medium=cpc&utm_campaign=leadership 101 ev,234.11
413686,1011,5250,meta,2025-11-30T21:19:29Z,11.09,https://valuetainment.com/?utm_medium=ppc&utm_source=TikTok&utm_campaign=consult--dfy--retgt!!,732.28
177867,1013,5665,META,2026-02-02 04:05:21,,https://valuetainment.com/?utm_source=Google&utm_campaign=Pat_lib_bundle&utm_medium=ppc,
982459,1008,5733,meta,2025-11-12 22:29:45,10.53,https://valuetainment.com/?utm_medium=ppc&utm_campaign=BRAND_FX_SPONSOR&utm_source=facebook,
875679,1013,5517,meta,11/07/2025 22:29,12.36,https://valuetainment.com/?utm_campaign=p@t_lib_bundle&utm_medium=paid&utm_source=meta,400.63
488371,1006,5574,Google,12/23/2025 02:53,3.29,https://valuetainment.com/?utm_medium=Paid_Social&utm_source=google&utm_campaign=ceo_boot,393.49
707723,1001,5281,google,12/09/2025 19:53,3.78,https://valuetainment.com/?utm_medium=CPC&utm_source=Google&utm_campaign=pbd--pod--prosp--q1!!,251.22
924733,1006,5758,meta,2026-01-02 00:34:23,7.39,https://valuetainment.com/?utm_source=Google&utm_medium=Paid_Social&utm_campaign=ceo-bootcamp-prosp,675.39
555898,1014,5828,Meta,10/31/2025 00:07,2.55,https://valuetainment.com/?utm_campaign=brand-protein-q2&utm_source=Google,43.65
985007,1015,5429,google,2025-10-20 07:43:36,8.49,https://valuetainment.com/?utm_campaign=pbd-yt-remarketing&utm_medium=CPC&utm_source=TikTok,371.95
317551,1008,5030,meta,2025-12-04T10:03:03Z,2.81,https://valuetainment.com/?utm_campaign=brand_fx&utm_medium=paid&utm_source=google,419.8
235158,1009,5250,tiktok,03/16/2026 06:14,7.85,https://valuetainment.com/?utm_medium=cpc&utm_source=META&utm_campaign=leadership_101_ev,
601142,1010,5558,Meta,11/05/2025 15:37,12.22,https://valuetainment.com/?utm_medium=CPC&utm_campaign=pbd_c0ld_sc@le&utm_source=meta,
881718,1004,5203,Meta,2026-04-08T03:18:04Z,10.25,https://valuetainment.com/?utm_source=tiktok&utm_campaign=SALES_MASTERY_LNCH&utm_medium=CPC,
210790,1003,5558,google,01/28/2026 17:38,6.07,https://valuetainment.com/?utm_source=meta&utm_medium=CPC&utm_campaign=VT_SUMMIT_EARLYBIRD,428.74
522576,1011,5616,Meta,01/26/2026 23:29,,https://valuetainment.com/?utm_medium=ppc&utm_campaign= consult_dfy_retgt &utm_source=TikTok,274.54
729238,1011,5718,TIKTOK,04/16/2026 02:20,3.26,https://valuetainment.com/?utm_campaign=consult-dfy-retgt&utm_source=facebook&utm_medium=cpc,797.43
684583,1010,5828,GOOGLE,10/16/2025 18:37,7.9,https://valuetainment.com/?utm_source=META&utm_campaign= pbd_cold_scale &utm_medium=CPC,666.47
496123,1008,5284,Google,05/04/2026 06:35,1.37,https://valuetainment.com/?utm_campaign=brand--fx--sponsor!!,611.42
538190,1015,5114,GOOGLE,2026-03-21T05:00:59Z,2.61,https://valuetainment.com/?utm_medium=paid&utm_source=Google&utm_campaign=pbd_yt_r,591.76
610168,1004,5429,tiktok,10/24/2025 05:00,6.46,https://valuetainment.com/?utm_campaign=s@les_m@stery_lnch&utm_medium=cpc&utm_source=meta,681.28
775918,1012,5574,META,2026-01-04 23:28:04,9.41,https://valuetainment.com/?utm_campaign=vt_summi&utm_source=tiktok&utm_medium=ppc,129.25
279582,1003,5032,META,2026-02-08 19:30:59,7.41,https://valuetainment.com/?utm_medium=Paid_Social&utm_campaign=vt_summi,128.66
292257,1009,5095,google,2025-12-06T20:07:09Z,10.04,https://valuetainment.com/?utm_source=google&utm_campaign= leadership_101_ev &utm_medium=Paid_Social,324.59
204565,1015,5718,GOOGLE,05/01/2026 19:32,7.72,https://valuetainment.com/?utm_source=meta&utm_medium=Paid_Social&utm_campaign=Pbd_yt_remarketing,736.0
327497,1011,5558,meta,2026-03-21 18:14:33,5.18,https://valuetainment.com/?utm_source=tik_tok&utm_campaign=consult dfy retgt&utm_medium=paid,653.31
363313,1004,5517,tik_tok,2026-04-06T09:43:23Z,1.61,https://valuetainment.com/?utm_medium=Paid_Social&utm_source=tiktok&utm_campaign=sales mastery lnch,
195641,1001,5718,GOOGLE,11/09/2025 21:18,7.78,https://valuetainment.com/?utm_medium=ppc&utm_campaign=Pbd_pod_prosp_q1,
409783,1002,5104,META,01/30/2026 03:01,12.04,https://valuetainment.com/?utm_campaign=Brand_gs_promo&utm_source=google&utm_medium=Paid_Social,
480211,1001,5429,Meta,2025-12-27 23:32:03,11.91,https://valuetainment.com/?utm_medium=paid&utm_source=meta&utm_campaign=pbd_pod_,
719196,1007,5032,meta,05/02/2026 20:05,7.01,https://valuetainment.com/?utm_source=tik_tok&utm_campaign=vt_summit_l@stc@ll&utm_medium=ppc,
975569,1014,5654,Google,2025-11-24 23:12:38,,https://valuetainment.com/?utm_medium=CPC&utm_campaign=brand_protein_q2&utm_source=TikTok,404.64
351177,1010,5604,Google,2025-10-06T09:25:59Z,2.23,https://valuetainment.com/?utm_medium=cpc&utm_campaign=pbdcoldscale&utm_source=google,179.41
297132,1007,5718,GOOGLE,03/25/2026 20:05,2.65,https://valuetainment.com/?utm_campaign=vtsummitlastcall&utm_source=TikTok,
764261,1005,5558,Google,04/24/2026 23:41,3.82,https://valuetainment.com/?utm_medium=ppc&utm_campaign=Pbd_retarget_warm,
731311,1002,5025,META,2025-11-12T18:31:30Z,4.01,https://valuetainment.com/?utm_source=tiktok&utm_campaign=brand_gs_promo,590.78
419764,1013,5604,GOOGLE,03/24/2026 08:25,12.12,https://valuetainment.com/?utm_source=tiktok&utm_medium=ppc&utm_campaign=p@t_lib_bundle,776.3
179029,1015,5142,google,12/05/2025 20:56,10.61,https://valuetainment.com/?utm_campaign= pbd_yt_remarketing &utm_source=tik_tok,332.31
595749,1003,5027,meta,03/01/2026 08:39,11.46,https://valuetainment.com/?utm_medium=ppc&utm_campaign=VT_SUMMIT_EARLYBIRD,275.43
513962,1012,5250,GOOGLE,03/02/2026 08:33,8.04,https://valuetainment.com/?utm_campaign=vt_summi&utm_source=tik_tok,714.57
519758,1004,5114,Google,2025-11-14 17:38:31,12.38,https://valuetainment.com/?utm_campaign=salesmasterylnch&utm_medium=CPC&utm_source=TikTok,58.98
257375,1015,5203,Meta,2026-02-02 23:24:43,12.02,https://valuetainment.com/?utm_source=tiktok&utm_medium=Paid_Social&utm_campaign=pbd_yt_r,
726612,1010,5603,META,02/12/2026 19:50,9.47,https://valuetainment.com/?utm_campaign=PBD_COLD_SCALE&utm_source=google&utm_medium=ppc,347.98
343092,1013,5692,google,10/01/2025 02:18,1.55,https://valuetainment.com/?utm_campaign=pat-lib-bundle&utm_medium=cpc&utm_source=facebook,117.19
138361,1003,5225,Meta,2026-01-15T00:11:39Z,10.58,https://valuetainment.com/?utm_campaign=vt summit earlybird&utm_source=META&utm_medium=CPC,28.1
158487,1011,5558,Meta,2025-10-09 23:16:15,7.77,https://valuetainment.com/?utm_campaign=CONSULT_DFY_RETGT&utm_source=tiktok&utm_medium=paid,745.51
116112,1009,5030,TikTok,2026-05-06T03:19:08Z,1.28,https://valuetainment.com/?utm_medium=CPC&utm_source=tiktok&utm_campaign=leadersh,
468570,1015,5027,meta,2026-06-08T03:38:31Z,10.72,https://valuetainment.com/?utm_medium=CPC&utm_source=TikTok&utm_campaign= pbd_yt_remarketing ,
633188,1003,5604,google,2026-06-03 17:19:56,1.26,https://valuetainment.com/?utm_medium=CPC&utm_campaign=vt--summit--earlybird!!&utm_source=Google,
910733,1003,5718,google,2026-01-11T12:21:48Z,4.19,https://valuetainment.com/?utm_source=Google&utm_campaign= vt_summit_earlybird &utm_medium=cpc,
975033,1014,5616,Google,04/13/2026 12:16,2.25,https://valuetainment.com/?utm_campaign=brand--protein--q2!!&utm_medium=ppc,127.0
929929,1002,5284,meta,11/28/2025 22:57,9.81,https://valuetainment.com/?utm_source=tik_tok&utm_medium=cpc&utm_campaign=brand_gs,668.76
678985,1004,5025,Google,2026-04-27 21:44:23,9.55,https://valuetainment.com/?utm_source=TikTok&utm_campaign=sales_mastery_lnch&utm_medium=cpc,
578259,1006,5223,meta,2026-05-21T02:33:09Z,8.79,https://valuetainment.com/?utm_source=facebook&utm_medium=cpc&utm_campaign= ceo_bootcamp_prosp ,
628434,1011,5665,meta,2025-11-26 20:47:50,2.84,https://valuetainment.com/?utm_medium=cpc&utm_source=META&utm_campaign=consult_,49.18
311765,1003,5114,meta,2026-03-05 01:42:43,2.64,https://valuetainment.com/?utm_source=meta&utm_campaign= vt_summit_earlybird ,
570341,1014,5828,Meta,10/29/2025 23:30,2.1,https://valuetainment.com/?utm_campaign=brand_protein_q2&utm_source=tiktok&utm_medium=paid,796.35
641837,1012,5692,meta,2026-01-21T17:40:03Z,11.32,https://valuetainment.com/?utm_medium=CPC&utm_campaign=VT_SUMMIT_VIP&utm_source=tik_tok,
169350,1010,5616,meta,10/12/2025 15:16,8.02,https://valuetainment.com/?utm_source=facebook&utm_medium=CPC&utm_campaign=pbd--cold--scale!!,676.02
335746,1014,5223,Google,2025-11-22T10:55:24Z,4.37,https://valuetainment.com/?utm_campaign=Brand_protein_q2&utm_source=meta&utm_medium=cpc,624.21
263122,1003,5281,Meta,2025-11-04T06:27:03Z,,https://valuetainment.com/?utm_campaign=vt_summit_earlybird&utm_source=tik_tok&utm_medium=Paid_Social,
285206,1001,5250,Google,2026-01-30 01:35:27,,https://valuetainment.com/?utm_campaign=pbd pod prosp q1&utm_medium=cpc&utm_source=Google,709.87
538017,1007,5238,META,2026-03-04 21:51:34,5.9,https://valuetainment.com/?utm_campaign=vtsummitlastcall,370.81
975763,1001,5228,google,2025-12-14 09:59:47,2.6,https://valuetainment.com/?utm_campaign=pbd--pod--prosp--q1!!&utm_medium=cpc&utm_source=tik_tok,
699475,1011,5758,meta,2025-12-30T23:05:04Z,,https://valuetainment.com/?utm_medium=cpc&utm_source=META&utm_campaign=consultdfyretgt,
545466,1009,5089,Meta,01/16/2026 15:14,1.36,https://valuetainment.com/?utm_medium=cpc&utm_campaign= leadership_101_ev &utm_source=META,
155425,1013,5006,google,2025-11-29T11:29:27Z,1.49,https://valuetainment.com/?utm_medium=CPC&utm_campaign=pat lib bundle&utm_source=META,411.16
234631,1007,5250,Meta,2026-01-11 06:23:43,8.34,https://valuetainment.com/?utm_source=meta&utm_campaign=vt_summit_lastcall&utm_medium=cpc,236.43
817956,1007,5828,meta,12/25/2025 15:29,9.01,https://valuetainment.com/?utm_campaign=vtsummitlastcall&utm_medium=cpc&utm_source=Google,133.8
806629,1009,5250,GOOGLE,2026-03-10T21:10:45Z,,https://valuetainment.com/?utm_campaign=LEADERSHIP_101_EV&utm_medium=CPC&utm_source=META,
556501,1013,5281,tik_tok,05/11/2026 23:49,4.57,https://valuetainment.com/?utm_medium=cpc&utm_campaign=p@t_lib_bundle&utm_source=TikTok,138.47
335832,1009,5006,Google,2026-05-01 21:12:34,5.52,https://valuetainment.com/?utm_medium=paid&utm_campaign=leadersh&utm_source=TikTok,694.06
523309,1008,5432,GOOGLE,2026-01-24 12:57:42,5.3,https://valuetainment.com/?utm_campaign=BRAND_FX_SPONSOR&utm_source=google&utm_medium=cpc,121.39
334798,1009,5754,meta,2026-05-19 10:36:58,9.04,https://valuetainment.com/?utm_campaign=LEADERSHIP_101_EV&utm_medium=CPC&utm_source=meta,
777623,1007,5095,Google,2026-05-13T02:05:10Z,12.39,https://valuetainment.com/?utm_source=tik_tok&utm_medium=ppc&utm_campaign=vtsummitlastcall,376.82
844758,1011,5104,google,2026-01-05 17:34:18,9.78,https://valuetainment.com/?utm_campaign=consultdfyretgt&utm_source=tik_tok,64.25
307495,1001,5777,Google,03/13/2026 15:32,10.08,https://valuetainment.com/?utm_campaign=pbd pod prosp q1&utm_source=Google&utm_medium=cpc,
347765,1005,5828,META,11/12/2025 12:26,8.23,https://valuetainment.com/?utm_medium=cpc&utm_source=tiktok&utm_campaign=pbd-retarget-warm,684.15
210239,1008,5089,Meta,2026-04-21T06:51:57Z,11.64,https://valuetainment.com/?utm_campaign=Brand_fx_sponsor&utm_medium=Paid_Social,748.03
965135,1013,5223,Meta,03/03/2026 01:43,6.31,https://valuetainment.com/?utm_campaign=pat_lib_&utm_medium=CPC&utm_source=google,
242685,1007,5030,Meta,2025-11-18T07:15:38Z,11.75,https://valuetainment.com/?utm_source=facebook&utm_medium=Paid_Social&utm_campaign=vtsummitlastcall,565.33
890124,1004,5089,meta,02/10/2026 01:09,8.91,https://valuetainment.com/?utm_source=TikTok&utm_campaign= sales_mastery_lnch &utm_medium=Paid_Social,136.35
483094,1003,5104,meta,12/24/2025 10:11,7.65,https://valuetainment.com/?utm_medium=CPC&utm_source=google&utm_campaign=vt_summit_earlybird,584.58
821778,1004,5095,Google,2026-03-12T21:04:30Z,10.73,https://valuetainment.com/?utm_medium=ppc&utm_campaign=salesmasterylnch,
890873,1010,5758,meta,2025-12-28 04:22:14,5.29,https://valuetainment.com/?utm_medium=Paid_Social&utm_campaign=PBD_COLD_SCALE&utm_source=google,275.7
582862,1012,5913,Meta,12/07/2025 18:10,11.99,https://valuetainment.com/?utm_source=TikTok&utm_campaign=vtsummitvip,
785047,1012,5104,Meta,12/12/2025 17:08,1.99,https://valuetainment.com/?utm_medium=ppc&utm_campaign=vt--summit--vip!!&utm_source=Google,
642383,1006,5032,google,04/25/2026 18:25,11.1,https://valuetainment.com/?utm_source=facebook&utm_medium=CPC&utm_campaign=ceo bootcamp prosp,
452292,1007,5517,Google,02/16/2026 03:36,1.0,https://valuetainment.com/?utm_medium=paid&utm_source=tiktok&utm_campaign=vt_summi,384.6
825928,1010,5574,Google,2026-06-01T17:09:27Z,9.72,https://valuetainment.com/?utm_medium=cpc&utm_source=TikTok&utm_campaign=pbd-cold-scale,
118369,1007,5142,META ,2025-10-15T05:15:06Z,4.04,https://valuetainment.com/?utm_source=tik_tok&utm_campaign=vtsummitlastcall,
455297,1013,5089,meta,2025-11-01T04:08:22Z,8.38,https://valuetainment.com/?utm_campaign=pat lib bundle&utm_medium=Paid_Social,415.4
306647,1006,5223,Google,2026-02-28T22:22:49Z,3.61,https://valuetainment.com/?utm_campaign=ce0_b00tc@mp_pr0sp&utm_source=meta&utm_medium=Paid_Social,422.17
784320,1001,5228,META ,2026-04-09T20:07:52Z,6.99,https://valuetainment.com/?utm_medium=CPC&utm_campaign= pbd_pod_prosp_q1 &utm_source=Google,754.95
246675,1012,5203,Google,2026-04-17 20:24:51,4.53,https://valuetainment.com/?utm_campaign=vt-summit-vip&utm_medium=paid&utm_source=google,143.09
407198,1007,5223,meta,2026-05-23 22:20:15,6.88,https://valuetainment.com/?utm_campaign=vt summit lastcall,
559683,1008,5030,GOOGLE,2026-06-07T03:21:33Z,5.25,https://valuetainment.com/?utm_source=META&utm_campaign=brand--fx--sponsor!!,
248022,1002,5250,Meta,2026-05-18T22:37:10Z,,https://valuetainment.com/?utm_source=tiktok&utm_campaign=brand-gs-promo&utm_medium=ppc,642.07
471093,1010,5558,META,2026-05-28T12:27:29Z,1.59,https://valuetainment.com/?utm_source=META&utm_campaign=pbd_c0ld_sc@le&utm_medium=ppc,
688293,1003,5828,META,2026-04-20 21:48:45,4.92,https://valuetainment.com/?utm_medium=ppc&utm_source=meta&utm_campaign= vt_summit_earlybird ,392.22
147921,1012,5432,google,2025-12-30 07:56:07,1.52,https://valuetainment.com/?utm_campaign=vt_summit_vip,610.29
914972,1006,5759,Google,2026-04-21T23:11:45Z,10.29,https://valuetainment.com/?utm_source=TikTok&utm_campaign=ceo_bootcamp_prosp&utm_medium=paid,605.28
753971,1003,5558,META,2026-02-10 02:42:56,10.32,https://valuetainment.com/?utm_medium=ppc&utm_campaign=vt--summit--earlybird!!,647.08
818958,1003,5114,google,11/10/2025 11:03,1.2,https://valuetainment.com/?utm_campaign=vt summit earlybird&utm_medium=ppc&utm_source=facebook,759.12
530074,1008,5284,Meta,2026-05-29T16:38:17Z,7.69,https://valuetainment.com/?utm_medium=ppc&utm_source=google&utm_campaign=brand_fx_sponsor,
315565,1012,5027,meta,12/30/2025 06:49,9.13,https://valuetainment.com/?utm_campaign=vt_summit_vip&utm_source=tiktok&utm_medium=cpc,
664616,1011,5429,META,2026-01-30T16:48:46Z,3.78,https://valuetainment.com/?utm_campaign=CONSULT_DFY_RETGT&utm_medium=ppc&utm_source=Google,
596004,1015,5032,tik_tok,2026-04-24 02:53:41,3.96,https://valuetainment.com/?utm_campaign=pbd_yt_remarketing&utm_medium=paid&utm_source=google,349.2
717130,1012,5692,TikTok,11/06/2025 13:58,7.31,https://valuetainment.com/?utm_medium=ppc&utm_campaign=vt_summit_vip,778.25
351935,1005,5281,TIKTOK,04/12/2026 02:47,11.78,https://valuetainment.com/?utm_campaign=pbd_reta&utm_source=tik_tok&utm_medium=cpc,670.54
827492,1007,5223,META ,02/10/2026 14:53,4.7,https://valuetainment.com/?utm_medium=cpc&utm_campaign=vtsummitlastcall,
183209,1014,5203,Meta,10/10/2025 10:32,7.81,https://valuetainment.com/?utm_source=tik_tok&utm_medium=cpc&utm_campaign=br@nd_pr0tein_q2,
933466,1004,5758,TikTok,2025-11-28 01:14:39,10.33,https://valuetainment.com/?utm_source=TikTok&utm_medium=paid&utm_campaign=sales-mastery-lnch,618.87
106190,1001,5104,Meta,2025-10-29 10:14:15,3.35,https://valuetainment.com/?utm_medium=paid&utm_campaign=pbdpodprospq1&utm_source=tik_tok,
466347,1010,5759,TikTok,06/01/2026 22:00,6.36,https://valuetainment.com/?utm_source=facebook&utm_medium=ppc&utm_campaign=pbdcoldscale,347.66
293007,1004,5654,Google,2026-03-26T21:01:03Z,,https://valuetainment.com/?utm_campaign=sales_ma,473.69
128296,1006,5284,meta,2026-04-06T04:55:59Z,10.15,https://valuetainment.com/?utm_medium=cpc&utm_campaign=ceobootcampprosp&utm_source=tiktok,
273792,1008,5777,meta,10/21/2025 04:45,6.24,https://valuetainment.com/?utm_medium=cpc&utm_campaign=brand fx sponsor&utm_source=TikTok,430.7
347879,1005,5616,google,2026-01-24 04:38:58,9.57,https://valuetainment.com/?utm_medium=paid&utm_campaign=pbdretargetwarm&utm_source=tik_tok,47.94
439585,1013,5104,Meta,2026-04-29T23:09:52Z,,https://valuetainment.com/?utm_campaign=patlibbundle&utm_medium=cpc&utm_source=meta,509.79
950746,1003,5238,tiktok,2026-06-01T01:23:06Z,9.59,https://valuetainment.com/?utm_campaign=vtsummitearlybird&utm_medium=ppc,228.29
271069,1014,5603,tiktok,2026-01-12T20:52:35Z,6.22,https://valuetainment.com/?utm_medium=ppc&utm_source=meta&utm_campaign=brand_protein_q2,
157476,1012,5089,google,2026-05-01T19:28:03Z,3.89,https://valuetainment.com/?utm_campaign= vt_summit_vip &utm_source=TikTok&utm_medium=CPC,
294961,1006,5616,Meta,2026-03-21 02:35:10,9.46,https://valuetainment.com/?utm_medium=ppc&utm_source=META&utm_campaign=ceobootcampprosp,
560343,1010,5030,meta,03/09/2026 13:44,10.25,https://valuetainment.com/?utm_campaign=pbdcoldscale&utm_source=META&utm_medium=cpc,445.23
927942,1007,5225,GOOGLE,02/28/2026 15:29,4.57,https://valuetainment.com/?utm_medium=ppc&utm_source=google&utm_campaign=vt_summit_l@stc@ll,
950083,1004,5733,meta,2026-05-28 06:56:43,8.75,https://valuetainment.com/?utm_campaign=sales_mastery_lnch&utm_medium=paid&utm_source=google,488.21
684187,1003,5913,google,2025-11-21T05:11:45Z,0.47,https://valuetainment.com/?utm_campaign=vt_summi&utm_medium=Paid_Social,360.59
307661,1013,5429,meta,2026-04-09 18:40:59,8.0,https://valuetainment.com/?utm_campaign=pat--lib--bundle!!&utm_medium=CPC,301.65
601233,1013,5225,Google,05/05/2026 15:07,,https://valuetainment.com/?utm_campaign=pat-lib-bundle&utm_source=META&utm_medium=Paid_Social,188.01
366296,1001,5665,google,01/31/2026 13:17,11.81,https://valuetainment.com/?utm_campaign=pbd_p0d_pr0sp_q1&utm_source=META&utm_medium=cpc,276.17
696076,1010,5432,meta,2026-03-17T07:13:33Z,12.45,https://valuetainment.com/?utm_source=facebook&utm_campaign=pbdcoldscale&utm_medium=paid,11.73
883028,1003,5104,META,06/09/2026 15:14,10.06,https://valuetainment.com/?utm_medium=cpc&utm_campaign=Vt_summit_earlybird,768.11
711727,1012,5558,META,2026-03-24T01:31:22Z,11.85,https://valuetainment.com/?utm_campaign=vt_summi&utm_medium=ppc,678.39
777708,1002,5603,google,2026-03-25 21:37:25,9.97,https://valuetainment.com/?utm_medium=cpc&utm_campaign=br@nd_gs_pr0m0&utm_source=TikTok,71.72
776402,1006,5089,META,2025-11-01T11:37:22Z,8.92,https://valuetainment.com/?utm_campaign=ceo-bootcamp-prosp&utm_source=facebook&utm_medium=ppc,695.81
828980,1008,5758,GOOGLE,2026-03-22T04:50:01Z,,https://valuetainment.com/?utm_source=facebook&utm_medium=paid&utm_campaign=brand fx sponsor,
267029,1015,5654,google,2025-10-31 00:54:44,8.61,https://valuetainment.com/?utm_campaign=pbd_yt_rem@rketing&utm_source=tik_tok&utm_medium=ppc,
136618,1015,5665,TIKTOK,2025-12-30T00:27:46Z,6.7,https://valuetainment.com/?utm_source=TikTok&utm_medium=CPC&utm_campaign=pbd_yt_r,206.11
815557,1007,5733,google,04/12/2026 05:04,9.92,https://valuetainment.com/?utm_source=tiktok&utm_campaign=vt summit lastcall&utm_medium=cpc,445.4
580004,1012,5558,Google,2026-01-05T13:35:06Z,6.29,https://valuetainment.com/?utm_source=Google&utm_campaign=vt--summit--vip!!&utm_medium=cpc,170.21
122913,1012,5223,META ,2026-03-23T03:32:00Z,9.73,https://valuetainment.com/?utm_source=META&utm_campaign=vt_summit_vip&utm_medium=paid,559.4
652868,1013,5203,META,2026-03-14 10:39:59,4.99,https://valuetainment.com/?utm_medium=paid&utm_source=Google&utm_campaign= pat_lib_bundle ,43.46
380927,1005,5104,TikTok,2026-04-24T19:14:10Z,5.14,https://valuetainment.com/?utm_medium=CPC&utm_campaign=pbd_retarget_warm&utm_source=META,194.01
623888,1003,5733,tiktok,01/27/2026 14:06,9.71,https://valuetainment.com/?utm_source=Google&utm_campaign=vt_summit_earlybird,231.71
858160,1008,5913,META,2026-03-23T17:40:12Z,,https://valuetainment.com/?utm_campaign=brand--fx--sponsor!!&utm_medium=ppc&utm_source=google,139.55
545888,1010,5718,META,2025-11-27T20:13:45Z,9.14,https://valuetainment.com/?utm_campaign=pbd cold scale&utm_medium=ppc&utm_source=tik_tok,760.3
389454,1006,5665,META ,2025-10-23 22:48:33,0.7,https://valuetainment.com/?utm_source=META&utm_campaign=ceobootcampprosp,
426775,1006,5759,meta,2025-12-01T03:09:59Z,9.81,https://valuetainment.com/?utm_campaign=ceo_boot&utm_source=meta&utm_medium=cpc,67.97
377271,1012,5459,meta,2026-03-24T14:35:18Z,5.47,https://valuetainment.com/?utm_medium=CPC&utm_source=TikTok&utm_campaign=vt--summit--vip!!,60.15
254739,1004,5228,TIKTOK,2026-03-15 02:38:59,0.52,https://valuetainment.com/?utm_medium=paid&utm_campaign=sales--mastery--lnch!!,616.04
786611,1011,5574,tik_tok,2026-05-01T04:38:28Z,6.8,https://valuetainment.com/?utm_source=Google&utm_medium=paid&utm_campaign=c0nsult_dfy_retgt,425.54
584829,1015,5604,TIKTOK,2026-04-03 10:56:51,9.28,https://valuetainment.com/?utm_campaign=pbd_yt_r&utm_source=google&utm_medium=paid,106.49
637693,1004,5203,meta,2025-10-04T13:59:04Z,11.98,https://valuetainment.com/?utm_campaign= sales_mastery_lnch &utm_source=tiktok&utm_medium=CPC,576.63
428214,1012,5281,GOOGLE,2026-05-07T15:48:37Z,7.09,https://valuetainment.com/?utm_source=facebook&utm_medium=cpc&utm_campaign=vt_summi,402.17
138984,1014,5604,META ,01/03/2026 01:16,10.72,https://valuetainment.com/?utm_source=meta&utm_campaign=BRAND_PROTEIN_Q2&utm_medium=ppc,676.64
398254,1013,5616,META,2026-05-15 18:58:00,0.79,https://valuetainment.com/?utm_source=tiktok&utm_campaign=pat lib bundle,
645984,1005,5665,GOOGLE,2026-05-13 14:51:52,12.36,https://valuetainment.com/?utm_source=google&utm_campaign=pbdretargetwarm&utm_medium=cpc,685.81
260169,1010,5754,Meta,2025-11-23T19:37:36Z,4.21,https://valuetainment.com/?utm_source=google&utm_campaign=pbd-cold-scale&utm_medium=ppc,359.34
207891,1009,5095,GOOGLE,2025-11-19T06:38:45Z,8.52,https://valuetainment.com/?utm_campaign=leadership 101 ev&utm_medium=ppc&utm_source=google,701.07
488385,1003,5281,Google,10/04/2025 08:57,8.75,https://valuetainment.com/?utm_source=facebook&utm_campaign=Vt_summit_earlybird&utm_medium=cpc,594.94
238840,1007,5223,TikTok,2026-03-24T14:44:56Z,,https://valuetainment.com/?utm_campaign=vt_summi&utm_source=tik_tok&utm_medium=ppc,285.06
415645,1001,5574,meta,2025-11-25T17:18:26Z,2.93,https://valuetainment.com/?utm_campaign=pbd pod prosp q1&utm_source=TikTok&utm_medium=ppc,434.2
965476,1003,5828,tiktok,2026-04-23 14:33:36,7.54,https://valuetainment.com/?utm_source=META&utm_campaign=Vt_summit_earlybird,490.37
754836,1006,5913,meta,2026-05-19 03:47:49,11.71,https://valuetainment.com/?utm_source=google&utm_medium=cpc&utm_campaign=ceo_boot,513.28
462184,1013,5913,meta,05/23/2026 09:58,9.53,https://valuetainment.com/?utm_campaign=pat--lib--bundle!!&utm_medium=CPC&utm_source=META,59.53
564355,1010,5432,Google,2026-02-21T11:28:34Z,7.21,https://valuetainment.com/?utm_source=tiktok&utm_medium=cpc&utm_campaign= pbd_cold_scale ,37.72
475876,1005,5758,meta,2025-12-07 23:45:52,2.2,https://valuetainment.com/?utm_medium=ppc&utm_campaign= pbd_retarget_warm &utm_source=tik_tok,452.74
343427,1010,5517,META ,2026-01-30T10:14:39Z,1.39,https://valuetainment.com/?utm_source=TikTok&utm_campaign=pbd_cold_scale&utm_medium=paid,738.53
388375,1003,5006,Google,01/23/2026 12:38,7.5,https://valuetainment.com/?utm_medium=ppc&utm_campaign=VT_SUMMIT_EARLYBIRD&utm_source=tik_tok,304.72
874980,1013,5027,GOOGLE,2025-12-19T08:23:20Z,1.75,https://valuetainment.com/?utm_medium=CPC&utm_source=tiktok&utm_campaign=patlibbundle,
786870,1009,5030,meta,2026-02-09T22:37:46Z,12.45,https://valuetainment.com/?utm_medium=paid&utm_campaign=le@dership_101_ev&utm_source=tiktok,314.16
437316,1015,5006,meta,2026-05-18 09:11:50,6.5,https://valuetainment.com/?utm_campaign=pbd_yt_r&utm_source=TikTok,
601608,1011,5603,META,05/01/2026 03:38,4.23,https://valuetainment.com/?utm_campaign= consult_dfy_retgt &utm_source=Google,
547494,1006,5558,meta,2025-11-05 10:16:35,3.52,https://valuetainment.com/?utm_campaign=CEO_BOOTCAMP_PROSP&utm_medium=cpc&utm_source=tik_tok,549.46
270218,1008,5223,google,05/17/2026 00:27,,https://valuetainment.com/?utm_medium=CPC&utm_source=tik_tok&utm_campaign=brand_fx,
260854,1013,5223,meta,01/08/2026 10:58,,https://valuetainment.com/?utm_source=META&utm_campaign=pat_lib_bundle,29.33
182121,1007,5828,Google,2026-03-22 23:53:35,1.67,https://valuetainment.com/?utm_medium=cpc&utm_source=facebook&utm_campaign= vt_summit_lastcall ,
944334,1014,5828,Meta,2025-10-10T09:02:32Z,9.82,https://valuetainment.com/?utm_source=meta&utm_campaign=brand_pr&utm_medium=CPC,20.51
944057,1012,5032,TikTok,2026-05-07T20:41:56Z,1.76,https://valuetainment.com/?utm_campaign= vt_summit_vip &utm_source=META&utm_medium=cpc,262.23
702213,1012,5281,Meta,2026-05-21T12:40:50Z,8.98,https://valuetainment.com/?utm_campaign=vt_summit_vip&utm_medium=ppc&utm_source=tik_tok,478.53
823771,1010,5890,meta,2025-10-01 04:32:42,7.67,https://valuetainment.com/?utm_campaign=pbd_cold&utm_medium=paid&utm_source=meta,311.03
605596,1009,5006,google,12/07/2025 22:48,10.96,https://valuetainment.com/?utm_medium=CPC&utm_source=tiktok&utm_campaign=leadership--101--ev!!,
455922,1009,5665,google,2025-12-03 10:31:24,0.65,https://valuetainment.com/?utm_campaign=leadersh&utm_medium=paid,145.96
151055,1011,5104,meta,2026-05-23T23:48:45Z,3.72,https://valuetainment.com/?utm_campaign=Consult_dfy_retgt&utm_medium=paid&utm_source=facebook,55.38
697606,1008,5913,meta,2026-04-27T21:13:05Z,3.49,https://valuetainment.com/?utm_source=META&utm_campaign=brand-fx-sponsor,1.59
284493,1004,5759,Meta,06/06/2026 12:20,,https://valuetainment.com/?utm_medium=paid&utm_campaign=SALES_MASTERY_LNCH,
828116,1007,5574,META ,2026-03-27 20:41:49,4.91,https://valuetainment.com/?utm_campaign= vt_summit_lastcall &utm_source=META,676.79
682209,1003,5654,META,2026-02-01 09:51:38,2.98,https://valuetainment.com/?utm_campaign=vt_summit_e@rlybird&utm_source=google&utm_medium=Paid_Social,216.24
343410,1011,5203,Meta,2026-04-06 09:09:12,4.29,https://valuetainment.com/?utm_campaign=consult_dfy_retgt&utm_source=tik_tok&utm_medium=CPC,
261197,1001,5574,Meta,2025-11-19T04:24:24Z,11.29,https://valuetainment.com/?utm_source=facebook&utm_medium=Paid_Social&utm_campaign=pbd_p0d_pr0sp_q1,
489922,1004,5558,META,2026-05-16T07:33:56Z,2.8,https://valuetainment.com/?utm_source=facebook&utm_campaign= sales_mastery_lnch &utm_medium=ppc,490.03
440467,1009,5758,tik_tok,10/04/2025 02:25,8.71,https://valuetainment.com/?utm_source=tik_tok&utm_medium=Paid_Social&utm_campaign=le@dership_101_ev,748.74
268923,1009,5281,google,2026-04-20T04:33:03Z,12.07,https://valuetainment.com/?utm_source=META&utm_campaign=le@dership_101_ev&utm_medium=cpc,
552725,1011,5603,META ,2026-04-16 18:49:26,10.97,https://valuetainment.com/?utm_campaign=c0nsult_dfy_retgt&utm_source=tik_tok&utm_medium=Paid_Social,347.54
415062,1013,5142,META,06/05/2026 11:44,,https://valuetainment.com/?utm_medium=CPC&utm_campaign=pat_lib_,
828724,1014,5754,Meta,11/02/2025 06:36,9.89,https://valuetainment.com/?utm_campaign=brandproteinq2&utm_source=Google,
302897,1015,5890,meta,2026-05-08T15:19:36Z,5.88,https://valuetainment.com/?utm_medium=CPC&utm_source=tiktok&utm_campaign=pbd yt remarketing,244.54
703638,1015,5517,tik_tok,2026-03-25T16:15:42Z,5.6,https://valuetainment.com/?utm_source=META&utm_campaign=pbd_yt_remarketing,
739765,1013,5718,google,01/27/2026 22:17,9.94,https://valuetainment.com/?utm_source=META&utm_campaign= pat_lib_bundle &utm_medium=ppc,
627400,1011,5027,Google,2026-01-03T22:21:28Z,4.2,https://valuetainment.com/?utm_source=META&utm_campaign=Consult_dfy_retgt&utm_medium=ppc,44.78
250753,1015,5718,Google,2025-11-17 15:30:02,8.14,https://valuetainment.com/?utm_medium=paid&utm_source=Google&utm_campaign=pbd_yt_r,82.74
568877,1008,5777,META,2026-04-15T17:56:18Z,5.63,https://valuetainment.com/?utm_campaign=brand fx sponsor&utm_medium=cpc&utm_source=Google,
634698,1006,5284,Meta,04/15/2026 07:51,9.63,https://valuetainment.com/?utm_campaign=ceo--bootcamp--prosp!!&utm_medium=ppc,134.12
215918,1003,5095,meta,2026-02-28T13:12:45Z,7.5,https://valuetainment.com/?utm_campaign=vt_summi&utm_source=Google&utm_medium=paid,567.28
492722,1014,5574,Meta,11/24/2025 12:11,2.65,https://valuetainment.com/?utm_medium=ppc&utm_campaign=brand-protein-q2&utm_source=Google,368.55
806784,1012,5890,TikTok,01/07/2026 22:02,5.25,https://valuetainment.com/?utm_campaign=vt-summit-vip&utm_medium=ppc&utm_source=facebook,455.69
213188,1014,5913,META ,10/21/2025 00:57,5.0,https://valuetainment.com/?utm_campaign= brand_protein_q2 &utm_medium=ppc&utm_source=facebook,368.63
398696,1015,5754,meta,2026-04-09 10:13:49,5.86,https://valuetainment.com/?utm_campaign=Pbd_yt_remarketing&utm_source=Google&utm_medium=cpc,252.58
149021,1010,5027,META ,2026-01-13 00:00:12,,https://valuetainment.com/?utm_medium=cpc&utm_campaign=pbd cold scale,236.16
169439,1006,5238,meta,2025-10-08 13:36:20,9.26,https://valuetainment.com/?utm_medium=CPC&utm_campaign=ceo_bootcamp_prosp&utm_source=meta,
429502,1011,5828,TikTok,2026-05-08 10:17:44,,https://valuetainment.com/?utm_source=tiktok&utm_campaign=Consult_dfy_retgt,419.85
947272,1008,5603,meta,2025-11-06 05:16:19,7.08,https://valuetainment.com/?utm_source=tik_tok&utm_campaign=brand--fx--sponsor!!&utm_medium=paid,
567261,1009,5281,Meta,2026-05-09T12:57:02Z,8.07,https://valuetainment.com/?utm_medium=ppc&utm_source=TikTok&utm_campaign=leadership_101_ev,
596515,1003,5006,google,03/08/2026 14:34,,https://valuetainment.com/?utm_campaign=Vt_summit_earlybird&utm_source=tik_tok&utm_medium=ppc,651.95
976981,1014,5758,META,2025-10-15 00:14:37,10.12,https://valuetainment.com/?utm_campaign=br@nd_pr0tein_q2&utm_source=meta&utm_medium=Paid_Social,
727823,1013,5574,tiktok,2025-10-28T15:38:22Z,10.05,https://valuetainment.com/?utm_source=tik_tok&utm_campaign=pat_lib_,
856340,1001,5228,Meta,2025-10-16 00:27:25,,https://valuetainment.com/?utm_source=google&utm_campaign=pbd_pod_&utm_medium=paid,
721045,1004,5432,meta,2026-02-24T04:07:15Z,7.23,https://valuetainment.com/?utm_source=TikTok&utm_medium=cpc&utm_campaign=sales-mastery-lnch,273.09
174654,1008,5142,meta,2026-05-25 09:27:50,11.17,https://valuetainment.com/?utm_medium=CPC&utm_source=tik_tok&utm_campaign=Brand_fx_sponsor,152.05
876366,1005,5284,META ,10/16/2025 18:20,2.46,https://valuetainment.com/?utm_campaign= pbd_retarget_warm &utm_medium=ppc&utm_source=META,549.55
649526,1004,5030,META,2026-03-09T03:39:18Z,9.68,https://valuetainment.com/?utm_medium=CPC&utm_campaign=SALES_MASTERY_LNCH&utm_source=meta,
184279,1005,5104,tiktok,05/04/2026 16:13,10.79,https://valuetainment.com/?utm_source=TikTok&utm_campaign=pbd-retarget-warm&utm_medium=cpc,579.31
470377,1013,5758,tiktok,2026-03-29 18:38:42,10.03,https://valuetainment.com/?utm_source=facebook&utm_medium=paid&utm_campaign=PAT_LIB_BUNDLE,
321239,1011,5142,Google,2025-11-22 16:15:00,,https://valuetainment.com/?utm_campaign=consult dfy retgt&utm_source=META,560.67
230374,1007,5027,meta,10/10/2025 18:37,,https://valuetainment.com/?utm_campaign=vt--summit--lastcall!!&utm_medium=paid&utm_source=Google,229.56
429439,1008,5758,meta,2025-10-18 15:54:19,,https://valuetainment.com/?utm_source=META&utm_medium=cpc&utm_campaign=brand--fx--sponsor!!,284.94
245967,1004,5223,TikTok,2025-12-12T14:39:21Z,8.73,https://valuetainment.com/?utm_medium=ppc&utm_campaign= sales_mastery_lnch &utm_source=TikTok,409.21
752236,1014,5828,google,2025-12-25T02:05:33Z,1.27,https://valuetainment.com/?utm_campaign=brand--protein--q2!!&utm_medium=cpc&utm_source=google,704.34
854229,1008,5665,meta,2025-11-25T20:39:15Z,5.24,https://valuetainment.com/?utm_source=Google&utm_medium=CPC&utm_campaign=brandfxsponsor,134.36
842820,1001,5558,meta,01/17/2026 07:33,8.81,https://valuetainment.com/?utm_medium=ppc&utm_source=tik_tok&utm_campaign=PBD_POD_PROSP_Q1,85.06
753152,1003,5032,META,2025-11-05 23:11:11,0.89,https://valuetainment.com/?utm_campaign= vt_summit_earlybird &utm_medium=paid&utm_source=tiktok,394.17
818826,1015,5284,tiktok,12/03/2025 03:36,8.66,https://valuetainment.com/?utm_source=Google&utm_campaign=PBD_YT_REMARKETING&utm_medium=Paid_Social,231.83
834824,1014,5429,Meta,2025-11-04 00:35:25,11.04,https://valuetainment.com/?utm_medium=CPC&utm_source=meta&utm_campaign=brand-protein-q2,
795366,1010,5104,GOOGLE,05/05/2026 22:35,10.35,https://valuetainment.com/?utm_source=tiktok&utm_medium=paid&utm_campaign=Pbd_cold_scale,679.11
245900,1001,5238,google,05/08/2026 18:11,3.16,https://valuetainment.com/?utm_medium=paid&utm_campaign=pbd pod prosp q1&utm_source=TikTok,541.87
377366,1014,5654,google,10/15/2025 08:54,5.8,https://valuetainment.com/?utm_campaign=brandproteinq2&utm_medium=Paid_Social,
872652,1010,5604,tik_tok,2026-05-14T20:50:50Z,,https://valuetainment.com/?utm_campaign= pbd_cold_scale ,
351765,1003,5828,tiktok,02/25/2026 16:20,11.38,https://valuetainment.com/?utm_source=google&utm_campaign=Vt_summit_earlybird&utm_medium=paid,526.41
128085,1008,5238,Google,2026-03-20 13:32:24,7.67,https://valuetainment.com/?utm_medium=cpc&utm_campaign=brand_fx&utm_source=tiktok,
428139,1011,5027,Google,2026-01-20 12:34:04,10.26,https://valuetainment.com/?utm_campaign=consultdfyretgt&utm_source=Google&utm_medium=Paid_Social,714.87
499220,1013,5432,meta,2025-10-13 14:10:44,10.26,https://valuetainment.com/?utm_source=meta&utm_campaign=pat_lib_,362.13
377888,1001,5228,meta,2026-04-26T05:13:38Z,8.81,https://valuetainment.com/?utm_campaign=pbdpodprospq1&utm_source=facebook&utm_medium=cpc,137.91
305489,1014,5758,META,03/12/2026 02:38,9.62,https://valuetainment.com/?utm_campaign=Brand_protein_q2&utm_source=tiktok&utm_medium=ppc,783.26
695895,1007,5459,Google,2026-01-12 08:52:09,3.13,https://valuetainment.com/?utm_medium=cpc&utm_source=meta&utm_campaign=vt--summit--lastcall!!,617.62
938294,1014,5203,Meta,2026-05-03T03:07:13Z,7.63,https://valuetainment.com/?utm_source=tiktok&utm_medium=CPC&utm_campaign=br@nd_pr0tein_q2,
130310,1008,5890,tiktok,2025-11-09 10:08:10,3.27,https://valuetainment.com/?utm_campaign=brand_fx&utm_medium=ppc&utm_source=META,215.33
643025,1013,5104,GOOGLE,04/12/2026 07:03,11.52,https://valuetainment.com/?utm_source=TikTok&utm_campaign=Pat_lib_bundle,183.74
699552,1004,5828,meta,01/08/2026 12:59,7.63,https://valuetainment.com/?utm_campaign=sales-mastery-lnch&utm_medium=paid&utm_source=meta,
126638,1012,5114,meta,2026-05-10T18:52:08Z,5.58,https://valuetainment.com/?utm_campaign=vt_summi&utm_medium=paid,613.16
244465,1015,5654,meta,2026-03-01 21:08:55,6.64,https://valuetainment.com/?utm_medium=cpc&utm_campaign=pbd_yt_rem@rketing,613.65
598189,1004,5604,meta,01/07/2026 20:13,11.23,https://valuetainment.com/?utm_campaign=SALES_MASTERY_LNCH&utm_medium=ppc,
823644,1013,5006,Google,2026-04-08 19:27:57,11.44,https://valuetainment.com/?utm_medium=ppc&utm_source=Google&utm_campaign=Pat_lib_bundle,779.1
235022,1015,5238,GOOGLE,05/01/2026 07:11,6.79,https://valuetainment.com/?utm_source=tik_tok&utm_medium=cpc&utm_campaign=Pbd_yt_remarketing,386.46
709496,1002,5095,GOOGLE,2026-04-27 09:28:31,8.05,https://valuetainment.com/?utm_source=TikTok&utm_campaign=Brand_gs_promo&utm_medium=Paid_Social,
274975,1005,5284,google,2026-02-25 16:41:30,2.68,https://valuetainment.com/?utm_source=tiktok&utm_campaign=PBD_RETARGET_WARM,211.35
796772,1012,5223,Google,2025-10-21 21:28:22,,https://valuetainment.com/?utm_campaign=vtsummitvip&utm_source=Google,333.25
543430,1009,5574,Google,2026-01-22 09:02:51,4.16,https://valuetainment.com/?utm_medium=cpc&utm_campaign= leadership_101_ev &utm_source=google,
983184,1008,5032,META,2026-04-30 07:53:17,12.24,https://valuetainment.com/?utm_medium=ppc&utm_source=TikTok&utm_campaign=br@nd_fx_sp0ns0r,518.66
491979,1011,5759,Meta,2026-05-30 04:09:44,9.23,https://valuetainment.com/?utm_medium=CPC&utm_campaign=c0nsult_dfy_retgt&utm_source=facebook,
903461,1014,5228,GOOGLE,2025-10-16T11:36:38Z,8.42,https://valuetainment.com/?utm_source=META&utm_medium=paid&utm_campaign=brandproteinq2,654.85
285429,1006,5432,Meta,2026-02-14 06:26:06,2.76,https://valuetainment.com/?utm_campaign=ceo bootcamp prosp&utm_source=facebook,653.92
768606,1010,5104,Google,2026-05-25T00:31:06Z,,https://valuetainment.com/?utm_medium=Paid_Social&utm_source=facebook&utm_campaign=pbd cold scale,
144641,1012,5223,TikTok,2025-12-24T11:19:16Z,1.48,https://valuetainment.com/?utm_campaign=vt--summit--vip!!&utm_source=facebook&utm_medium=paid,285.93
263125,1002,5604,meta,2026-01-13 21:03:31,10.73,https://valuetainment.com/?utm_source=TikTok&utm_medium=cpc&utm_campaign=br@nd_gs_pr0m0,
840695,1011,5030,Meta,2026-05-24T18:33:15Z,4.0,https://valuetainment.com/?utm_campaign=consultdfyretgt&utm_source=meta&utm_medium=paid,780.5
904911,1015,5718,Google,2026-02-18 22:29:00,12.1,https://valuetainment.com/?utm_medium=Paid_Social&utm_source=meta&utm_campaign=pbd_yt_r,694.56
913482,1008,5006,google,2026-01-30 23:30:11,2.23,https://valuetainment.com/?utm_source=TikTok&utm_medium=CPC&utm_campaign=brand_fx,444.21
593324,1005,5665,tiktok,2025-11-23T23:33:22Z,4.25,https://valuetainment.com/?utm_medium=CPC&utm_campaign=pbd retarget warm&utm_source=google,203.42
244455,1015,5104,tik_tok,05/15/2026 20:29,1.89,https://valuetainment.com/?utm_source=TikTok&utm_campaign=PBD_YT_REMARKETING,
241997,1001,5665,meta,2026-01-28T17:14:24Z,4.61,https://valuetainment.com/?utm_campaign=pbd_pod_prosp_q1&utm_medium=CPC&utm_source=tik_tok,31.83
168861,1014,5665,META ,05/28/2026 13:22,7.57,https://valuetainment.com/?utm_medium=CPC&utm_source=Google&utm_campaign=brand-protein-q2,158.26
405891,1008,5616,meta,2025-12-12 21:03:50,,https://valuetainment.com/?utm_campaign=brand--fx--sponsor!!&utm_source=google&utm_medium=Paid_Social,543.95
605487,1008,5228,meta,10/24/2025 21:22,2.09,https://valuetainment.com/?utm_campaign=brandfxsponsor&utm_medium=cpc,
819855,1002,5223,META,2026-03-20T16:40:52Z,9.98,https://valuetainment.com/?utm_source=facebook&utm_campaign=brand_gs_promo&utm_medium=ppc,
134783,1003,5027,META,2025-12-02T01:09:14Z,6.96,https://valuetainment.com/?utm_source=META&utm_campaign=vt_summi,666.26
898112,1001,5250,Google,2025-10-10T08:56:30Z,11.57,https://valuetainment.com/?utm_medium=paid&utm_source=tik_tok&utm_campaign=pbd pod prosp q1,119.69
184560,1014,5913,META,01/05/2026 21:00,8.66,https://valuetainment.com/?utm_campaign=brand_protein_q2&utm_source=TikTok,539.57
296536,1003,5692,Meta,2025-12-18 08:07:53,0.84,https://valuetainment.com/?utm_medium=paid&utm_source=google&utm_campaign=vtsummitearlybird,720.8
429445,1008,5429,Google,01/03/2026 03:33,5.25,https://valuetainment.com/?utm_source=Google&utm_campaign=brand fx sponsor&utm_medium=Paid_Social,
191200,1001,5459,Google,2026-05-06 02:53:22,11.07,https://valuetainment.com/?utm_medium=Paid_Social&utm_source=facebook&utm_campaign=pbd_pod_,286.81
263591,1006,5032,Meta,03/20/2026 00:16,5.31,https://valuetainment.com/?utm_medium=paid&utm_campaign=ceo-bootcamp-prosp,607.44
526755,1012,5718,meta,03/19/2026 19:11,5.33,https://valuetainment.com/?utm_campaign= vt_summit_vip &utm_source=tiktok&utm_medium=paid,77.56
528826,1013,5238,META,2025-10-18 16:39:38,8.97,https://valuetainment.com/?utm_campaign=pat-lib-bundle&utm_source=Google,183.46
839972,1004,5006,tiktok,2026-01-30 00:26:51,0.53,https://valuetainment.com/?utm_source=META&utm_campaign=sales--mastery--lnch!!&utm_medium=paid,614.53
336858,1013,5890,META,2026-01-15 03:56:45,11.99,https://valuetainment.com/?utm_campaign=pat--lib--bundle!!&utm_medium=ppc,462.55
129256,1003,5223,Meta,2025-10-24 04:07:05,3.6,https://valuetainment.com/?utm_medium=cpc&utm_source=META&utm_campaign=vt--summit--earlybird!!,158.66
610168,1004,5429,tiktok,10/24/2025 05:00,6.46,https://valuetainment.com/?utm_campaign=s@les_m@stery_lnch&utm_medium=cpc&utm_source=meta,681.28
931669,1003,5203,google,04/06/2026 00:05,6.79,https://valuetainment.com/?utm_source=google&utm_medium=paid&utm_campaign= vt_summit_earlybird ,107.87
607286,1010,5142,meta,2025-12-10 05:52:15,6.97,https://valuetainment.com/?utm_medium=paid&utm_source=tik_tok&utm_campaign=pbd--cold--scale!!,538.13
285011,1004,5758,Meta,02/12/2026 23:12,8.8,https://valuetainment.com/?utm_source=meta&utm_campaign=SALES_MASTERY_LNCH&utm_medium=Paid_Social,
595104,1003,5030,meta,2025-10-12 23:54:48,11.55,https://valuetainment.com/?utm_source=TikTok&utm_medium=ppc&utm_campaign=vt--summit--earlybird!!,
489921,1001,5032,Google,2026-04-25 00:47:53,,https://valuetainment.com/?utm_source=META&utm_medium=CPC&utm_campaign=pbd_p0d_pr0sp_q1,90.2
907738,1011,5114,Google,2026-06-08T17:34:57Z,1.71,https://valuetainment.com/?utm_campaign=consult--dfy--retgt!!&utm_source=meta,722.93
897814,1010,5616,tik_tok,12/27/2025 12:49,2.44,https://valuetainment.com/?utm_medium=paid&utm_campaign=Pbd_cold_scale&utm_source=tik_tok,618.17
454946,1001,5558,Google,2025-10-29 22:44:17,3.44,https://valuetainment.com/?utm_campaign=pbdpodprospq1&utm_medium=ppc,
877707,1004,5603,google,2026-04-01T01:18:16Z,7.17,https://valuetainment.com/?utm_source=tiktok&utm_medium=Paid_Social&utm_campaign=salesmasterylnch,633.88
375610,1015,5228,Google,2025-11-30T11:08:01Z,,https://valuetainment.com/?utm_campaign=pbd_yt_r&utm_source=meta&utm_medium=Paid_Social,
539357,1008,5032,tiktok,11/20/2025 01:45,11.93,https://valuetainment.com/?utm_campaign=brandfxsponsor&utm_medium=cpc&utm_source=facebook,133.55
191351,1011,5759,TIKTOK,01/18/2026 20:05,11.49,https://valuetainment.com/?utm_campaign=Consult_dfy_retgt&utm_source=facebook&utm_medium=paid,100.61
485290,1011,5665,Google,2025-11-03 00:18:45,12.48,https://valuetainment.com/?utm_medium=paid&utm_campaign=consult dfy retgt&utm_source=tik_tok,84.14
711659,1009,5089,GOOGLE,05/26/2026 13:51,12.46,https://valuetainment.com/?utm_source=TikTok&utm_medium=CPC&utm_campaign=le@dership_101_ev,563.56
621937,1001,5432,META,2026-02-26T06:57:58Z,5.69,https://valuetainment.com/?utm_source=Google&utm_medium=cpc&utm_campaign=pbd-pod-prosp-q1,
111214,1013,5558,google,2026-04-19T00:15:17Z,5.56,https://valuetainment.com/?utm_campaign=PAT_LIB_BUNDLE,584.64
350224,1006,5558,tik_tok,12/27/2025 13:13,8.27,https://valuetainment.com/?utm_campaign=Ceo_bootcamp_prosp&utm_medium=CPC&utm_source=Google,601.82
177993,1015,5558,META,01/28/2026 09:08,5.34,https://valuetainment.com/?utm_source=TikTok&utm_campaign=pbd_yt_remarketing&utm_medium=ppc,703.76
594728,1007,5228,google,04/17/2026 00:34,,https://valuetainment.com/?utm_campaign=vt summit lastcall&utm_medium=CPC&utm_source=Google,770.73
485776,1007,5006,meta,2025-11-17T20:03:41Z,4.62,https://valuetainment.com/?utm_campaign=VT_SUMMIT_LASTCALL&utm_source=Google,61.0
807931,1005,5558,tiktok,03/23/2026 14:40,3.06,https://valuetainment.com/?utm_campaign=PBD_RETARGET_WARM&utm_medium=cpc&utm_source=tik_tok,41.46
113170,1013,5517,Google,2026-04-03 22:48:31,0.63,https://valuetainment.com/?utm_campaign=pat-lib-bundle&utm_medium=Paid_Social&utm_source=google,443.83
887020,1009,5733,Meta,11/03/2025 18:04,4.08,https://valuetainment.com/?utm_medium=CPC&utm_campaign=leadership_101_ev&utm_source=google,
660453,1002,5665,GOOGLE,2026-01-27 07:30:05,6.17,https://valuetainment.com/?utm_medium=paid&utm_source=meta&utm_campaign=Brand_gs_promo,
376047,1014,5777,meta,2026-04-02T18:35:56Z,1.42,https://valuetainment.com/?utm_campaign=brand_pr&utm_medium=paid,
821919,1013,5665,Google,11/08/2025 17:10,1.13,https://valuetainment.com/?utm_campaign=patlibbundle&utm_source=tik_tok&utm_medium=ppc,337.87
327498,1004,5777,META ,2026-03-29T22:58:36Z,7.3,https://valuetainment.com/?utm_source=tiktok&utm_medium=Paid_Social&utm_campaign=sales_ma,583.45
489715,1004,5223,meta,03/02/2026 00:20,7.91,https://valuetainment.com/?utm_campaign=sales mastery lnch&utm_medium=Paid_Social&utm_source=meta,498.2
757501,1010,5718,GOOGLE,2026-05-11 02:28:20,1.21,https://valuetainment.com/?utm_campaign=pbd--cold--scale!!&utm_source=google&utm_medium=CPC,333.8
125687,1006,5616,tik_tok,01/11/2026 03:05,10.23,https://valuetainment.com/?utm_campaign=ceobootcampprosp&utm_medium=CPC&utm_source=tik_tok,150.38
712403,1001,5718,Meta,03/17/2026 21:46,1.87,https://valuetainment.com/?utm_campaign=pbd_pod_prosp_q1&utm_source=META&utm_medium=paid,609.34
708738,1001,5025,META ,11/24/2025 02:24,8.22,https://valuetainment.com/?utm_source=TikTok&utm_campaign=pbd_pod_,495.9
817718,1002,5558,Meta,02/11/2026 08:15,4.4,https://valuetainment.com/?utm_medium=paid&utm_campaign=brand gs promo&utm_source=META,270.31
532994,1013,5432,google,2026-03-02T15:21:57Z,8.41,https://valuetainment.com/?utm_source=TikTok&utm_campaign=pat_lib_&utm_medium=Paid_Social,28.18
557294,1009,5006,Meta,2026-03-19 07:51:50,10.87,https://valuetainment.com/?utm_source=meta&utm_campaign= leadership_101_ev &utm_medium=ppc,21.11
821645,1005,5281,GOOGLE,2025-10-05 16:40:03,2.83,https://valuetainment.com/?utm_campaign=pbdretargetwarm&utm_medium=ppc&utm_source=tiktok,564.88
562345,1005,5459,google,2026-02-23T12:03:29Z,4.34,https://valuetainment.com/?utm_medium=ppc&utm_source=meta&utm_campaign=pbd_ret@rget_w@rm,497.42
883269,1007,5603,tik_tok,2026-03-06 07:28:58,4.5,https://valuetainment.com/?utm_source=TikTok&utm_medium=Paid_Social&utm_campaign=VT_SUMMIT_LASTCALL,
536790,1010,5089,Meta,2026-03-07T00:32:00Z,1.72,https://valuetainment.com/?utm_campaign=pbd-cold-scale&utm_source=tiktok,794.1
525955,1010,5203,meta,2025-11-21 03:40:12,11.63,https://valuetainment.com/?utm_source=tik_tok&utm_campaign= pbd_cold_scale &utm_medium=Paid_Social,
125930,1011,5027,Google,2026-02-13T11:44:55Z,7.44,https://valuetainment.com/?utm_source=facebook&utm_campaign=consult dfy retgt&utm_medium=Paid_Social,206.26
477179,1002,5006,meta,04/23/2026 09:28,1.46,https://valuetainment.com/?utm_campaign=BRAND_GS_PROMO&utm_medium=paid&utm_source=tiktok,
980081,1005,5665,tik_tok,03/28/2026 12:40,4.48,https://valuetainment.com/?utm_campaign=pbd--retarget--warm!!&utm_source=google&utm_medium=cpc,678.75
575542,1002,5284,Google,2025-11-16 12:47:09,2.82,https://valuetainment.com/?utm_source=Google&utm_medium=Paid_Social&utm_campaign=brand_gs_promo,339.85
843172,1014,5025,Meta,2025-11-26T11:03:01Z,6.95,https://valuetainment.com/?utm_campaign=brand_protein_q2&utm_medium=Paid_Social&utm_source=Google,274.93
254518,1001,5284,META ,01/21/2026 22:28,11.43,https://valuetainment.com/?utm_campaign=pbdpodprospq1&utm_source=google,575.76
725550,1002,5006,Google,11/14/2025 21:53,9.23,https://valuetainment.com/?utm_source=google&utm_medium=ppc&utm_campaign=brand_gs,
600505,1013,5558,Google,04/02/2026 13:28,1.86,https://valuetainment.com/?utm_campaign=p@t_lib_bundle&utm_source=TikTok&utm_medium=CPC,
989727,1006,5890,Meta,2026-06-04T18:40:53Z,3.89,https://valuetainment.com/?utm_source=Google&utm_campaign=ceo_boot&utm_medium=ppc,279.3
618689,1003,5828,Meta,12/10/2025 01:44,3.58,https://valuetainment.com/?utm_source=meta&utm_campaign=vt summit earlybird&utm_medium=ppc,
234947,1006,5228,google,03/19/2026 12:19,7.86,https://valuetainment.com/?utm_campaign=ceo--bootcamp--prosp!!&utm_source=meta,
850246,1010,5890,google,2025-10-02 01:03:17,2.62,https://valuetainment.com/?utm_medium=ppc&utm_source=META&utm_campaign=pbd--cold--scale!!,659.9
903072,1001,5654,Google,2026-02-23 02:36:48,3.98,https://valuetainment.com/?utm_campaign=pbd pod prosp q1&utm_medium=Paid_Social,
246437,1004,5733,GOOGLE,2026-02-06 01:23:32,3.41,https://valuetainment.com/?utm_campaign=s@les_m@stery_lnch&utm_source=google&utm_medium=ppc,59.87
609916,1011,5754,META ,2026-06-04T21:42:09Z,4.74,https://valuetainment.com/?utm_campaign=Consult_dfy_retgt&utm_source=Google,
